fips,adu_wnh,cvap_wnh,adu_bnh,cvap_bnh,adu_his,cvap_his,adu_oth,cvap_oth,adu_tot,cvap_tot
01001,33740,33452,9025,9023,1534,1199,1617,1531,45916,45205
01003,164166,162778,15026,14780,9304,6809,6301,5962,194797,190329
01005,9305,9301,8942,8929,866,444,415,352,19528,19026
01007,13106,13105,3622,3623,522,199,441,422,17691,17349
01009,40285,40154,631,627,3923,2218,946,939,45785,43938
01011,1973,1949,5520,5518,375,186,125,121,7993,7774
01013,7608,7580,6214,6207,254,164,441,383,14517,14334
01015,65803,65598,19157,19077,3362,2077,2873,2699,91195,89451
01017,15293,15290,10096,10077,701,428,951,892,27041,26687
01019,19031,18787,901,905,302,243,484,465,20718,20400
01021,28094,28061,3389,3391,2806,1541,597,580,34886,33573
01023,5668,5637,3732,3722,92,85,446,441,9938,9885
01025,9370,9375,7760,7727,188,127,365,326,17683,17555
01027,9184,9180,1534,1533,312,299,188,155,11218,11167
01029,11107,11101,565,561,204,155,166,169,12042,11986
01031,29467,29056,6505,6509,3258,2458,2440,2276,41670,40299
01033,36033,36021,7201,7193,1268,941,1153,1120,45655,45275
01035,4691,4682,4016,4014,90,53,217,220,9014,8969
01037,5813,5815,2458,2457,62,33,171,173,8504,8478
01039,24595,24547,3456,3436,505,392,722,700,29278,29075
01041,7218,7218,2423,2425,209,123,286,261,10136,10027
01043,65054,64912,696,697,2746,1677,1755,1716,70251,69002
01045,26491,26395,7456,7345,2319,1914,1763,1681,38029,37335
01047,8154,8106,19190,19033,206,165,601,513,28151,27817
01049,44746,44567,791,794,7297,3327,2086,2050,54920,50738
01051,51565,51410,14701,14646,1981,1292,1964,1933,70211,69281
01053,17555,17537,8506,8503,545,496,1714,1704,28320,28240
01055,63458,63305,11686,11659,3088,1791,2293,2191,80525,78946
01057,10739,10738,1465,1464,129,129,308,312,12641,12643
01059,18498,18483,1046,1045,4026,2103,349,329,23919,21960
01061,17571,17525,1863,1864,903,672,645,647,20982,20708
01063,1119,1116,4646,4645,4,4,52,58,5821,5823
01065,4597,4597,6160,6158,122,105,366,360,11245,11220
01067,10044,10033,3465,3464,269,199,266,269,14044,13965
01069,56250,56140,21229,20986,3218,2048,2671,2375,83368,81549
01071,37684,37668,1317,1315,1138,740,1877,1787,42016,41510
01073,260475,258583,214106,212499,21203,9641,18787,14929,514571,495652
01075,9262,9228,1117,1115,147,141,135,132,10661,10616
01077,65521,65269,7093,6971,2119,1150,2513,2216,77246,75606
01079,19918,19907,2589,2589,603,418,2924,2908,26034,25822
01081,97395,96362,30190,29846,6598,3721,9012,5150,143195,135079
01083,65392,65110,12036,12038,4944,3559,4206,3644,86578,84351
01085,2025,2022,5563,5561,15,15,71,69,7674,7667
01087,2911,2898,12163,12121,261,195,470,428,15805,15642
01089,205595,203959,74588,73404,18001,12739,19816,16700,318000,306802
01091,6724,6711,7250,7250,397,247,329,322,14700,14530
01093,21161,21133,902,903,547,445,413,392,23023,22873
01095,60952,60903,1875,1522,8946,5049,2031,1949,73804,69423
01097,183013,181869,109345,109030,9741,7254,14453,12736,316552,310889
01099,8443,8440,6294,6291,44,26,505,513,15286,15270
01101,57091,56611,99976,99436,5754,3184,9242,5995,172063,165226
01103,72892,72483,11355,11344,7754,3882,3360,3171,95361,90880
01105,1922,1908,4328,4235,16,17,55,55,6321,6215
01107,8257,8236,5908,5886,660,230,315,305,15140,14657
01109,15170,15040,9478,9418,629,430,1355,872,26632,25760
01111,13771,13749,2800,2799,419,337,820,779,17810,17664
01113,20790,20711,20049,19969,2143,1955,1530,1459,44512,44094
01115,61839,61780,7341,7301,1859,1390,2189,2060,73228,72531
01117,135597,134831,23979,23767,10901,6616,7353,6379,177830,171593
01119,2621,2593,6474,6453,82,82,411,392,9588,9520
01121,41017,40820,19104,19083,1342,714,2852,2728,64315,63345
01123,23282,23257,7494,7484,731,361,1216,1086,32723,32188
01125,117495,116304,55774,55260,7981,5071,7682,5866,188932,182501
01127,44823,44783,2860,2857,1235,743,1056,996,49974,49379
01129,7926,7895,2863,2862,123,122,1201,1205,12113,12084
01131,2396,2386,5279,5257,2,1,241,240,7918,7884
01133,17665,17640,69,72,564,262,502,479,18800,18453
02013,623,526,103,58,282,208,1995,1703,3003,2495
02016,1195,937,396,357,661,424,2502,1828,4754,3546
02020,132829,130676,10915,10655,17953,16108,59281,54105,220978,211544
02050,1283,1261,214,217,132,139,10382,10272,12011,11889
02060,430,399,4,5,14,15,333,298,781,717
02063,4010,3996,87,53,289,291,1043,913,5429,5253
02066,1176,1176,4,8,71,72,684,676,1935,1932
02068,1253,1237,52,44,157,141,218,192,1680,1614
02070,561,470,30,31,105,100,2571,2525,3267,3126
02090,52070,51073,2958,2846,5434,5101,12375,11518,72837,70538
02100,1217,1221,10,11,55,44,342,287,1624,1563
02105,939,931,8,7,203,163,768,744,1918,1845
02110,17019,16903,178,178,1462,1286,6636,6092,25295,24459
02122,38339,38046,329,327,1791,1678,6674,6444,47133,46495
02130,7165,7139,60,63,534,530,3231,2962,10990,10694
02150,4870,4729,83,85,693,648,4101,3342,9747,8804
02158,167,160,94,79,104,99,4371,4358,4736,4696
02164,160,135,13,10,22,20,580,577,775,742
02170,67516,66934,1159,1126,3792,3669,11534,11196,84001,82925
02180,1096,1070,46,45,127,125,5272,5207,6541,6447
02185,3219,3151,128,99,345,328,4335,4128,8027,7706
02188,586,579,45,20,104,104,3931,3832,4666,4535
02195,1731,1686,33,33,285,271,726,624,2775,2614
02198,2164,2140,12,9,133,122,2203,2164,4512,4435
02220,4313,4273,24,28,410,309,2016,1704,6763,6314
02230,725,710,10,14,72,68,229,216,1036,1008
02240,3967,3792,57,55,356,346,966,943,5346,5136
02275,1032,1029,1,3,64,64,582,518,1679,1614
02282,128,84,25,28,40,41,268,240,461,393
02290,912,893,97,102,100,87,2721,2661,3830,3743
04001,9995,9977,405,331,2472,2438,35487,35223,48359,47969
04003,59348,58750,3248,3213,30979,26921,6103,5643,99678,94527
04005,66615,65802,1677,1601,16144,14295,31838,31028,116274,112726
04007,29429,29264,233,217,7007,6652,7101,7014,43770,43147
04009,15851,15834,650,646,8695,8233,3912,3905,29108,28618
04011,3241,3189,104,97,3119,2966,548,535,7012,6787
04012,8999,8882,263,259,3046,2279,1867,1753,14175,13173
04013,2043952,2007139,189987,178720,980186,757971,321366,262177,3535491,3206007
04015,145511,144205,1987,1926,27886,24558,9535,8910,184919,179599
04017,38044,37903,899,892,7753,6975,34358,34238,81054,80008
04019,477202,471263,28460,26682,278748,242216,68359,60375,852769,800536
04021,219656,215876,18971,18294,98502,83648,30968,29218,368097,347036
04023,6692,6542,68,64,28990,22753,572,473,36322,29832
04025,170194,168916,1239,1231,26990,21494,9276,8648,207699,200289
04027,55003,52798,2915,2812,95883,72812,5943,5436,159744,133858
05001,8940,8943,3202,3203,395,211,153,141,12690,12498
05003,9938,9926,3335,3333,751,441,264,249,14288,13949
05005,32925,32753,103,101,859,793,1012,1008,34899,34655
05007,165567,163986,3713,3344,37185,22615,19918,13383,226383,203328
05009,27605,27564,81,78,794,635,1074,994,29554,29271
05011,4407,4407,2090,2087,1031,507,178,175,7706,7176
05013,2844,2845,707,703,59,47,188,189,3798,3784
05015,17997,17927,92,92,2982,1551,1350,1115,22421,20685
05017,3200,3204,3904,3902,405,297,138,138,7647,7541
05019,11881,11828,3781,3778,713,506,507,512,16882,16624
05021,10643,10630,9,4,145,129,415,398,11212,11161
05023,19316,19283,74,77,491,362,534,531,20415,20253
05025,4983,4974,729,724,39,40,108,108,5859,5846
05027,10657,10649,5834,5769,518,360,543,543,17552,17321
05029,13279,13264,1946,1914,661,399,409,410,16295,15987
05031,64842,64656,12222,12178,4394,2674,3238,2710,84696,82218
05033,39346,39317,544,543,3480,2487,3135,3028,46505,45375
05035,14765,14707,16688,16687,897,527,2154,2030,34504,33951
05037,9236,9092,2032,2033,257,243,1091,804,12616,12172
05039,2714,2715,2100,2099,26,19,148,145,4988,4978
05041,3691,3689,3828,3831,509,192,65,65,8093,7777
05043,8938,8937,3483,3468,518,311,367,307,13306,13023
05045,79111,78509,11037,10910,4685,3268,3992,3423,98825,96110
05047,12345,12335,36,37,405,287,670,657,13456,13316
05049,9168,9127,41,43,218,220,328,304,9755,9694
05051,66757,66330,5661,5663,4719,3236,3075,2924,80212,78153
05053,13148,13134,421,420,465,443,364,275,14398,14272
05055,32775,32764,550,547,1083,977,898,721,35306,35009
05057,8113,8037,4228,4187,1787,789,446,411,14574,13424
05059,22113,22098,3043,3040,921,854,562,560,26639,26552
05061,6223,6183,1963,1966,921,547,241,187,9348,8883
05063,25587,25523,616,612,1852,960,837,713,28892,27808
05065,10608,10574,369,368,308,292,234,228,11519,11462
05067,10312,10266,2108,2110,368,281,587,589,13375,13246
05069,20131,20121,28216,28205,1119,609,1429,1324,50895,50259
05071,15884,15883,328,245,2349,1396,1143,805,19704,18329
05073,3067,3066,1831,1831,25,15,95,96,5018,5008
05075,11910,11854,142,137,231,180,330,326,12613,12497
05077,2930,2933,3611,3611,123,84,111,112,6775,6740
05079,6682,6672,3277,3276,511,246,443,437,10913,10631
05081,6827,6822,1788,1788,295,247,322,328,9232,9185
05083,15190,15168,260,258,498,476,737,670,16685,16572
05085,48626,48517,3408,3383,2630,1952,2018,1944,56682,55796
05087,11933,11931,18,17,719,407,705,610,13375,12965
05089,13176,13051,16,14,335,321,502,419,14029,13805
05091,22487,22466,7765,7764,1169,968,1041,1044,32462,32242
05093,17406,17401,9494,9498,1168,772,932,726,29000,28397
05095,2824,2825,1996,1995,76,41,139,117,5035,4978
05097,6313,6311,45,46,282,188,310,241,6950,6786
05099,4088,4088,1953,1952,236,216,74,64,6351,6320
05101,5424,5411,10,11,97,97,248,249,5779,5768
05103,9761,9755,6750,6748,353,237,310,311,17174,17051
05105,7284,7273,222,224,204,143,188,182,7898,7822
05107,4164,4164,6766,6755,85,85,382,182,11397,11186
05109,6806,6809,263,262,515,211,281,258,7865,7540
05111,14932,14916,783,785,526,380,845,844,17086,16925
05113,13337,13306,37,32,870,640,757,726,15001,14704
05115,41379,41287,1276,1207,4619,3234,2041,1923,49315,47651
05117,5484,5481,660,662,151,142,107,110,6402,6395
05119,162190,160433,108344,107890,20949,11411,15158,11986,306641,291720
05121,13060,13042,201,201,303,278,662,454,14226,13975
05123,7465,7364,9138,9133,696,434,348,344,17647,17275
05125,80937,80548,8308,8174,5544,3632,3048,2790,97837,95144
05127,6442,6435,19,19,507,435,627,504,7595,7393
05129,5853,5844,2,3,122,94,288,291,6265,6232
05131,69536,69419,5350,5301,13155,8112,10229,9421,98270,92253
05133,6677,6677,553,552,3503,2106,523,409,11256,9744
05135,13210,13210,58,60,295,196,586,561,14149,14027
05137,9544,9528,10,11,173,172,370,357,10097,10068
05139,17905,17814,9195,9196,1105,674,714,623,28919,28307
05141,12069,12049,71,64,391,248,392,375,12923,12736
05143,142509,141217,5978,5222,31095,17997,16882,11868,196464,176304
05145,53005,52812,2439,2433,2522,1744,1832,1696,59798,58685
05147,3356,3356,1186,1189,45,47,134,113,4721,4705
05149,11773,11746,221,222,2744,1817,559,533,15297,14318
06001,402988,384375,130344,123451,283425,197420,506439,378336,1323196,1083582
06003,841,841,1,0,133,117,325,315,1300,1273
06005,26995,26634,767,775,5092,4650,2188,2071,35042,34130
06007,116630,115227,3071,3034,29795,25030,15980,14346,165476,157637
06009,30677,30350,441,339,4903,4113,2393,2227,38414,37029
06011,5754,5696,249,248,9403,6126,661,606,16067,12676
06013,387137,374235,75355,73390,228166,163800,218352,181197,909010,792622
06015,14001,13953,682,661,3950,3279,2815,2706,21448,20599
06017,120358,118177,1279,1224,19550,16793,13840,12264,155027,148458
06019,226630,223653,32559,31701,372814,292089,102203,86548,734206,633991
06021,10970,10927,47,46,8509,5521,1347,1117,20873,17611
06023,81869,81238,1507,1446,13291,11196,12577,12023,109244,105903
06025,13836,13698,3385,3344,108011,83123,3912,3436,129144,103601
06027,9738,9562,56,57,2981,2487,2184,2084,14959,14190
06029,222938,219988,32464,31830,345061,254347,53120,44172,653583,550337
06031,35598,35227,7507,7390,60872,43739,8195,7449,112172,93805
06033,37735,37370,982,904,10894,8006,3609,3490,53220,49770
06035,15558,15430,1830,1821,5450,4433,1902,1633,24740,23317
06037,2153927,2026976,618312,600211,3549416,2583386,1467873,1183987,7789528,6394560
06039,41655,41073,3365,3342,65283,46748,6964,6464,117267,97627
06041,147995,142028,4616,4319,34604,21250,20767,17743,207982,185340
06043,11134,10860,154,154,1778,1305,1076,996,14142,13315
06045,48387,47925,442,443,16322,11611,6195,5452,71346,65431
06047,56520,54955,6021,5993,123100,87260,21231,17871,206872,166079
06049,5416,5342,51,35,962,721,533,509,6962,6607
06051,7525,7360,10,8,2535,1563,748,685,10818,9616
06053,104875,102647,8180,7772,181516,104983,30767,26334,325338,241736
06055,58741,57286,1967,1891,35049,25234,12886,11632,108643,96043
06057,72757,71671,340,338,7892,5942,4082,3630,85071,81581
06059,1017617,979288,40511,38408,787590,572359,654970,540890,2500688,2130945
06061,233054,228088,5802,5583,46100,40531,42913,36888,327869,311090
06063,13643,13483,174,174,1410,1348,856,816,16083,15821
06065,662861,644080,121194,118179,898216,721609,198959,170394,1881230,1654262
06067,551574,526487,114812,112090,268684,218491,294411,247188,1229481,1104256
06069,16602,16229,521,517,29698,23316,3454,3012,50275,43074
06071,459290,449520,130662,127568,854570,690325,192207,157907,1636729,1425320
06073,1214393,1176531,119420,114544,823125,655108,444523,369211,2601461,2315394
06075,282689,262426,34287,32655,106939,80005,292812,241308,716727,616394
06077,182672,179455,41588,40537,229847,169230,134406,110188,588513,499410
06079,162076,160340,3488,3409,50106,40333,16641,15527,232311,219609
06081,227583,213191,13525,12468,138255,96256,217882,172639,597245,494554
06083,161464,156667,6213,6117,145923,100257,30701,25299,344301,288340
06085,455742,420743,35101,31673,346262,249195,674867,463276,1511972,1164887
06087,128705,125356,1936,1878,66718,47665,18854,16158,216213,191057
06089,113774,112638,1236,1208,14601,12742,12676,11655,142287,138243
06091,2082,2083,8,6,241,151,17,16,2348,2256
06093,27255,27108,507,501,3926,3369,3086,2896,34774,33874
06095,131658,129786,46345,45387,93334,69902,81751,71905,353088,316980
06097,251418,247362,5938,5312,102611,70912,32674,28803,392641,352389
06099,168619,165709,11172,10750,186339,139409,40480,34092,406610,349960
06101,34074,33859,1311,1240,21692,15349,16905,13740,73982,64188
06103,34136,34067,334,319,12064,8352,2935,2920,49469,45658
06105,10948,10816,418,417,720,672,1049,1010,13135,12915
06107,101102,99354,4594,4412,210752,153160,19824,16905,336272,273831
06109,36262,35922,991,961,5487,5172,2451,2261,45191,44316
06111,307074,300972,11835,11538,265156,199987,70696,60949,654761,573446
06113,80820,78068,4349,4267,53444,43153,37669,28807,176282,154295
06115,33708,33553,2608,2556,16913,13716,8312,7759,61541,57584
08001,202147,199914,13012,11837,154627,113617,28605,24129,398391,349497
08003,6201,6170,229,235,5669,5220,543,486,12642,12111
08005,309274,304242,52342,46495,97118,69799,52047,41780,510781,462316
08007,9380,9270,13,15,1616,1365,568,570,11577,11220
08009,2278,2238,13,15,247,194,123,117,2661,2564
08011,2711,2698,180,179,1430,1363,335,304,4656,4544
08013,213621,208630,2141,2048,34278,28883,21206,16806,271246,256367
08014,46257,45286,813,737,7709,6604,5911,4634,60690,57261
08015,14761,14678,247,250,1582,1471,784,693,17374,17092
08017,1098,1096,30,29,141,101,88,92,1357,1318
08019,7103,7077,9,10,470,458,307,310,7889,7855
08021,2538,2534,0,1,2886,2759,201,196,5625,5490
08023,1148,1134,35,36,1580,1496,174,149,2937,2815
08025,2767,2759,341,338,1404,1346,403,405,4915,4848
08027,4143,4093,3,1,166,162,214,217,4526,4473
08029,21521,21385,166,166,3154,2953,730,694,25571,25198
08031,352156,346050,49178,45886,144631,108927,43397,37099,589362,537962
08033,1785,1785,2,0,156,157,151,137,2094,2079
08035,232515,229710,4241,3857,27328,24775,24767,18481,288851,276823
08037,30638,30392,433,423,11599,7302,1195,990,43865,39107
08039,19217,19179,173,171,1789,1568,777,783,21956,21701
08041,403163,398692,32795,31415,92636,81598,42681,38765,571275,550470
08043,33116,33009,1546,1525,5340,5034,1699,1557,41701,41125
08045,32582,32121,360,330,12981,8585,1214,1150,47137,42186
08047,4307,4252,153,151,295,285,182,186,4937,4874
08049,11780,11580,31,31,1118,905,435,421,13364,12937
08051,12788,12682,78,65,1183,1052,578,556,14627,14355
08053,726,723,2,1,19,20,73,75,820,819
08055,4008,4007,0,1,1617,1603,258,262,5883,5873
08057,1009,1008,21,18,106,102,5,10,1141,1138
08059,373191,369943,4979,4613,67959,60102,26282,23129,472411,457787
08061,913,912,0,2,120,81,46,44,1079,1039
08063,4162,4160,3,5,852,639,171,158,5188,4962
08065,3964,3952,4,7,1761,1121,282,281,6011,5361
08067,37648,37519,108,103,5014,4597,3693,3564,46463,45783
08069,248911,246943,3192,2947,33136,28719,14787,12268,300026,290877
08071,6843,6761,186,184,4294,4135,499,440,11822,11520
08073,3340,3327,304,302,757,662,183,185,4584,4476
08075,13217,13140,680,651,2689,2322,549,523,17135,16636
08077,104406,103713,778,733,16724,14531,4282,3826,126190,122803
08079,577,578,2,1,44,44,24,20,647,643
08081,8177,8152,7,7,1415,1087,411,385,10010,9631
08083,15865,15812,160,23,2152,2074,2767,2721,20944,20630
08085,27425,27267,185,183,6361,4845,1060,1035,35031,33330
08087,13006,13005,850,711,7502,5557,794,774,22152,20047
08089,8091,8067,158,157,5395,5028,445,427,14089,13679
08091,4068,3992,12,13,236,237,134,112,4450,4354
08093,13561,13463,169,152,1050,1021,573,560,15353,15196
08095,2478,2471,2,1,844,535,28,30,3352,3037
08097,12370,12209,81,83,1476,1048,573,475,14500,13815
08099,5317,5302,41,37,3164,2749,280,279,8802,8367
08101,73853,73388,2696,2577,51588,48530,4315,3929,132452,128424
08103,4237,4207,0,1,504,336,212,186,4953,4730
08105,5265,5240,37,39,3367,3044,370,358,9039,8681
08107,18441,18288,45,41,1582,1022,705,694,20773,20045
08109,3267,3192,0,2,1771,1674,366,364,5404,5232
08111,506,493,1,0,102,58,21,26,630,577
08113,5772,5690,84,83,449,292,239,235,6544,6300
08115,1406,1397,23,21,278,242,85,78,1792,1738
08117,21335,21157,119,104,3563,2417,952,735,25969,24413
08119,18427,18328,169,127,1364,1353,972,976,20932,20784
08121,3228,3228,40,40,381,292,111,98,3760,3658
08123,175292,174184,3252,2754,72193,58072,10387,9008,261124,244018
08125,5231,5199,18,19,1769,801,186,181,7204,6200
09110,506087,494393,90591,80488,121511,108106,62076,43450,780265,726437
09120,146063,138506,30853,25665,62788,46251,16778,12653,256482,223075
09130,121932,120400,6377,5936,9664,7791,8483,7205,146456,141332
09140,237156,230478,39674,36401,62430,52729,23456,19408,362716,339016
09150,70862,70065,1194,1061,3124,2797,3376,3105,78556,77028
09160,79974,78582,2300,2075,6754,4733,4014,3354,93042,88744
09170,292485,285243,59917,56235,76630,61934,29942,22382,458974,425794
09180,169851,168158,11785,10641,28455,23697,15758,13759,225849,216255
09190,312931,297241,49160,43927,90605,57549,37885,26967,490581,425684
10001,86906,86442,37926,36080,10015,8774,10035,8817,144882,140113
10003,259023,256398,111193,106239,45745,33860,39303,28500,455264,424997
10005,164100,162895,19580,18970,17556,9694,8136,7444,209372,199003
11001,224574,214937,224301,216503,58691,37788,46412,37409,553978,506637
12001,143634,139911,40675,39514,29176,25715,21226,16167,234711,221307
12003,17088,17069,2616,2613,823,742,1009,971,21536,21395
12005,112112,110917,15011,13484,11671,7836,8217,7420,147011,139657
12007,16410,16370,3641,3540,1061,989,1060,1046,22172,21945
12009,386031,380911,47786,44573,57754,51569,26955,23951,518526,501004
12011,547649,504738,415078,357323,509803,377488,94262,75790,1566792,1315339
12013,8372,8339,1401,1365,537,411,514,431,10824,10546
12015,150238,147375,8483,7340,12886,10883,5808,5256,177415,170854
12017,121510,120358,2783,2685,8662,8070,5579,5074,138534,136187
12019,125369,124514,20711,19924,18681,16731,10825,9292,175586,170461
12021,223040,215278,18761,14299,82308,51846,9267,7561,333376,288984
12023,40973,40771,9123,9036,3948,3183,1839,1599,55883,54589
12027,17012,16808,3558,3385,7926,5301,540,541,29036,26035
12029,11686,11562,1001,1003,646,613,672,666,14005,13844
12031,422307,413165,216830,210005,90315,71333,64648,54739,794100,749242
12033,170793,169483,50823,50134,16404,12502,19815,17671,257835,249790
12035,80418,79143,9447,9192,11403,9621,4926,4234,106194,102190
12037,8716,8683,1196,1183,533,305,166,177,10611,10348
12039,11979,11970,17608,17567,3463,2181,1018,1018,34068,32736
12041,13180,13156,423,409,1013,678,387,344,15003,14587
12043,6277,6243,1656,1657,2536,1686,432,415,10901,10001
12045,9887,9855,1924,1875,573,362,469,466,12853,12558
12047,6230,6225,3212,3214,1021,802,352,335,10815,10576
12049,9935,9902,1491,1462,7301,5573,673,580,19400,17517
12051,9860,9726,3159,3089,17787,11749,1007,604,31813,25168
12053,128245,126346,7881,7524,26295,24116,6245,5475,168666,163461
12055,60311,59806,7593,6762,17361,14051,2805,2442,88070,83061
12057,582009,567526,179865,170295,345816,262189,85870,66213,1193560,1066223
12059,13313,13279,1052,1052,504,439,651,620,15520,15390
12061,109635,108541,9836,9018,17053,14480,5327,4802,141851,136841
12063,25859,25745,9996,9961,1971,1736,1289,1286,39115,38728
12065,7864,7830,3431,3417,575,462,631,619,12501,12328
12067,4682,4683,1200,1196,742,328,124,119,6748,6326
12069,229407,225862,34256,32451,56600,47518,14197,12615,334460,318446
12071,459149,445721,47399,41536,148404,99742,22400,19204,677352,606203
12073,136867,135412,71393,70223,19149,16701,15077,11253,242486,233589
12075,29137,28981,2884,2880,3324,2651,1246,1180,36591,35692
12077,4709,4713,843,812,388,255,238,234,6178,6014
12079,8372,8337,5205,5177,941,698,379,313,14897,14525
12081,259348,252576,25405,23593,54956,37474,14900,12883,354609,326526
12083,226993,224406,35470,34033,50093,42031,12479,10526,325035,310996
12085,108535,106844,6234,5970,17580,12305,3695,3412,136044,128531
12086,279250,246921,299530,266007,1554131,1092513,57364,44668,2190275,1650109
12087,47205,45814,4052,3070,15695,12233,2075,1712,69027,62829
12089,68016,67604,4576,4564,4033,3550,2311,2108,78936,77826
12091,123407,120784,15234,14421,16480,12262,12556,11472,167677,158939
12093,21237,20960,2393,2386,7313,5133,1149,1009,32092,29488
12095,469729,440260,217574,189982,377646,295875,92345,75136,1157294,1001253
12097,98766,92809,33336,29194,177126,141648,16135,13028,325363,276679
12099,690777,662521,210837,174231,283224,193249,59852,48697,1244690,1078698
12101,347783,341458,29078,27660,83375,70469,27431,21914,487667,461501
12103,614320,597900,71103,69085,82110,68845,47366,41753,814899,777583
12105,343921,338063,85028,78380,163611,131550,24185,21051,616745,569044
12107,43805,43425,8245,8182,5547,4144,1614,1501,59211,57252
12109,194833,191564,11808,11647,20639,18174,13460,10933,240740,232318
12111,162727,159621,57132,51137,58139,48108,11601,9861,289599,268727
12113,126557,125838,9216,8832,9818,8668,9634,8657,155225,151995
12115,331398,322973,14163,13652,36496,28262,13167,11546,395224,376433
12117,223135,218333,43132,41197,87586,76216,28700,22029,382553,357775
12119,114785,113718,7867,7796,7379,5988,3132,2950,133163,130452
12121,27116,27036,3450,3398,3693,2578,1614,1566,35873,34578
12123,12690,12611,3022,2894,827,550,602,574,17141,16629
12125,8575,8501,2075,2032,628,511,1005,1003,12283,12047
12127,343439,337843,46130,43758,70312,62408,18918,16124,478799,460133
12129,21961,21897,3904,3862,1326,987,883,856,28074,27602
12131,55175,54500,2758,2703,4768,3141,2896,2768,65597,63112
12133,15959,15911,2875,2848,761,614,823,795,20418,20168
13001,9909,9852,2523,2522,1194,596,359,355,13985,13325
13003,3546,3544,1007,1007,1545,590,132,134,6230,5275
13005,6366,6368,1117,1116,527,334,306,213,8316,8031
13007,1216,1209,819,818,118,16,189,187,2342,2230
13009,19314,19206,14036,13882,942,676,1313,1166,35605,34930
13011,13269,13252,347,342,949,503,581,489,15146,14586
13013,44638,44454,9514,9224,9088,6053,4053,3560,67293,63291
13015,66927,66599,9219,9181,7848,5967,2839,2406,86833,84153
13017,7337,7301,4687,4666,698,419,191,154,12913,12540
13019,11475,11388,1654,1651,700,635,234,222,14063,13896
13021,45711,45534,62316,62145,4668,3233,5682,4543,118377,115455
13023,6940,6934,2465,2457,312,288,190,154,9907,9833
13025,12935,12931,587,566,570,546,390,369,14482,14412
13027,7565,7485,3998,4000,898,759,573,538,13034,12782
13029,24688,24524,4816,4664,2621,2526,2075,1864,34200,33578
13031,42797,42605,17649,17417,2918,1860,2769,2563,66133,64445
13033,9332,9303,8131,8135,578,440,423,420,18464,18298
13035,13851,13855,5242,5243,683,588,1269,1264,21045,20950
13037,1572,1575,2705,2688,226,97,155,143,4658,4503
13039,30802,30731,7201,7086,2944,2710,2307,2143,43254,42670
13043,5185,5178,1861,1826,956,544,305,256,8307,7804
13045,66733,66455,16879,16468,7001,3587,4344,3929,94957,90439
13047,48250,48085,695,696,1898,1464,2740,2643,53583,52888
13049,5671,5655,2697,2697,1443,1346,461,466,10272,10164
13051,118422,116635,89437,87324,17215,11920,13578,10630,238652,226509
13053,3889,3877,1707,1618,1371,1351,610,585,7577,7431
13055,16206,16186,2018,2017,873,417,438,424,19535,19044
13057,168249,165235,15355,14065,23630,14366,9797,8070,217031,201736
13059,63930,62808,25817,25322,10448,6239,7730,5658,107925,100027
13061,901,900,1354,1352,0,2,33,34,2288,2288
13063,20214,20027,153690,149921,27034,15850,17906,14771,218844,200569
13065,3474,3477,1043,1041,422,98,146,131,5085,4747
13067,308874,301061,162641,153887,77962,46854,50763,38746,600240,540548
13069,19100,19085,9096,9039,3739,1956,774,675,32709,30755
13071,19876,19807,7645,7638,6103,2921,742,691,34366,31057
13073,80360,79354,23572,23334,8775,7225,9370,7876,122077,117789
13075,8485,8488,3577,3577,780,496,233,174,13075,12735
13077,81994,81273,21393,20431,8795,6583,5389,4367,117571,112654
13079,7099,7096,2119,2115,308,194,149,162,9675,9567
13081,8018,8019,6324,6150,491,391,288,260,15121,14820
13083,12108,12066,145,127,358,321,329,279,12940,12793
13085,21477,21444,381,350,1480,993,726,609,24064,23396
13087,11303,11291,8873,8873,1368,660,589,584,22133,21408
13089,181929,178000,305846,291270,50667,25678,52870,38302,591312,533250
13091,10508,10459,4876,4879,514,280,197,192,16095,15810
13093,4057,4048,4308,4307,644,316,266,268,9275,8939
13095,16129,16106,43525,43445,1725,931,1686,1391,63065,61873
13097,38576,38160,54971,53529,11449,7939,5444,5010,110440,104638
13099,3763,3748,4001,4005,60,27,194,189,8018,7969
13101,1709,1712,229,227,498,311,153,0,2589,2248
13103,38807,38638,7644,7552,2904,1917,1529,1376,50884,49483
13105,10167,10169,3579,3577,722,462,1002,948,15470,15156
13107,10529,10491,5281,5283,667,351,817,822,17294,16947
13109,4735,4737,2258,2186,760,501,301,285,8054,7709
13111,20473,20405,85,85,572,378,624,614,21754,21482
13113,55935,55395,24325,23649,7146,5177,7337,4930,94743,89151
13115,56095,55966,9974,9910,7896,4971,3121,2749,77086,73596
13117,131221,127528,8215,7750,18449,12303,40631,23127,198516,170708
13119,15791,15673,1588,1583,819,401,656,526,18854,18183
13121,341831,330667,355563,345683,62293,43780,92163,64952,851850,785082
13123,23299,23146,89,89,2428,1808,674,650,26490,25693
13125,2007,2010,127,124,48,47,92,88,2274,2269
13127,45072,44830,15938,15664,4221,2606,2437,2166,67668,65266
13129,35701,35596,1836,1827,6495,4212,1395,1319,45427,42954
13131,11860,11809,5571,5572,1905,764,340,338,19676,18483
13133,10678,10616,4677,4654,923,563,372,350,16650,16183
13135,245631,239232,203843,190490,154396,81392,120838,89063,724708,600177
13137,29632,29522,1487,1482,4832,2328,1413,1082,37364,34414
13139,103061,102306,11870,11266,40312,20781,6822,5905,162065,140258
13141,2233,2232,5020,5020,57,10,153,145,7463,7407
13143,21546,21537,1153,1146,570,537,586,490,23855,23710
13145,21402,21376,4782,4771,1198,1129,961,895,28343,28171
13147,16429,16367,3458,3452,732,237,841,793,21460,20849
13149,7731,7732,724,726,189,184,415,398,9059,9040
13151,65911,65370,95571,93423,13553,10996,12306,10920,187341,180709
13153,69302,68606,40771,40302,8371,6061,7879,6844,126323,121813
13155,4953,4955,1591,1591,439,370,192,183,7175,7099
13157,49607,49456,4873,4836,6060,4385,2935,2670,63475,61347
13159,9363,9341,2044,2045,506,260,293,298,12206,11944
13161,7975,7971,1401,1402,1220,537,502,506,11098,10416
13163,5228,5125,6103,6102,446,187,104,110,11881,11524
13165,3939,3929,2624,2621,592,408,62,54,7217,7012
13167,4752,4752,2414,2415,140,95,249,246,7555,7508
13169,15539,15437,5670,5668,387,336,554,540,22150,21981
13171,10366,10332,4200,4149,656,576,348,306,15570,15363
13173,5259,5250,1812,1816,613,415,234,113,7918,7594
13175,22240,22239,13266,13210,982,653,1078,693,37566,36795
13177,17036,17009,5924,5767,763,694,1301,1106,25024,24576
13179,19043,18676,20331,20188,5619,5190,3672,3190,48665,47244
13181,4437,4415,1693,1620,90,54,163,131,6383,6220
13183,7418,7329,3239,3241,1568,1277,1075,1042,13300,12889
13185,49014,48688,32264,32076,5445,4354,3765,3124,90488,88242
13187,25866,25814,594,589,1449,1168,743,737,28652,28308
13189,9268,9157,6146,6149,470,452,464,469,16348,16227
13191,6198,6198,2756,2750,245,235,404,405,9603,9588
13193,3272,3271,5696,5695,374,141,387,341,9729,9448
13195,19662,19613,2197,2190,1336,824,951,911,24146,23538
13197,3592,3502,1653,1657,401,160,343,279,5989,5598
13199,9850,9834,6209,6208,108,106,376,366,16543,16514
13201,3099,3075,1169,1172,146,90,122,102,4536,4439
13205,7835,7830,7425,7418,686,421,289,283,16235,15952
13207,17125,17092,5276,5222,594,512,400,321,23395,23147
13209,4522,4512,1700,1679,442,353,228,213,6892,6757
13211,12296,12265,3313,3289,501,369,310,207,16420,16130
13213,25880,25865,251,250,4225,2725,653,609,31009,29449
13215,61568,61034,70785,70414,11291,9632,9279,8046,152923,149126
13217,37038,36801,41730,40747,5152,3538,4361,3742,88281,84828
13219,27154,27023,1248,1132,1635,1267,2213,1727,32250,31149
13221,9140,9120,1867,1856,703,329,466,467,12176,11772
13223,86201,85674,31210,29988,10539,7841,5383,4234,133333,127737
13225,10212,10197,9699,9657,1849,1124,725,709,22485,21687
13227,26361,26255,153,154,994,678,889,784,28397,27871
13229,12873,12875,1417,1417,640,406,290,290,15220,14988
13231,13259,13193,1449,1435,349,298,232,181,15289,15107
13233,24375,24367,3930,3931,3674,1950,813,519,32792,30767
13235,5242,5215,2439,2399,363,215,160,119,8204,7948
13237,12629,12600,4036,3917,1017,619,733,615,18415,17751
13239,864,864,1045,1041,16,23,21,19,1946,1947
13241,12915,12867,136,130,1063,634,386,242,14500,13873
13243,1346,1344,3030,3032,96,93,48,43,4520,4512
13245,54737,54138,87747,86988,8211,7096,8163,7158,158858,155380
13247,19927,19755,42478,42014,6407,3661,3886,3372,72698,68802
13249,2782,2780,526,517,66,60,27,36,3401,3393
13251,6417,6393,4253,4256,231,188,289,283,11190,11120
13253,4725,4714,2333,2333,162,134,100,78,7320,7259
13255,30632,30575,17992,17915,2689,1850,1443,1142,52756,51482
13257,17573,17548,1914,1893,841,392,923,918,21251,20751
13259,1092,1082,2870,2863,205,107,107,114,4274,4166
13261,9433,9387,11089,11067,1118,590,910,774,22550,21818
13263,2053,2048,2508,2507,36,34,200,204,4797,4793
13265,487,490,691,689,38,30,50,52,1266,1261
13267,11469,11400,5365,5360,1728,1059,776,704,19338,18523
13269,3778,3732,2334,2334,31,29,106,93,6249,6188
13271,4757,4733,3426,3421,1642,1032,100,102,9925,9288
13273,2719,2720,3940,3936,158,93,57,63,6874,6812
13275,20810,20767,12023,11911,1108,774,1041,928,34982,34380
13277,17815,17784,9005,9000,3338,1949,1007,659,31165,29392
13279,12478,12307,4485,4486,2049,1007,969,853,19981,18653
13281,10534,10447,186,184,341,267,233,229,11294,11127
13283,3283,3224,1470,1468,51,43,180,182,4984,4917
13285,30280,30149,18358,18282,2060,1159,2408,1600,53106,51190
13287,3804,3807,2320,2305,312,234,263,250,6699,6596
13289,3574,3574,2411,2416,76,15,277,246,6338,6251
13291,20897,20811,182,178,755,529,547,456,22381,21974
13293,14787,14780,5616,5615,539,460,690,671,21632,21526
13295,49042,48930,1700,1693,1318,1069,2147,2019,54207,53711
13297,56324,55918,14043,13623,4325,3236,3937,3728,78629,76505
13299,17421,17349,7742,7619,1091,631,790,562,27044,26161
13301,1713,1709,2205,2210,59,56,141,137,4118,4112
13303,6833,6831,8142,8122,317,188,313,312,15605,15453
13305,16989,16933,4476,4477,1367,697,703,550,23535,22657
13307,888,889,1042,1044,93,27,18,19,2041,1979
13309,3424,3412,2382,2371,249,225,129,132,6184,6140
13311,21494,21453,500,503,705,496,538,528,23237,22980
13313,46716,46634,2782,2750,25856,15392,2497,2094,77851,66870
13315,4236,4237,2438,2429,215,125,241,236,7130,7027
13317,4134,4107,2905,2908,371,210,216,206,7626,7431
13319,3974,3976,2514,2509,220,147,125,121,6833,6753
13321,10964,10943,3876,3877,335,250,730,707,15905,15777
15001,57154,55152,1507,1481,14556,13473,90113,82371,163330,152477
15003,149337,144717,18644,17934,60187,58409,566951,508398,795119,729458
15005,15,15,1,0,5,11,45,44,66,70
15007,18826,18349,492,495,4725,4558,34053,30350,58096,53752
15009,43949,42027,1073,978,11099,10179,73895,65620,130016,118804
16001,341898,339096,4432,3480,34902,30037,23511,19472,404743,392085
16003,3585,3587,9,9,113,97,210,207,3917,3900
16005,56239,55941,624,507,5756,5302,4364,3744,66983,65494
16007,4585,4571,0,0,189,163,61,52,4835,4786
16009,6883,6869,23,25,238,239,760,755,7904,7888
16011,27035,26982,58,60,5508,4057,2605,2580,35206,33679
16013,15910,15742,79,76,3728,2081,456,434,20173,18333
16015,6313,6274,15,4,273,257,396,390,6997,6925
16017,38159,37990,146,149,1323,1059,1426,1387,41054,40585
16019,76070,75808,397,373,11252,8867,3201,2949,90920,87997
16021,8930,8830,44,2,519,364,606,416,10099,9612
16023,1841,1830,0,0,146,97,39,30,2026,1957
16025,709,710,3,4,89,81,26,19,827,814
16027,133999,132679,1311,1078,41405,31964,7035,6669,183750,172390
16029,4757,4760,9,10,376,138,128,118,5270,5026
16031,12281,12173,67,67,4779,3293,478,465,17605,15998
16033,399,399,0,0,208,82,0,0,606,479
16035,6922,6845,17,15,294,268,436,409,7669,7537
16037,3515,3515,11,14,112,87,211,198,3849,3814
16039,16465,16256,579,578,3545,2611,1631,1350,22220,20795
16041,9533,9527,17,14,706,610,207,197,10463,10348
16043,9144,9143,21,24,1189,831,249,244,10603,10242
16045,14108,13898,0,3,1294,902,688,661,16090,15464
16047,8196,8170,7,4,3187,1822,340,331,11730,10327
16049,12730,12713,13,11,479,392,756,728,13978,13844
16051,19597,19511,13,13,2211,1584,611,596,22432,21704
16053,11226,11179,25,25,6053,3109,408,406,17712,14719
16055,128015,127296,484,478,7001,6719,5841,5517,141341,140010
16057,29413,29060,400,353,1573,1514,1914,1584,33300,32511
16059,6311,6310,5,9,324,304,211,200,6851,6823
16061,2472,2470,21,19,100,97,282,272,2875,2858
16063,2665,2653,23,22,1153,628,124,118,3965,3421
16065,37066,36256,525,315,3962,3243,2012,1485,43565,41299
16067,10040,10041,8,8,5391,4090,502,498,15941,14637
16069,29802,29724,65,42,1185,1175,2581,2520,33633,33461
16071,3223,3221,14,19,136,118,106,102,3479,3460
16073,6861,6829,24,26,2111,1183,450,452,9446,8490
16075,16160,16084,28,29,2984,2357,769,747,19941,19217
16077,3784,3682,37,38,1672,1177,217,214,5710,5111
16079,9982,9918,107,109,388,373,451,413,10928,10813
16081,7985,7932,0,0,1473,636,195,192,9653,8760
16083,55168,54984,447,231,10841,7825,2607,2247,69063,65287
16085,9417,9417,5,5,425,333,215,218,10062,9973
16087,7021,6993,33,32,1286,911,327,325,8667,8261
17001,46252,46155,1544,1539,886,797,1493,1386,50175,49877
17003,2494,2486,1211,1213,24,22,103,98,3832,3819
17005,11852,11839,1016,1021,274,226,612,567,13754,13653
17007,29522,29294,1046,1046,9055,6506,957,887,40580,37733
17009,3730,3728,1133,1120,361,313,34,42,5258,5203
17011,22995,22952,217,216,2251,1950,605,534,26068,25652
17013,3341,3341,54,55,36,35,35,34,3466,3465
17015,11359,11335,606,604,640,480,209,166,12814,12585
17017,7248,7248,332,140,1826,964,259,112,9665,8464
17019,112225,109530,20096,18638,11813,8837,24743,13732,168877,150737
17021,24968,24941,572,571,829,732,689,647,27058,26891
17023,11356,11285,68,73,191,161,240,229,11855,11748
17025,9601,9595,40,39,57,61,244,230,9942,9925
17027,26438,26416,1083,1085,976,619,476,445,28973,28565
17029,34515,34231,1371,1299,1240,1176,1104,932,38230,37638
17031,1776684,1686786,889343,869933,1003069,718661,420792,315505,4089888,3590885
17033,13287,13278,628,629,380,345,468,456,14763,14708
17035,7709,7714,18,19,26,18,266,258,8019,8009
17037,59453,59183,5029,4844,9765,7709,4735,3956,78982,75692
17039,11434,11411,95,59,351,315,209,213,12089,11998
17041,13359,13294,148,144,1145,834,241,221,14893,14493
17043,478674,462931,34092,32380,103510,74613,107675,81727,723951,651651
17045,12797,12780,106,106,167,118,194,192,13264,13196
17047,4557,4544,8,8,62,54,110,108,4737,4714
17049,25096,25009,45,37,622,428,492,476,26255,25950
17051,14899,14862,671,674,509,479,881,859,16960,16874
17053,9554,9540,39,40,423,261,261,252,10277,10093
17055,27823,27738,127,126,533,458,601,520,29084,28842
17057,24344,24311,954,942,700,571,570,514,26568,26338
17059,3709,3706,19,20,19,17,86,82,3833,3825
17061,8907,8904,49,44,42,46,112,108,9110,9102
17063,34447,34215,962,918,4186,3949,686,615,40281,39697
17065,5904,5888,18,15,28,28,238,240,6188,6171
17067,13001,12988,142,140,287,161,213,200,13643,13489
17069,2971,2971,45,46,23,27,31,25,3070,3069
17071,4833,4829,19,17,52,52,142,137,5046,5035
17073,34654,34645,481,474,2208,1966,781,732,38124,37817
17075,18708,18688,189,187,1425,988,424,369,20746,20232
17077,32065,31610,5898,5827,2063,1742,3042,1987,43068,41166
17079,6872,6832,5,6,96,77,137,120,7110,7035
17081,24773,24753,1602,1601,694,513,1338,1260,28407,28127
17083,16263,16216,115,101,245,196,443,411,17066,16924
17085,16871,16802,132,134,567,484,307,300,17877,17720
17087,8794,8789,1024,1021,362,274,712,717,10892,10801
17089,232391,229086,18788,18103,118381,81916,24130,20373,393690,349478
17091,60096,59846,11218,11121,8806,6662,2240,2060,82360,79689
17093,65699,64378,7525,7304,20792,16443,6420,5416,100436,93541
17095,32801,32578,2877,2703,2180,1901,1282,929,39140,38111
17097,333794,325759,35071,33630,120705,82658,58349,42835,547919,484882
17099,73583,73472,2301,2238,8105,6559,1705,1433,85694,83702
17101,10109,10100,864,863,309,222,955,915,12237,12100
17103,23165,23138,1674,1665,1806,1456,568,498,27213,26757
17105,24768,24738,1153,1143,1368,1121,474,394,27763,27396
17107,19261,19211,1359,1354,731,685,1024,921,22375,22171
17109,19278,19270,1183,1098,700,598,910,646,22071,21612
17111,193895,191677,3561,3327,33288,23503,10760,9201,241504,227708
17113,107812,107172,10593,10177,7496,5531,9264,5436,135165,128316
17115,61334,61073,11655,11556,1891,1404,3903,3467,78783,77500
17117,33788,33731,495,495,406,375,523,461,35212,35062
17119,176997,176702,14785,14638,7633,6328,8474,7963,207889,205631
17121,26095,26075,809,799,482,300,928,872,28314,28046
17123,8763,8749,42,37,277,225,186,184,9268,9195
17125,9692,9694,66,65,139,135,201,182,10098,10076
17127,9756,9741,716,719,211,106,229,221,10912,10787
17129,9078,9039,34,32,107,102,234,238,9453,9411
17131,11596,11590,91,91,370,338,209,198,12266,12217
17133,26332,26284,145,144,496,443,413,368,27386,27239
17135,20565,20535,855,859,455,452,443,407,22318,22253
17137,23760,23733,1532,1533,699,646,776,729,26767,26641
17139,10454,10416,126,130,103,87,112,109,10795,10742
17141,34881,34676,422,426,4092,3246,669,577,40064,38925
17143,98485,97575,21625,20790,6879,5268,9688,7444,136677,131077
17145,14139,14087,1518,1514,627,562,377,368,16661,16531
17147,12540,12543,134,132,193,114,222,203,13089,12992
17149,10630,10586,87,85,208,180,193,174,11118,11025
17151,2914,2899,154,151,70,68,63,65,3201,3183
17153,2512,2513,1323,1321,44,41,103,100,3982,3975
17155,4166,4159,20,19,249,244,63,65,4498,4487
17157,20662,20579,2215,2211,763,410,358,313,23998,23513
17159,11488,11485,48,45,198,126,281,242,12015,11898
17161,80989,80500,10528,9400,13605,10774,5544,4201,110666,104875
17163,123149,122605,53032,52861,8423,6877,10677,9467,195281,191810
17165,17046,17046,578,578,356,279,434,399,18414,18302
17167,123920,123506,17647,16982,3887,3269,6850,5496,152304,149253
17169,5083,5077,253,251,134,129,161,167,5631,5624
17171,3781,3776,8,10,52,55,66,43,3907,3884
17173,15832,15800,44,45,165,136,267,254,16308,16235
17175,3931,3901,48,47,96,85,87,67,4162,4100
17177,29076,28996,2815,2819,1436,1075,1144,1058,34471,33948
17179,95477,95326,1574,1528,2439,2244,2216,1766,101706,100864
17181,12278,12255,131,135,610,455,360,354,13379,13199
17183,44643,44553,7129,7131,2573,2379,1084,1045,55429,55108
17185,8246,8240,38,38,186,116,319,296,8789,8690
17187,10844,10813,330,237,1167,809,415,245,12756,12104
17189,10381,10361,77,77,140,128,190,182,10788,10748
17191,11869,11868,38,43,234,37,240,174,12381,12122
17193,10276,10270,83,74,155,143,145,133,10659,10620
17195,36514,36444,519,500,5017,4437,829,762,42879,42143
17197,334067,327775,62732,60702,95095,72788,44004,36369,535898,497634
17199,47314,47286,2287,2247,1335,1110,1714,1389,52650,52032
17201,151381,149782,23158,22069,28369,21620,13854,11876,216762,205347
17203,27898,27699,207,210,519,425,529,515,29153,28849
18001,23239,23151,41,45,1153,987,460,443,24893,24626
18003,217589,216376,30115,29511,22306,15317,22737,17582,292747,278786
18005,51630,51168,1343,1142,4399,2461,6062,2444,63434,57215
18007,6017,6004,41,43,397,252,136,132,6591,6431
18009,8884,8827,66,67,156,101,123,107,9229,9102
18011,48877,48541,1578,1582,2186,1881,3010,2197,55651,54201
18013,12366,12325,8,9,283,285,351,323,13008,12942
18015,15122,15092,37,34,632,534,272,279,16063,15939
18017,23083,23086,352,229,4453,2698,1112,790,29000,26803
18019,80476,80090,6889,6684,5508,3483,4062,3626,96935,93883
18021,19519,19495,112,117,317,296,410,401,20358,20309
18023,19863,19857,63,65,3817,1578,355,300,24098,21800
18025,7929,7927,26,21,161,164,208,206,8324,8318
18027,21612,21583,437,275,1078,564,518,407,23645,22829
18029,38487,38440,75,74,491,444,867,786,39920,39744
18031,19148,19108,89,88,414,266,564,564,20215,20026
18033,31606,31533,33,31,923,811,691,663,33253,33038
18035,79940,79764,4755,4447,2618,2260,4588,3863,91901,90334
18037,29776,29685,141,144,2557,1410,560,433,33034,31672
18039,112594,112150,6935,6701,25832,15330,5064,4702,150425,138883
18041,17444,17440,278,259,174,119,303,299,18199,18117
18043,55345,55184,2886,2884,2218,1689,2338,2048,62787,61805
18045,12333,12311,67,70,314,247,213,211,12927,12839
18047,17306,17268,16,15,207,165,429,423,17958,17871
18049,14388,14313,76,77,719,539,387,385,15570,15314
18051,23548,23479,503,503,484,290,656,600,25191,24872
18053,44642,44526,2219,2143,2318,1756,2982,2687,52161,51112
18055,23412,23379,171,167,417,303,396,330,24396,24179
18057,221821,218497,11831,10796,13862,9767,24806,17188,272320,256248
18059,58126,58038,2458,2392,1967,1411,1980,1702,64531,63543
18061,29644,29610,160,155,613,363,588,533,31005,30661
18063,111067,110357,13130,11450,6435,5401,7736,6111,138368,133319
18065,36416,36413,1083,1078,764,494,806,788,39069,38773
18067,55300,55222,4502,4501,2258,2015,2555,2285,64615,64023
18069,27141,27116,190,156,789,698,712,541,28832,28511
18071,29237,29078,298,294,3490,1405,1584,1064,34609,31841
18073,23438,23436,165,149,1649,930,334,299,25586,24814
18075,14119,14079,46,46,573,510,310,267,15048,14902
18077,24580,24548,247,251,711,566,882,791,26420,26156
18079,20052,20057,88,88,563,380,480,398,21183,20923
18081,109052,108713,3607,3404,4702,3803,8593,6202,125954,122122
18083,26002,25986,485,361,622,514,1107,985,28216,27846
18085,54170,54127,429,314,4988,3398,1925,1251,61512,59090
18087,26190,26103,115,107,1188,776,361,363,27854,27349
18089,212912,211458,84307,83688,73748,62893,13572,11398,384539,369437
18091,70933,70538,8737,8703,5637,4379,2853,2575,88160,86195
18093,33952,33945,171,171,624,452,793,772,35540,35340
18095,88178,88054,6637,6589,4413,3351,4389,4168,103617,102162
18097,404885,401639,193520,176200,81648,44326,51840,39064,731893,661229
18099,30517,30457,216,217,3582,2242,647,504,34962,33420
18101,7416,7413,35,31,88,56,154,154,7693,7654
18103,24910,24874,1322,1303,942,817,1107,949,28281,27943
18105,97911,96619,4214,3965,5159,3989,11551,7051,118835,111624
18107,27126,27090,233,231,1473,885,670,585,29502,28791
18109,54062,53959,247,210,1024,782,1305,1208,56638,56159
18111,9887,9854,148,147,784,558,213,211,11032,10770
18113,31569,31396,143,148,3407,2001,821,701,35940,34246
18115,4655,4649,5,8,47,45,96,83,4803,4785
18117,14470,14443,201,199,241,213,323,303,15235,15158
18119,16451,16450,167,167,235,198,356,353,17209,17168
18121,12027,12015,231,233,110,66,383,386,12751,12700
18123,14232,14227,406,407,215,195,441,406,15294,15235
18125,9133,9132,51,53,107,104,187,191,9478,9480
18127,113240,112663,5484,5429,14519,13255,4252,3449,137495,134796
18129,18861,18863,106,102,300,291,429,382,19696,19638
18131,9046,9047,26,27,352,213,271,252,9695,9539
18133,27296,27174,1190,1137,610,565,978,764,30074,29640
18135,17651,17628,78,73,755,479,372,291,18856,18471
18137,21324,21299,139,136,367,279,404,381,22234,22095
18139,12468,12454,135,136,186,124,171,174,12960,12888
18141,154771,153583,24451,23076,18565,13796,11950,9279,209737,199734
18143,18112,17978,76,71,440,362,195,198,18823,18609
18145,32304,32256,376,307,1557,1041,860,648,35097,34252
18147,14818,14747,93,90,454,324,277,268,15642,15429
18149,17037,16952,126,128,682,561,255,227,18100,17868
18151,26126,26022,154,96,989,781,625,614,27894,27513
18153,15349,15338,662,663,286,242,575,571,16872,16814
18155,7239,7236,28,30,21,23,274,238,7562,7527
18157,113088,111310,7976,7352,13082,8265,16574,8936,150720,135863
18159,11592,11584,139,137,339,234,131,106,12201,12061
18161,5293,5291,39,41,105,30,103,104,5540,5466
18163,118602,118002,11170,10789,4263,2703,7036,6016,141071,137510
18165,11627,11614,106,103,155,110,212,206,12100,12033
18167,72295,71954,5325,5118,2441,2024,4284,3620,84345,82716
18169,23007,22968,230,211,606,510,498,479,24341,24168
18171,6350,6344,8,8,59,60,212,212,6629,6624
18173,46173,46078,862,668,1066,820,2123,1796,50224,49362
18175,21119,21059,76,76,195,172,391,383,21781,21690
18177,45649,45483,2105,2026,1560,989,2065,1788,51379,50286
18179,20165,20081,92,92,699,407,452,447,21408,21027
18181,16984,16984,96,99,1570,646,362,331,19012,18060
18183,25470,25440,50,51,628,606,573,546,26721,26643
19001,5491,5493,57,60,136,116,69,63,5753,5732
19003,2715,2708,9,12,23,20,69,68,2816,2808
19005,9663,9578,143,117,687,276,152,136,10645,10107
19007,9049,9054,102,97,123,94,286,207,9560,9452
19009,4201,4191,16,13,94,54,79,79,4390,4337
19011,19072,19064,99,100,325,260,345,343,19841,19767
19013,84632,84088,8214,7450,4313,3027,5149,3874,102308,98439
19015,20077,20059,141,141,500,445,337,328,21055,20973
19017,18498,18472,240,230,342,333,470,415,19550,19450
19019,14775,14755,73,31,296,261,297,266,15441,15313
19021,8963,8954,514,315,3854,2335,1902,908,15233,12512
19023,10618,10580,26,26,155,123,280,172,11079,10901
19025,7152,7148,148,148,178,135,197,181,7675,7612
19027,14738,14739,60,61,460,316,315,312,15573,15428
19029,9618,9613,97,97,154,111,190,166,10059,9987
19031,13731,13719,42,43,349,344,354,299,14476,14405
19033,30688,30651,540,501,1565,1343,978,671,33771,33166
19035,8366,8348,164,166,363,223,132,120,9025,8857
19037,8562,8561,17,18,352,120,134,131,9065,8830
19039,5955,5934,3,4,963,731,272,274,7193,6943
19041,11912,11895,21,22,469,297,215,185,12617,12399
19043,12829,12820,101,86,257,133,143,134,13330,13173
19045,32919,32847,999,923,1034,954,733,674,35685,35398
19047,8320,8318,137,137,3070,1918,608,590,12135,10963
19049,66928,65986,2069,1684,4899,3587,5395,3328,79291,74585
19051,6141,6131,1,3,155,91,123,125,6420,6350
19053,5506,5493,98,76,208,183,224,176,6036,5928
19055,13034,13036,8,11,184,135,248,241,13474,13423
19057,26531,26482,1289,1278,907,745,1199,894,29926,29399
19059,13879,13876,7,4,309,212,366,313,14561,14405
19061,70016,69744,1950,1886,2013,1374,2733,1806,76712,74810
19063,6668,6631,126,128,605,491,99,91,7498,7341
19065,14211,14194,141,71,388,195,421,384,15161,14844
19067,10913,10914,189,187,388,373,361,353,11851,11827
19069,6423,6371,65,68,941,404,132,112,7561,6955
19071,4790,4782,17,23,143,80,173,171,5123,5056
19073,6365,6361,12,11,189,138,234,227,6800,6737
19075,9160,9133,15,12,153,60,154,120,9482,9325
19077,7974,7969,34,32,221,154,191,144,8420,8299
19079,9986,9983,94,97,857,438,404,195,11341,10713
19081,7792,7795,53,45,381,271,202,168,8428,8279
19083,12434,12413,127,126,586,339,334,248,13481,13126
19085,10780,10779,18,15,214,167,241,233,11253,11194
19087,14036,14007,458,456,728,581,602,566,15824,15610
19089,6724,6709,8,9,184,103,88,82,7004,6903
19091,6813,6810,25,21,314,93,167,126,7319,7050
19093,4896,4895,21,20,187,111,129,99,5233,5125
19095,12051,12028,61,64,336,332,207,161,12655,12585
19097,14472,14469,189,191,193,170,234,166,15088,14996
19099,27577,27478,623,509,793,572,602,452,29595,29011
19101,10967,10576,321,122,449,414,1277,289,13014,11401
19103,99157,97960,8203,6560,7606,6200,11396,8216,126362,118936
19105,15498,15462,497,493,410,240,283,268,16688,16463
19107,7381,7376,15,16,149,103,163,158,7708,7653
19109,10598,10597,78,79,449,135,191,173,11316,10984
19111,23773,23670,667,659,774,609,692,678,25906,25616
19113,153767,153037,9162,7439,6145,5059,9070,7610,178144,173145
19115,6663,6627,67,25,1242,750,362,310,8334,7712
19117,6370,6343,26,25,151,57,122,105,6669,6530
19119,8327,8323,34,36,275,153,102,94,8738,8606
19121,12178,12153,55,54,240,212,194,196,12667,12615
19123,15692,15632,247,225,366,335,502,402,16807,16594
19125,24501,24443,135,126,510,421,725,678,25871,25668
19127,21699,21544,455,202,6093,3888,1692,1130,29939,26764
19129,10570,10549,60,48,356,345,254,253,11240,11195
19131,7720,7722,35,36,166,91,137,100,8058,7949
19133,6292,6288,16,12,143,140,171,180,6622,6620
19135,5544,5543,30,7,117,111,90,99,5781,5760
19137,7442,7435,85,84,73,31,312,311,7912,7861
19139,25681,25531,712,559,5273,4291,719,547,32385,30928
19141,9749,9692,147,113,595,295,189,161,10680,10261
19143,4138,4140,27,28,399,193,154,143,4718,4504
19145,11368,11334,217,216,355,307,286,273,12226,12130
19147,6398,6393,118,122,196,122,108,97,6820,6734
19149,17550,17536,358,272,1006,742,388,298,19302,18848
19151,4953,4940,29,28,246,192,172,141,5400,5301
19153,297218,295619,24326,20006,32546,21127,26490,20358,380580,357110
19155,63259,63012,1139,1123,5541,4213,2079,1658,72018,70006
19157,13653,13440,180,139,480,438,642,450,14955,14467
19159,3412,3410,18,18,65,44,105,112,3600,3584
19161,7089,7087,30,29,241,131,227,187,7587,7434
19163,109398,108818,8442,8211,8568,7499,7790,6344,134198,130872
19165,8522,8510,38,36,342,235,176,177,9078,8958
19167,22909,22783,176,156,2840,1360,449,360,26374,24659
19169,70046,68758,2124,1809,3839,3392,8180,5053,84189,79012
19171,10643,10633,118,77,1148,775,961,925,12870,12410
19173,4107,4101,13,10,350,237,67,77,4537,4425
19175,8706,8701,81,80,294,207,215,129,9296,9117
19177,5333,5310,15,15,88,84,97,102,5533,5511
19179,21719,21640,745,438,2986,1806,1481,996,26931,24880
19181,38575,38542,337,327,1298,1069,910,814,41120,40752
19183,15547,15456,194,175,1012,711,274,281,17027,16623
19185,4636,4624,2,4,64,42,137,131,4839,4801
19187,25288,25275,1140,1032,1512,1189,1061,806,29001,28302
19189,7559,7543,209,51,401,373,184,132,8353,8099
19191,15315,15252,69,64,377,156,403,284,16164,15756
19193,57582,57422,3486,2872,12266,8052,5524,4474,78858,72820
19195,5461,5452,38,39,184,172,145,123,5828,5786
19197,7871,7861,32,28,1360,702,198,155,9461,8746
20001,8722,8542,263,243,367,333,322,280,9674,9398
20003,5473,5451,80,85,132,128,139,131,5824,5795
20005,11271,11270,495,467,426,336,479,448,12671,12521
20007,2798,2790,3,1,224,225,112,113,3137,3129
20009,15813,15806,145,144,2605,1931,491,475,19054,18356
20011,9599,9584,246,235,406,281,541,541,10792,10641
20013,5981,5983,136,135,233,181,659,653,7009,6952
20015,45351,45064,1249,1239,2683,2042,2207,1720,51490,50065
20017,1772,1759,23,26,163,135,80,62,2038,1982
20019,2231,2231,27,25,109,105,266,259,2633,2620
20021,13059,13035,126,128,320,272,1292,1291,14797,14726
20023,1805,1801,0,2,156,90,69,61,2030,1954
20025,1359,1360,0,1,57,48,58,54,1474,1463
20027,5745,5718,125,120,173,174,152,133,6195,6145
20029,6262,6222,72,73,228,204,276,222,6838,6721
20031,6087,6079,46,47,209,189,183,191,6525,6506
20033,1327,1326,8,10,31,20,32,26,1398,1382
20035,21378,21263,672,670,2535,2077,1714,1574,26299,25584
20037,26191,26175,475,447,1881,1317,1798,1623,30345,29562
20039,1997,1995,32,32,81,47,48,46,2158,2120
20041,12878,12856,20,21,689,652,576,539,14163,14068
20043,5325,5306,226,222,195,168,173,167,5919,5863
20045,78099,77346,3976,3839,6281,5431,10833,8550,99189,95166
20047,1646,1641,5,4,417,178,63,70,2131,1893
20049,1687,1690,2,5,77,72,121,108,1887,1875
20051,20514,20485,334,267,1488,1306,763,573,23099,22631
20053,4437,4407,205,191,307,288,289,284,5238,5170
20055,11231,11115,1129,668,12937,9231,1405,1079,26702,22093
20057,9762,9736,645,512,12757,7668,711,706,23875,18622
20059,18338,18303,236,119,829,774,673,582,20076,19778
20061,14355,14136,3755,3612,3742,3256,2589,2428,24441,23432
20063,2002,2003,13,0,29,25,48,48,2092,2076
20065,1667,1666,108,111,63,62,55,54,1893,1893
20067,2541,2489,11,13,2372,1302,89,98,5013,3902
20069,3358,3134,10,0,605,403,102,88,4075,3625
20071,747,728,1,0,139,110,14,13,901,851
20073,4304,4290,15,14,143,127,184,194,4646,4625
20075,962,964,0,1,653,230,21,21,1636,1216
20077,3605,3593,27,24,251,176,129,125,4012,3918
20079,21740,21700,452,451,2737,2272,894,830,25823,25253
20081,1817,1616,13,13,760,448,70,64,2660,2141
20083,1151,1147,12,16,36,24,29,30,1228,1217
20085,8530,8529,97,88,420,126,981,941,10028,9684
20087,13348,13315,72,76,442,383,455,450,14317,14224
20089,2189,2189,15,23,37,18,57,42,2298,2272
20091,377772,374388,22736,20185,38540,28802,35830,26787,474878,450162
20093,1734,1690,0,1,881,517,147,44,2762,2252
20095,5156,5148,15,14,199,195,174,175,5544,5532
20097,1635,1604,24,21,78,61,124,88,1861,1774
20099,12991,12979,603,603,647,571,792,796,15033,14949
20101,920,919,16,17,143,70,20,29,1099,1035
20103,50724,50427,4966,4912,4386,3926,3397,3078,63473,62343
20105,2122,2119,1,5,83,75,105,99,2311,2298
20107,7119,7104,82,85,200,194,221,212,7622,7595
20109,1804,1801,0,0,181,162,89,96,2074,2059
20111,17957,17916,384,386,5250,3482,1460,1108,25051,22892
20113,21402,21336,472,382,1106,813,690,673,23670,23204
20115,8573,8567,103,100,329,316,270,235,9275,9218
20117,7202,7191,58,59,171,163,140,127,7571,7540
20119,2158,2108,15,9,593,454,124,104,2890,2675
20121,24644,24630,354,356,955,809,758,745,26711,26540
20123,4128,4126,4,6,170,102,154,156,4456,4390
20125,19145,19007,935,905,1525,1155,2015,1990,23620,23057
20127,3922,3918,1,4,169,154,144,107,4236,4183
20129,1474,1451,23,25,399,254,78,76,1974,1806
20131,7077,7053,79,76,141,129,136,119,7433,7377
20133,10708,10672,218,185,578,497,409,381,11913,11735
20135,1797,1781,1,0,214,153,120,88,2132,2022
20137,3757,3756,167,166,189,121,166,169,4279,4212
20139,11429,11389,28,30,339,328,324,302,12120,12049
20141,2507,2502,0,1,84,66,100,88,2691,2657
20143,4199,4191,22,0,116,113,112,122,4449,4426
20145,4317,4309,445,444,394,394,97,103,5253,5250
20147,3500,3494,38,32,111,92,80,85,3729,3703
20149,16820,16635,314,301,947,907,563,519,18644,18362
20151,6100,6090,58,58,488,349,227,223,6873,6720
20153,1760,1758,0,0,121,79,85,83,1966,1920
20155,40684,40602,1461,1464,4317,3631,1571,1458,48033,47155
20157,3446,3444,5,6,32,31,24,22,3507,3503
20159,5910,5890,163,154,812,621,276,261,7161,6926
20161,46256,45922,3855,3705,5462,4556,4785,3293,60358,57476
20163,3507,3508,90,85,117,117,97,81,3811,3791
20165,2111,2101,10,12,142,133,99,89,2362,2335
20167,4789,4731,22,24,176,163,234,223,5221,5141
20169,33905,33848,1234,1132,4307,3248,2034,1938,41480,40166
20171,3011,2981,1,2,676,478,103,106,3791,3567
20173,276205,274428,30268,28997,55490,39997,34660,30170,396623,373592
20175,4530,4447,625,624,9096,5945,721,576,14972,11592
20177,104303,103976,9174,9001,15569,12586,7894,7118,136940,132681
20179,1708,1710,0,2,80,41,21,15,1809,1768
20181,3815,3799,102,97,512,481,79,82,4508,4459
20183,2693,2693,8,11,73,74,67,54,2841,2832
20185,2592,2591,1,6,337,191,78,73,3008,2861
20187,835,833,0,3,634,210,126,132,1595,1178
20189,2292,2240,6,5,1254,808,121,90,3673,3143
20191,15229,15152,223,224,892,854,628,601,16972,16831
20193,5342,5282,31,24,418,212,153,135,5944,5653
20195,2153,2156,0,3,29,33,35,14,2217,2206
20197,4961,4951,16,17,228,222,206,200,5411,5390
20199,964,967,8,10,85,60,32,31,1089,1068
20201,3932,3925,3,3,148,92,111,59,4194,4079
20203,1035,1027,4,4,355,272,61,65,1455,1368
20205,5982,5951,9,10,216,159,270,271,6477,6391
20207,2326,2328,7,3,50,45,89,88,2472,2464
20209,50815,50550,23550,22966,36361,21454,10991,8863,121717,103833
21001,14091,14042,412,376,442,83,379,323,15324,14824
21003,15495,15466,78,77,366,249,442,444,16381,16236
21005,17526,17500,392,397,366,250,435,353,18719,18500
21007,5648,5627,247,245,111,101,127,130,6133,6103
21009,30917,30896,1248,1244,1161,658,884,758,34210,33556
21011,9122,9109,70,68,150,143,237,238,9579,9558
21013,17248,17251,619,622,42,26,462,441,18371,18340
21015,89737,89129,4143,3651,5041,3477,5159,3644,104080,99901
21017,13496,13424,916,914,932,450,276,270,15620,15058
21019,35225,35185,926,888,618,403,982,910,37751,37386
21021,20888,20804,1982,1959,930,701,675,576,24475,24040
21023,6238,6219,51,55,103,106,100,92,6492,6472
21025,10175,10170,69,72,71,51,149,139,10464,10432
21027,15258,15240,342,346,172,172,339,336,16111,16094
21029,61876,61843,895,684,1799,1212,1665,1488,66235,65227
21031,8969,8911,0,1,350,225,206,191,9525,9328
21033,8851,8831,623,624,134,92,113,107,9721,9654
21035,27871,27748,1289,1274,917,539,1176,904,31253,30465
21037,68761,68484,2071,1898,1579,1161,1793,1222,74204,72765
21039,3381,3369,71,72,115,81,76,71,3643,3593
21041,7224,7223,190,188,436,217,186,182,8036,7810
21043,19834,19654,76,72,95,93,392,340,20397,20159
21045,11591,11571,62,61,322,191,273,259,12248,12082
21047,34653,34458,9583,9522,3854,3337,3559,3273,51649,50590
21049,26011,25996,866,866,948,833,1008,977,28833,28672
21051,14547,14547,723,714,357,224,200,194,15827,15679
21053,6819,6821,0,4,204,123,206,187,7229,7135
21055,6630,6629,32,35,53,44,185,155,6900,6863
21057,4327,4310,57,58,75,67,181,164,4640,4599
21059,69383,69170,2904,2773,2342,1217,3637,2903,78266,76063
21061,9670,9587,78,76,138,118,243,245,10129,10026
21063,5613,5611,249,252,77,73,126,121,6065,6057
21065,10694,10696,3,4,126,7,228,218,11051,10925
21067,181929,179581,35906,32498,19306,9985,18657,12775,255798,234839
21069,11111,11092,143,144,117,93,291,289,11662,11618
21071,26678,26655,184,184,276,259,355,288,27493,27386
21073,33976,33854,3973,3874,1393,835,1634,1237,40976,39800
21075,3611,3609,1042,1040,179,172,175,180,5007,5001
21077,6176,6175,189,174,288,169,101,106,6754,6624
21079,12799,12761,365,367,361,127,253,249,13778,13504
21081,17684,17665,191,193,476,424,332,271,18683,18553
21083,24331,24310,1087,1080,1715,1300,649,590,27782,27280
21085,19536,19435,217,211,294,249,312,306,20359,20201
21087,8466,8450,117,115,258,259,122,124,8963,8948
21089,26893,26881,220,215,292,219,548,498,27953,27813
21091,6578,6565,71,72,60,63,165,159,6874,6859
21093,64829,64231,9447,9441,4750,4044,5280,4539,84306,82255
21095,18778,18780,217,212,109,103,547,528,19651,19623
21097,13907,13859,309,308,284,238,165,173,14665,14578
21099,13609,13552,437,436,239,236,538,536,14823,14760
21101,29846,29825,2716,2720,899,660,804,759,34265,33964
21103,11115,11089,347,350,437,252,234,218,12133,11909
21105,3121,3112,319,320,69,65,75,73,3584,3570
21107,30850,30803,2167,2157,793,359,927,808,34737,34127
21109,9790,9779,17,21,32,22,134,130,9973,9952
21111,405128,401670,117002,111650,44619,22787,41996,34126,608745,570233
21113,36791,36092,1701,1637,1707,1120,1422,1220,41621,40069
21115,16843,16846,70,40,100,89,351,259,17364,17234
21117,116332,115653,5190,4484,4861,2764,4928,4326,131311,127227
21119,10742,10724,156,149,70,47,122,130,11090,11050
21121,21958,21939,257,259,286,261,312,246,22813,22705
21123,10792,10785,287,286,311,179,318,320,11708,11570
21125,46685,46627,287,271,707,655,1039,925,48718,48478
21127,11868,11871,28,31,16,18,400,395,12312,12315
21129,5662,5659,187,193,59,20,97,99,6005,5971
21131,7724,7724,19,17,6,3,245,250,7994,7994
21133,15872,15876,97,96,96,55,200,182,16265,16209
21135,9781,9776,68,74,13,3,164,153,10026,10006
21137,17490,17488,422,422,306,306,317,314,18535,18530
21139,6746,6742,5,3,63,59,125,138,6939,6942
21141,18914,18886,902,904,622,493,760,743,21198,21026
21143,6731,6705,598,602,172,159,192,154,7693,7620
21145,44530,44468,5171,5088,1480,1191,1650,1526,52831,52273
21147,11601,11583,1002,995,329,291,265,264,13197,13133
21149,6702,6693,37,41,143,128,180,172,7062,7034
21151,67584,67316,3146,3040,2295,1659,2598,2385,75623,74400
21153,8628,8621,13,11,59,26,104,110,8804,8768
21155,13220,13201,1201,1198,438,148,189,194,15048,14741
21157,24449,24428,150,146,413,416,341,295,25353,25285
21159,7607,7607,859,840,189,157,193,194,8848,8798
21161,11624,11619,804,805,345,343,393,330,13166,13097
21163,21142,21093,853,851,844,811,712,616,23551,23371
21165,4775,4777,7,9,87,86,52,47,4921,4919
21167,16387,16241,600,600,585,239,440,408,18012,17488
21169,7536,7536,184,191,185,60,64,58,7969,7845
21171,7998,7995,162,161,222,123,135,140,8517,8419
21173,20333,20331,318,308,588,400,562,524,21801,21563
21175,10214,10216,587,564,195,94,234,228,11230,11102
21177,22484,22449,579,579,354,288,725,670,24142,23986
21179,33182,33072,1878,1780,889,433,688,522,36637,35807
21181,5583,5584,62,65,50,47,137,135,5832,5831
21183,17017,17018,125,123,654,363,275,265,18071,17769
21185,45855,45569,1707,1705,2269,1698,2289,2155,52120,51127
21187,8485,8476,31,31,125,23,190,180,8831,8710
21189,3195,3196,1,3,5,5,4,0,3205,3203
21191,10923,10918,24,24,186,136,161,160,11294,11238
21193,20121,20119,317,193,50,53,579,556,21067,20921
21195,43716,43618,313,281,454,396,749,662,45232,44957
21197,9505,9503,183,185,31,24,89,87,9808,9799
21199,48541,48419,514,516,1192,901,1017,953,51264,50789
21201,1587,1590,36,33,9,6,45,39,1677,1668
21203,12342,12348,51,52,81,78,207,187,12681,12665
21205,18540,18495,296,283,465,467,457,388,19758,19633
21207,13209,13158,183,185,465,323,151,125,14008,13791
21209,39162,39082,2283,2261,2113,1516,1498,1413,45056,44272
21211,31142,31069,1484,1179,3520,1939,2059,1918,38205,36105
21213,12988,12982,1012,1013,456,253,837,833,15293,15081
21215,14724,14708,125,123,348,347,447,405,15644,15583
21217,18311,18291,1086,1057,514,420,403,340,20314,20108
21219,7813,7771,677,677,400,252,205,179,9095,8879
21221,9884,9845,519,515,262,169,521,522,11186,11051
21223,6312,6295,57,53,234,220,132,132,6735,6700
21225,9549,9544,792,790,178,150,244,249,10763,10733
21227,83605,83080,9258,7993,6331,3318,8345,5676,107539,100067
21229,8329,8329,446,446,12,14,569,507,9356,9296
21231,14545,14509,222,224,542,471,287,289,15596,15493
21233,8685,8670,451,448,473,202,145,148,9754,9468
21235,26015,25957,319,303,482,404,445,417,27261,27081
21237,4780,4777,6,5,85,0,126,134,4997,4916
21239,18596,18314,929,928,1363,603,463,434,21351,20279
22001,33351,33333,6863,6822,1216,971,734,738,42164,41864
22003,11471,11416,3535,3447,1335,409,931,793,17272,16065
22005,63564,63396,21560,21482,7152,4315,3658,3192,95934,92385
22007,10903,10893,4343,4341,600,483,452,369,16298,16086
22009,19319,19317,7753,7755,1110,879,1422,1354,29604,29305
22011,22325,22281,3254,3253,916,879,923,858,27418,27271
22013,5382,5379,3993,3995,185,165,216,220,9776,9759
22015,64288,64044,22275,22087,6831,5053,4182,3769,97576,94953
22017,80794,80451,82788,82547,5747,4433,6665,5936,175994,173367
22019,106566,106118,35869,35531,7122,4909,5894,4978,155451,151536
22021,5789,5776,1397,1395,95,68,85,89,7366,7328
22023,3321,3303,124,123,27,26,323,328,3795,3780
22025,4255,4254,2261,2260,35,37,134,125,6685,6676
22027,5220,5215,5631,5613,76,79,279,274,11206,11181
22029,7962,7948,5243,5217,431,194,290,269,13926,13628
22031,12522,12440,6949,6945,559,483,538,518,20568,20386
22033,159610,157005,149355,148066,20198,12109,21085,16550,350248,333730
22035,1813,1817,3356,3360,159,162,412,404,5740,5743
22037,8744,8711,6261,6259,272,264,639,621,15916,15855
22039,16095,16011,5831,5758,1070,453,811,738,23807,22960
22041,9936,9936,3773,3770,304,304,579,575,14592,14585
22043,12898,12871,2761,2714,1206,701,619,532,17484,16818
22045,31041,30941,15381,15382,2546,2335,2214,1903,51182,50561
22047,11568,11567,10182,10129,1409,570,686,687,23845,22953
22049,8030,7920,2738,2671,422,207,595,577,11785,11375
22051,173935,171635,82344,80453,55845,33250,22164,18163,334288,303501
22053,18911,18904,3795,3793,541,458,661,651,23908,23806
22055,123167,122670,45909,45572,11227,6578,7746,6406,188049,181226
22057,57539,57376,9205,9162,3681,2679,3824,3749,74249,72966
22059,8617,8591,1463,1462,920,837,365,360,11365,11250
22061,21018,20919,14632,14530,1133,838,1881,1696,38664,37983
22063,92598,92212,8989,8804,5961,2992,2345,2046,109893,106054
22065,2623,2605,4179,4170,128,76,149,148,7079,6999
22067,9446,9421,8737,8733,298,251,410,413,18891,18818
22069,15319,15259,10984,10975,923,789,1069,1029,28295,28052
22071,99177,97062,159447,158280,22226,16233,17801,15780,298651,287355
22073,70726,70624,42087,42045,3959,2904,2773,2214,119545,117787
22075,10749,10723,3652,3614,1456,1130,1329,1131,17186,16598
22077,10000,9967,4961,4961,485,442,450,451,15896,15821
22079,59948,59630,28506,28438,3451,2528,3740,3274,95645,93870
22081,3307,3307,2236,2235,59,60,99,98,5701,5700
22083,9519,9505,5062,5058,316,314,241,231,15138,15108
22085,11876,11859,2515,2520,521,464,1976,1949,16888,16792
22087,19768,19672,7163,7142,4253,2981,1720,1652,32904,31447
22089,25650,25330,8627,8613,2878,1831,1854,1804,39009,37578
22091,4074,4074,4212,4206,85,76,271,260,8642,8616
22093,7674,7659,7092,7024,221,172,221,223,15208,15078
22095,10249,10237,17358,17251,2373,1509,962,968,30942,29965
22097,33484,33465,23074,23064,1487,1068,1936,1664,59981,59261
22099,26004,26002,10657,10650,1256,754,1100,1014,39017,38420
22101,20789,20720,10402,10403,2891,1682,2048,1938,36130,34743
22103,158800,157481,24225,24150,15437,11955,9662,9005,208124,202591
22105,66833,66692,28442,28444,5205,3559,2677,2354,103157,101049
22107,1355,1357,1609,1608,45,29,84,64,3093,3058
22109,54300,54164,13750,13554,4699,3115,6872,6542,79621,77375
22111,11685,11685,3676,3678,775,398,202,191,16338,15952
22113,34108,34050,5346,5303,1627,1234,1629,1290,42710,41877
22115,25273,25186,4516,4490,3002,2723,2339,2186,35130,34585
22117,22733,22711,9107,9109,942,870,1628,1611,34410,34301
22119,17566,17532,8998,8994,525,389,623,624,27712,27539
22121,11515,11490,8463,8460,848,686,301,233,21127,20869
22123,5957,5946,1004,999,226,186,145,140,7332,7271
22125,6197,6167,5900,5899,502,386,280,290,12879,12742
22127,6583,6397,2825,2705,776,303,492,370,10676,9775
23001,81920,81367,3416,1771,1749,1572,2749,2379,89834,87089
23003,51460,50637,354,270,795,773,1941,1815,54550,53495
23005,228746,226254,7098,3759,6248,5144,11027,9365,253119,244522
23007,24052,23926,172,162,387,333,600,490,25211,24911
23009,44664,44223,474,283,753,730,1414,1224,47305,46460
23011,97169,96574,823,719,1958,1892,3118,2643,103068,101828
23013,32440,32146,100,70,520,468,1042,915,34102,33599
23015,28890,28714,219,114,376,356,669,653,30154,29837
23017,46650,46405,191,185,662,608,1300,1229,48803,48427
23019,119167,117966,1261,1011,2269,2035,4764,4169,127461,125181
23021,13669,13600,176,177,276,158,465,402,14586,14337
23023,28969,28829,123,101,597,570,1018,968,30707,30468
23025,39857,39638,189,138,524,495,999,981,41569,41252
23027,31645,31324,92,90,485,485,847,789,33069,32688
23029,23204,22953,156,149,501,413,1664,1635,25525,25150
23031,167253,165578,1803,1354,3332,2791,5824,5248,178212,174971
24001,48157,48001,4287,4268,976,801,1999,1735,55419,54805
24003,305941,303417,82446,78931,40060,28495,35838,30244,464285,441087
24005,369774,366027,195177,184682,41320,30441,58539,45140,664810,626290
24009,55664,55485,9385,9175,3329,3050,4140,3877,72518,71587
24011,19764,19569,3377,3347,1682,670,790,760,25613,24346
24013,119773,119000,5434,5020,5901,4202,5581,4757,136689,132979
24015,68976,68467,5710,5539,3748,3276,3188,2816,81622,80098
24017,45529,45017,64598,63685,8523,6314,11156,9889,129806,124905
24019,17123,17043,6401,6199,1219,829,1143,1034,25886,25105
24021,153965,152185,22407,21011,24611,17067,19068,15162,220051,205425
24023,22725,22625,148,144,278,223,388,368,23539,23360
24025,154110,153154,29324,28604,10276,8171,11266,10230,204976,200159
24027,128825,126545,50003,46701,19482,13754,58099,45912,256409,232912
24029,12963,12894,2226,2223,814,673,356,330,16359,16120
24031,357503,342060,152777,129965,156179,98817,156353,120522,822812,691364
24033,92283,89758,457943,431387,142347,61560,55052,44251,747625,626956
24035,35372,35306,2453,2408,1802,1037,1272,1005,40899,39756
24037,64574,64009,13052,12851,4746,4494,5203,4403,87575,85757
24039,10792,10753,8003,7500,684,475,1009,990,20488,19718
24041,24175,23824,3653,3637,2163,1225,879,752,30870,29438
24043,93969,93475,14433,13474,7785,5113,5653,5111,121840,117173
24045,51863,51354,20203,18353,4442,3133,4760,4067,81268,76907
24047,36560,36191,5017,4987,1509,916,1428,1237,44514,43331
24510,132747,129134,264778,259237,29238,18801,26861,21566,453624,428738
25001,180327,175228,5497,3583,5732,4445,7407,6302,198963,189558
25003,96281,95396,2761,2215,5335,4090,4390,3638,108767,105339
25005,379476,367249,24874,20116,37692,28842,20735,17656,462777,433863
25007,15228,14486,869,490,679,290,640,584,17416,15850
25009,453653,442149,22184,18758,134747,95241,32984,27146,643568,583294
25011,53596,53122,759,664,2586,2190,2203,1554,59144,57530
25013,236788,231742,27255,25391,85900,80928,16109,12797,366052,350858
25015,115244,113563,3642,3164,8877,8056,11223,8207,138986,132990
25017,936447,884949,63909,49317,107169,77443,211973,139937,1319498,1151646
25019,8399,8093,1105,1103,1572,1100,434,357,11510,10653
25021,422516,409150,42626,35601,30219,24979,85406,59700,580767,529430
25023,346980,340480,44908,36101,17674,14602,14677,12824,424239,404007
25025,318154,300808,121609,107196,136147,87599,83398,58000,659308,553603
25027,525552,510171,31660,24808,81497,66923,50161,34730,688870,636632
26001,8665,8640,69,68,155,138,204,205,9093,9051
26003,6177,6151,672,676,103,87,529,516,7481,7430
26005,83302,82858,970,962,6366,4952,2607,2332,93245,91104
26007,22499,22387,198,192,328,313,523,482,23548,23374
26009,19042,18944,86,62,357,288,563,533,20048,19827
26011,11646,11609,71,70,230,205,345,351,12292,12235
26013,5005,4998,510,513,108,108,1177,1162,6800,6781
26015,46616,46194,211,207,1540,1145,1289,1207,49656,48753
26017,75305,75170,983,929,4045,3936,2529,2437,82862,82472
26019,14265,14209,103,80,307,299,541,525,15216,15113
26021,93657,92708,14878,14370,6150,4573,5911,5043,120596,116694
26023,30971,30719,751,735,1960,1279,973,902,34655,33635
26025,81943,81391,9726,9694,5174,4319,6347,5295,103190,100699
26027,36026,35873,1713,1711,1436,1115,1945,1786,41120,40485
26029,20287,20256,104,103,377,354,754,717,21522,21430
26031,20165,20133,240,159,311,290,1181,1148,21897,21730
26033,21359,21057,2054,2032,561,534,5922,5810,29896,29433
26035,23855,23809,295,272,457,437,595,570,25202,25088
26037,56221,56081,1099,1015,2852,2752,2448,1852,62620,61700
26039,10446,10416,28,32,288,288,272,225,11034,10961
26041,27848,27776,57,47,365,351,1506,1467,29776,29641
26043,19820,19748,74,67,311,227,566,547,20771,20589
26045,71893,71629,5700,5473,4910,4403,4277,3548,86780,85053
26047,25606,25583,89,91,503,432,1740,1672,27938,27778
26049,232016,230655,57627,57252,11654,10499,12419,11315,313716,309721
26051,19917,19860,82,78,390,357,453,442,20842,20737
26053,11122,11105,60,53,203,170,588,587,11973,11915
26055,72175,72013,559,540,2124,1828,2618,2475,77476,76856
26057,28229,28136,2332,2313,2029,1918,716,596,33306,32963
26059,33995,33813,262,232,827,762,744,743,35828,35550
26061,27814,27341,398,227,527,495,1496,857,30235,28920
26063,24034,23967,107,95,577,497,487,408,25205,24967
26065,162115,159610,24402,23179,17986,15644,23649,16598,228152,215031
26067,45415,45304,2183,2185,2422,2152,2646,2593,52666,52234
26069,19726,19696,180,147,525,516,609,552,21040,20911
26071,9170,9170,55,53,167,143,230,225,9622,9591
26073,45616,45131,1339,1147,2279,2020,3860,3485,53094,51783
26075,108593,107831,9408,9355,4368,3929,4224,3758,126593,124873
26077,162528,161009,21387,20144,10156,8455,12398,9768,206469,199376
26079,13720,13694,149,111,260,255,438,434,14567,14494
26081,382005,378278,44897,40298,49685,35261,30746,24412,507333,478249
26083,1730,1731,2,0,39,39,43,38,1814,1808
26085,8351,8335,856,832,915,917,586,578,10708,10662
26087,65526,65062,741,743,3133,2563,1769,1718,71169,70086
26089,17702,17659,113,117,670,614,749,738,19234,19128
26091,68373,68060,2050,2014,6027,5427,1749,1703,78199,77204
26093,147303,146378,931,912,4011,3748,3880,3451,156125,154489
26095,4029,4017,501,498,92,84,628,616,5250,5215
26097,6849,6817,478,98,181,108,1806,1782,9314,8805
26099,543832,529284,83236,82615,19426,16014,51710,43397,698204,671310
26101,18913,18828,717,713,601,583,898,877,21129,21001
26103,51062,50778,879,879,1027,906,2393,2346,55361,54909
26105,21674,21647,252,237,925,801,644,542,23495,23227
26107,30552,30431,800,800,842,668,1175,1086,33369,32985
26109,17924,17819,80,74,356,341,835,807,19195,19041
26111,60832,60536,759,755,1962,1871,2657,2299,66210,65461
26113,11166,11153,37,42,305,230,317,302,11825,11727
26115,112296,111822,2619,2462,4727,4063,3340,3211,122982,121558
26117,47663,47568,2317,2038,2076,1494,1624,1549,53680,52649
26119,7685,7666,61,66,136,126,215,178,8097,8036
26121,107797,107485,15799,15703,6977,6048,5871,5671,136444,134907
26123,36188,36143,315,292,2089,1710,1085,1039,39677,39184
26125,730478,711925,132668,130357,44191,32578,113154,76257,1020491,951117
26127,17752,17698,234,229,2723,2036,482,483,21191,20446
26129,16224,16125,74,73,333,312,535,527,17166,17037
26131,4848,4845,33,26,84,78,217,227,5182,5176
26133,17143,17118,201,193,299,295,409,366,18052,17972
26135,6406,6396,34,34,135,126,197,186,6772,6742
26137,19227,19102,156,154,321,270,556,520,20260,20046
26139,197202,196383,3687,3575,20606,16637,10435,8452,231930,225047
26141,10742,10718,28,28,141,133,263,258,11174,11137
26143,19339,19282,152,117,358,339,493,467,20342,20205
26145,106815,106465,25366,25234,11533,10958,4687,3924,148401,146581
26147,117707,116859,2609,2596,3993,3749,3433,3254,127742,126458
26149,40484,40428,1034,1029,3411,2001,1238,1106,46167,44564
26151,30009,29901,144,140,1234,1184,603,567,31990,31792
26153,5801,5790,40,39,90,81,756,747,6687,6657
26155,50965,50881,264,262,1535,1428,1157,1098,53921,53669
26157,39789,39700,361,356,1366,1309,827,812,42343,42177
26159,48563,48306,2083,2038,5958,4468,1808,1608,58412,56420
26161,213086,207939,32997,31904,15785,12091,40478,28319,302346,280253
26163,693559,672926,488372,485114,80376,60857,91266,72623,1353573,1291520
26165,24806,24696,244,230,603,537,638,619,26291,26082
27001,12847,12831,72,71,184,168,442,432,13545,13502
27003,224980,223491,20802,18302,13851,9046,23113,21352,282746,272191
27005,24162,24069,160,132,373,334,2417,2392,27112,26927
27007,27047,26926,283,248,651,612,7050,6951,35031,34737
27009,27778,27730,1482,1263,909,699,897,765,31066,30457
27011,3797,3800,12,11,93,47,97,94,3999,3952
27013,48788,48466,2292,1582,2384,2168,2620,2326,56084,54542
27015,18836,18827,176,132,816,614,333,311,20161,19884
27017,25388,25269,687,603,536,439,2045,1987,28656,28298
27019,72777,72375,1162,1034,3665,2742,4677,3717,82281,79868
27021,21842,21801,69,66,316,298,2577,2530,24804,24695
27023,8074,8066,61,48,708,343,519,314,9362,8771
27025,41648,41427,602,571,1087,827,1696,1589,45033,44414
27027,43378,43112,2055,1738,1927,1777,2384,2105,49744,48732
27029,5612,5597,16,14,52,49,775,783,6455,6443
27031,4133,4103,74,55,144,119,471,419,4822,4696
27033,7253,7209,110,73,731,458,482,397,8576,8137
27035,51357,51188,221,198,747,673,1518,1498,53843,53557
27037,263219,261549,23266,20167,24990,17454,27474,23011,338949,322181
27039,14595,14580,149,126,697,407,327,317,15768,15430
27041,29822,29793,136,125,549,513,585,549,31092,30980
27043,9885,9850,75,74,713,579,169,140,10842,10643
27045,15540,15523,90,89,303,192,250,202,16183,16006
27047,20501,20469,307,278,2083,1709,1069,993,23960,23449
27049,34649,34556,418,276,1216,717,1144,1078,37427,36627
27051,4457,4418,35,34,102,101,111,104,4705,4657
27053,708898,700887,116444,99598,65266,44628,104641,85535,995249,930648
27055,14103,14085,30,31,164,138,365,354,14662,14608
27057,16186,16152,71,72,342,303,703,676,17302,17203
27059,30503,30380,260,247,697,582,1235,1142,32695,32351
27061,33774,33701,227,211,412,360,1735,1682,36148,35954
27063,7179,7156,31,30,310,238,251,239,7771,7663
27065,12212,12197,66,52,203,172,421,415,12902,12836
27067,27157,26995,1208,901,3929,2664,979,765,33273,31325
27069,3005,2988,6,5,99,93,94,83,3204,3169
27071,9083,9003,29,31,159,151,495,464,9766,9649
27073,4962,4958,16,16,136,68,113,113,5227,5155
27075,8446,8423,2,5,107,106,251,230,8806,8764
27077,2872,2842,12,16,33,36,197,184,3114,3078
27079,20554,20511,197,200,1251,780,430,359,22432,21850
27081,4109,4106,0,2,127,99,106,96,4342,4303
27083,16197,16163,454,407,1142,542,1077,989,18870,18101
27085,26276,26254,192,183,1667,1190,598,585,28733,28212
27087,1951,1947,6,2,98,97,1641,1632,3696,3678
27089,6414,6389,31,16,285,238,101,91,6831,6734
27091,14068,14044,120,107,813,579,263,226,15264,14956
27093,16878,16861,62,61,657,573,350,330,17947,17825
27095,19000,18979,97,82,379,282,1372,1310,20848,20653
27097,25413,25393,138,135,395,361,432,385,26378,26274
27099,23782,23745,815,660,3250,1778,2214,1766,30061,27949
27101,5851,5832,46,39,284,169,161,168,6342,6208
27103,23962,23902,982,768,1199,936,884,743,27027,26349
27105,9519,9518,671,481,4339,2271,1129,854,15658,13124
27107,4400,4384,23,19,222,176,241,208,4886,4787
27109,100332,98966,7642,6740,6290,4853,10866,8641,125130,119200
27111,44286,44176,388,361,1505,1032,1160,1132,47339,46701
27113,9713,9640,126,128,616,499,471,466,10926,10733
27115,21590,21558,590,574,607,466,1195,1148,23982,23746
27117,6052,6001,80,77,386,204,272,249,6790,6531
27119,20465,20402,410,293,1295,1258,1016,981,23186,22934
27121,8573,8567,78,76,158,150,173,173,8982,8966
27123,271150,269216,45543,38983,29954,20423,71141,61820,417788,390442
27125,2763,2761,0,0,88,79,116,115,2967,2955
27127,10170,10150,66,55,365,322,965,937,11566,11464
27129,9899,9898,71,60,884,683,313,279,11167,10920
27131,43417,43223,3087,2164,4629,3023,2229,1917,53362,50327
27133,6829,6823,8,9,238,146,200,184,7275,7162
27135,10800,10742,76,53,184,169,600,539,11660,11503
27137,150149,149725,2235,2014,2561,2169,8048,7592,162993,161500
27139,91458,91083,5882,4813,6467,4498,10796,9374,114603,109768
27141,66920,66672,2774,1994,2227,1943,2728,2569,74649,73178
27143,10442,10415,131,124,845,516,197,170,11615,11225
27145,104235,103708,8593,6132,4665,3346,5361,4523,122854,117709
27147,24879,24860,741,617,2076,1482,649,608,28345,27567
27149,6213,6211,95,93,818,311,437,357,7563,6972
27151,6793,6785,26,23,433,298,302,230,7554,7336
27153,17418,17371,110,110,1398,864,345,323,19271,18668
27155,2244,2236,16,10,130,108,150,141,2540,2495
27157,16044,16021,73,73,435,427,308,256,16860,16777
27159,9874,9870,140,127,262,250,259,236,10535,10483
27161,12990,12939,160,150,947,840,492,459,14589,14388
27163,171153,170079,10268,8767,9661,7421,18963,16617,210045,202884
27165,6143,6135,3,1,2038,1209,73,76,8257,7421
27167,4598,4599,28,28,142,107,152,149,4920,4883
27169,37457,37354,571,411,1258,957,1724,1543,41010,40265
27171,98719,98225,2274,1916,3286,2324,3684,3177,107963,105642
27173,6515,6509,80,73,340,172,364,367,7299,7121
28001,9106,8762,12473,11943,968,500,363,317,22910,21522
28003,22199,22174,2693,2695,796,416,940,886,26628,26171
28005,6030,6023,3840,3831,11,0,140,137,10021,9991
28007,7146,7142,5515,5518,219,221,227,228,13107,13109
28009,3677,3673,2082,1830,116,70,115,114,5990,5687
28011,7588,7534,13697,13700,520,430,457,362,22262,22026
28013,6695,6693,2614,2615,473,217,278,280,10060,9805
28015,5128,5056,2639,2639,0,0,246,241,8013,7936
28017,6569,6569,5872,5861,116,92,159,143,12716,12665
28019,4369,4364,1795,1794,105,104,110,92,6379,6354
28021,909,909,5675,5660,27,23,102,78,6713,6670
28023,7698,7689,3624,3629,110,102,552,540,11984,11960
28025,5712,5704,8258,8258,34,38,237,231,14241,14231
28027,3186,3187,10852,10843,493,177,467,445,14998,14652
28029,9962,9962,10715,10714,681,417,242,242,21600,21335
28031,8452,8455,4636,4637,354,180,298,284,13740,13556
28033,85279,84997,46359,46107,7230,4876,4543,4010,143411,139990
28035,35562,35221,20512,20420,2113,1395,2313,1988,60500,59024
28037,3779,3764,1925,1923,84,81,66,71,5854,5839
28039,16128,16107,1265,1266,540,406,541,532,18474,18311
28041,7721,7716,2793,2793,139,49,389,391,11042,10949
28043,8879,8721,6883,6882,52,28,269,269,16083,15900
28045,31775,31594,2829,2826,1480,1380,1211,1010,37295,36810
28047,104462,104071,36830,36710,9514,6957,10296,9576,161102,157314
28049,42060,41795,118268,117984,2719,1594,4195,3406,167242,164779
28051,2139,2137,9617,9610,50,39,424,421,12230,12207
28053,1246,1249,4200,4203,31,32,56,36,5533,5520
28055,316,310,545,544,0,3,12,18,873,875
28057,16855,16842,1105,1099,288,262,676,664,18924,18867
28059,77006,76843,20289,20231,7456,6458,7303,6950,112054,110482
28061,5806,5807,6081,6082,127,129,368,282,12382,12300
28063,925,926,4442,4434,131,127,115,114,5613,5601
28065,3522,3525,5223,5221,70,62,98,93,8913,8901
28067,33028,32967,13549,13542,2223,874,982,955,49782,48338
28069,2510,2513,4125,4128,78,72,410,398,7123,7111
28071,33878,33714,10465,10120,1548,1359,1898,1471,47789,46664
28073,36495,36354,10302,10167,1541,993,1405,1244,49743,48758
28075,29142,28996,22059,22043,1120,811,2473,2270,54794,54120
28077,5804,5807,2798,2796,177,178,137,133,8916,8914
28079,8155,8153,6299,6277,748,399,1133,1104,16335,15933
28081,40973,40896,17525,17527,1806,920,2001,1596,62305,60939
28083,4521,4514,14363,14360,575,463,277,250,19736,19587
28085,18289,18271,7899,7898,280,278,366,287,26834,26734
28087,22935,22797,18828,18816,903,787,1428,1021,44094,43421
28089,47522,47367,31108,31001,2387,1266,3518,2549,84535,82183
28091,12257,12165,5720,5718,257,249,294,282,18528,18414
28093,13272,13194,11537,11523,1137,596,981,966,26927,26279
28095,17671,17647,7589,7589,334,248,604,540,26198,26024
28097,4061,4057,3118,3121,19,3,244,242,7442,7423
28099,12908,12897,4425,4423,126,127,3520,3400,20979,20847
28101,9863,9841,4941,4939,344,295,872,833,16020,15908
28103,2003,1977,5426,5422,39,17,39,45,7507,7461
28105,24817,24630,14697,14388,957,724,2241,1468,42712,41210
28107,12247,12245,11714,11713,413,315,339,322,24713,24595
28109,36366,36327,5212,5211,1667,1372,1061,998,44306,43908
28111,6993,6984,1365,1371,140,125,442,439,8940,8919
28113,13027,12990,15315,15307,435,383,729,669,29506,29349
28115,18010,17938,3598,3596,1291,757,416,417,23315,22708
28117,15887,15842,2629,2629,268,263,809,747,19593,19481
28119,1166,1162,3215,3214,14,16,44,43,4439,4435
28121,89877,89696,25422,25397,3571,2307,4395,3770,123265,121170
28123,10030,10016,7036,7036,2386,1106,464,449,19916,18607
28125,739,728,2215,2217,2,4,14,13,2970,2962
28127,12397,12400,6800,6801,294,132,253,250,19744,19583
28129,8141,8094,2420,2417,159,91,182,166,10902,10768
28131,11463,11417,2678,2671,330,261,416,411,14887,14760
28133,4763,4754,13465,13464,630,261,277,254,19135,18733
28135,3610,3560,5463,5463,82,75,200,120,9355,9218
28137,14544,14540,6382,6383,599,342,489,475,22014,21740
28139,12789,12787,2428,2423,702,377,522,508,16441,16095
28141,13615,13614,190,189,416,179,425,419,14646,14401
28143,1410,1408,5317,5317,115,91,10,9,6852,6825
28145,16628,16630,2884,2887,825,543,747,742,21084,20802
28147,5901,5898,4518,4520,184,86,110,100,10713,10604
28149,16047,16016,15428,15432,664,551,765,710,32904,32709
28151,8255,8249,22307,22311,421,363,820,780,31803,31703
28153,8690,8613,5457,5458,253,0,399,387,14799,14458
28155,6001,5992,1377,1375,96,61,58,52,7532,7480
28157,1954,1953,4372,4377,64,59,131,125,6521,6514
28159,7063,7065,6165,6166,107,106,316,299,13651,13636
28161,5793,5793,3521,3522,116,117,277,268,9707,9700
28163,7239,7206,10404,10369,1295,525,215,208,19153,18308
29001,18384,18337,803,205,516,425,857,659,20560,19626
29003,13206,13206,167,171,326,296,315,311,14014,13984
29005,3969,3970,11,9,63,54,61,42,4104,4075
29007,16963,16950,1033,1034,425,319,560,538,18981,18841
29009,23440,23435,72,69,2185,1653,1336,1121,27033,26278
29011,8309,8306,24,22,221,217,396,351,8950,8896
29013,11652,11654,334,334,260,197,252,229,12498,12414
29015,15804,15791,87,90,292,276,482,467,16665,16624
29017,7916,7873,80,79,57,58,208,209,8261,8219
29019,118859,118200,13285,12733,5885,4881,12122,9028,150151,144842
29021,54272,54175,3626,3432,4249,3122,2777,2398,64924,63127
29023,28704,28649,1482,1483,623,599,1431,1368,32240,32099
29025,6417,6413,63,64,144,121,205,166,6829,6764
29027,31979,31910,1555,1537,750,678,1199,1153,35483,35278
29029,34109,33961,283,254,971,761,815,753,36178,35729
29031,56529,56181,4029,3912,1536,1441,2982,2234,65076,63768
29033,6186,6187,126,122,158,156,95,101,6565,6566
29035,3807,3805,22,22,63,39,119,124,4011,3990
29037,74147,73973,3952,3911,3818,3504,2865,2649,84782,84037
29039,10429,10389,74,70,213,191,390,399,11106,11049
29041,5365,5358,128,114,57,48,119,114,5669,5634
29043,64639,64360,490,466,2264,1921,2206,2000,69599,68747
29045,4952,4949,62,60,17,16,47,49,5078,5074
29047,158768,158164,13198,12382,14171,11804,11243,10306,197380,192656
29049,15481,15467,167,168,364,263,439,439,16451,16337
29051,49653,49609,5458,5296,1834,1584,3078,2586,60023,59075
29053,11707,11693,856,855,215,200,295,286,13073,13034
29055,16852,16808,126,128,370,314,387,383,17735,17633
29057,5665,5658,31,26,117,96,240,235,6053,6015
29059,12607,12592,33,14,318,317,451,450,13409,13373
29061,6101,6085,78,77,97,82,99,99,6375,6343
29063,7622,7558,668,672,172,155,263,219,8725,8604
29065,10631,10534,44,47,185,176,401,392,11261,11149
29067,8639,8580,86,86,178,151,294,299,9197,9116
29069,16737,16732,1337,1330,1225,636,1045,1038,20344,19736
29071,78274,77828,670,663,1543,1219,1775,1612,82262,81322
29073,11255,11247,100,98,194,185,213,206,11762,11736
29075,4397,4378,25,25,123,121,91,91,4636,4615
29077,209819,208695,6986,6657,10497,8765,12950,11131,240252,235248
29079,6862,6845,39,37,164,133,185,191,7250,7206
29081,5913,5889,36,36,69,41,180,176,6198,6142
29083,16255,16236,165,165,420,369,511,492,17351,17262
29085,6724,6727,9,6,130,129,231,235,7094,7097
29087,3189,3184,17,15,45,29,105,108,3356,3336
29089,7178,7147,465,461,124,117,224,224,7991,7949
29091,28853,28705,181,135,680,655,926,910,30640,30405
29093,7007,6993,43,40,145,125,267,252,7462,7410
29095,354292,352297,116793,114336,52419,36591,28712,25514,552216,528738
29097,79275,78994,1700,1636,7251,5286,5485,4966,93711,90882
29099,167424,166855,1549,1477,4056,3633,4799,4495,177828,176460
29101,36556,36460,1957,1796,1945,1860,2164,1681,42622,41797
29103,2776,2768,24,19,0,3,25,30,2825,2820
29105,25608,25582,147,149,653,581,1029,907,27437,27219
29107,23559,23476,486,489,711,501,751,748,25507,25214
29109,25774,25703,75,80,1906,1357,1027,1003,28782,28143
29111,7185,7178,307,303,110,84,215,195,7817,7760
29113,44139,44105,843,844,1103,845,1160,1135,47245,46929
29115,8563,8537,99,96,247,231,178,165,9087,9029
29117,10404,10372,387,384,239,235,227,212,11257,11203
29119,13849,13793,281,116,1783,875,1752,1264,17665,16048
29121,10877,10874,224,221,194,151,365,371,11660,11617
29123,9264,9260,36,35,187,141,277,256,9764,9692
29125,6372,6372,16,17,91,77,237,234,6716,6700
29127,19909,19881,956,954,214,196,543,488,21622,21519
29129,2430,2417,6,4,118,59,74,54,2628,2534
29131,18289,18275,253,164,374,217,483,469,19399,19125
29133,6798,6786,1909,1905,52,44,453,462,9212,9197
29135,10219,10173,336,334,594,432,237,236,11386,11175
29137,6346,6331,231,211,104,95,139,137,6820,6774
29139,8369,8371,84,88,189,134,279,272,8921,8865
29141,15741,15727,41,36,415,363,563,564,16760,16690
29143,9780,9747,1480,1468,168,149,580,565,12008,11929
29145,39514,39300,362,355,2506,1619,3379,2754,45761,44028
29147,15995,15969,422,420,341,286,486,226,17244,16901
29149,6248,6245,10,4,89,88,319,299,6666,6636
29151,10051,10055,41,37,93,83,175,174,10360,10349
29153,6812,6801,11,11,129,129,231,233,7183,7174
29155,7943,7924,2442,2439,302,286,364,353,11051,11002
29157,13997,13989,109,109,281,188,312,226,14699,14512
29159,27914,27389,904,881,2564,1731,1129,1016,32511,31017
29161,31511,31431,827,660,921,881,2399,1577,35658,34549
29163,12210,12212,805,801,354,271,364,321,13733,13605
29165,68149,67634,5852,5222,5476,4996,5410,4859,84887,82711
29167,23273,23205,159,157,659,599,757,724,24848,24685
29169,29695,29565,4412,4007,4587,4330,3417,3097,42111,40999
29171,3399,3397,9,11,122,125,64,56,3594,3589
29173,7929,7933,169,169,31,22,92,88,8221,8212
29175,16990,16932,1146,1146,388,365,448,443,18972,18886
29177,16833,16779,159,160,419,373,462,431,17873,17743
29179,4542,4543,64,63,97,96,167,163,4870,4865
29181,7694,7686,32,32,85,55,313,285,8124,8058
29183,276310,274726,16740,16363,11602,9683,16501,12467,321153,313239
29185,7150,7106,66,68,153,118,179,175,7548,7467
29186,13842,13816,223,230,205,197,327,313,14597,14556
29187,48593,48248,1784,1784,854,753,1757,1713,52988,52498
29189,516787,510397,177264,174468,25464,18366,57152,40451,776667,743682
29195,14217,14152,991,978,2009,1533,910,737,18127,17400
29197,2856,2854,5,0,16,15,49,24,2926,2893
29199,3206,3206,7,9,8,7,65,62,3286,3284
29201,24416,24387,2471,2467,573,528,1373,1346,28833,28728
29203,5168,5168,13,11,25,29,347,329,5553,5537
29205,4344,4338,18,20,127,86,62,57,4551,4501
29207,21174,21169,203,198,377,323,426,430,22180,22120
29209,25232,25209,96,65,640,589,720,706,26688,26569
29211,3623,3618,109,66,716,476,103,101,4551,4261
29213,39718,39570,650,567,2715,2334,1650,1417,44733,43888
29215,17795,17771,763,764,430,431,609,597,19597,19563
29217,14122,14070,139,130,347,212,382,329,14990,14741
29219,26374,26377,314,311,959,832,934,929,28581,28449
29221,17014,16991,397,398,173,155,362,354,17946,17898
29223,8248,8240,45,45,129,119,307,296,8729,8700
29225,27614,27498,411,410,581,506,759,753,29365,29167
29227,1492,1493,2,3,12,14,12,9,1518,1519
29229,13213,13185,73,74,303,298,474,478,14063,14035
29510,115861,113858,92941,91633,10774,7509,16065,12260,235641,225260
30001,7255,7246,49,48,378,260,331,310,8013,7864
30003,2881,2867,32,34,434,393,5502,5501,8849,8795
30005,2406,2385,29,21,127,130,2369,2339,4931,4875
30007,5748,5732,18,16,142,128,234,234,6142,6110
30009,8608,8568,22,22,268,265,312,308,9210,9163
30011,1034,1033,0,0,15,12,28,29,1077,1074
30013,56850,56606,903,870,2845,2698,5144,4978,65742,65152
30015,3632,3615,4,8,57,53,898,895,4591,4571
30017,8786,8731,6,6,276,279,528,502,9596,9518
30019,1161,1156,0,5,25,26,43,27,1229,1214
30021,6418,6410,14,17,183,178,326,328,6941,6933
30023,7704,7704,33,31,253,256,453,452,8443,8443
30025,1972,1975,1,0,4,4,132,129,2109,2108
30027,8642,8629,40,34,188,158,356,361,9226,9182
30029,80346,79542,199,195,2774,2584,3430,3222,86749,85543
30031,91066,90082,562,497,4754,3860,4385,3887,100767,98326
30033,792,789,0,1,0,1,29,30,821,821
30035,3135,3129,24,25,215,177,6130,6101,9504,9432
30037,691,691,7,11,17,18,21,13,736,733
30039,2749,2732,6,6,47,44,148,113,2950,2895
30041,8574,8533,41,40,332,317,2646,2627,11593,11517
30043,9430,9431,6,4,265,259,517,495,10218,10189
30045,1484,1476,3,2,88,49,30,30,1605,1557
30047,18011,17806,73,69,862,768,6445,6423,25391,25066
30049,53189,52890,255,251,1908,1843,2545,2469,57897,57453
30051,1324,1324,0,0,0,1,97,68,1421,1393
30053,16179,16023,11,13,460,311,702,666,17352,17013
30055,1245,1247,2,5,4,8,107,98,1358,1358
30057,7223,7161,1,2,227,199,268,258,7719,7620
30059,1695,1699,14,16,28,27,24,18,1761,1760
30061,3660,3651,6,8,36,36,228,230,3930,3925
30063,87550,86941,278,275,4375,4097,6531,5861,98734,97174
30065,3738,3676,1,0,160,158,257,260,4156,4094
30067,13728,13623,34,37,469,424,493,477,14724,14561
30069,377,376,0,0,0,0,6,7,383,383
30071,2756,2714,0,1,40,18,439,431,3235,3164
30073,3788,3753,0,5,85,67,726,726,4599,4551
30075,1365,1356,1,1,28,24,58,45,1452,1426
30077,5304,5287,30,32,176,158,612,609,6122,6086
30079,941,934,1,0,9,7,85,94,1036,1035
30081,35373,35189,104,107,1347,1327,1202,1117,38026,37740
30083,7586,7482,20,20,406,279,421,417,8433,8198
30085,2764,2757,10,5,130,120,4159,4127,7063,7009
30087,3631,3629,4,3,163,140,2061,1970,5859,5742
30089,10027,10003,33,34,329,329,628,620,11017,10986
30091,2585,2546,2,0,102,100,180,163,2869,2809
30093,26122,26085,7,2,1114,1107,1316,1167,28559,28361
30095,6789,6771,4,1,221,222,241,242,7255,7236
30097,2760,2754,38,43,45,45,132,125,2975,2967
30099,4449,4439,19,17,65,65,232,234,4765,4755
30101,3392,3349,61,65,186,148,358,338,3997,3900
30103,566,567,0,4,28,22,8,0,602,592
30105,5096,5062,28,30,128,125,586,583,5838,5800
30107,1556,1551,0,0,20,18,34,32,1610,1601
30109,761,759,9,7,66,68,0,2,835,836
30111,114307,113645,703,591,6502,6124,8643,8213,130155,128573
31001,20449,20437,179,173,2329,1300,597,554,23554,22464
31003,4522,4513,1,2,167,106,52,49,4742,4670
31005,330,326,0,2,2,3,15,12,347,343
31007,525,524,1,0,62,14,1,0,589,537
31009,343,339,1,2,0,0,0,0,339,340
31011,3845,3838,5,0,150,102,46,43,4046,3983
31013,6729,6710,14,14,815,710,456,443,8014,7877
31015,1250,1246,6,3,56,34,40,42,1352,1325
31017,2088,2070,2,1,127,68,78,81,2295,2220
31019,34055,33933,312,253,3500,2725,1217,867,39084,37778
31021,4845,4840,15,13,168,126,197,175,5225,5154
31023,5952,5947,19,17,310,185,127,128,6408,6277
31025,19588,19545,77,77,726,683,538,490,20929,20795
31027,5932,5922,10,11,137,103,112,119,6191,6155
31029,2305,2307,2,0,427,259,38,9,2772,2575
31031,3681,3638,36,37,156,80,334,338,4207,4093
31033,6571,6558,78,67,500,481,304,249,7453,7355
31035,4118,4119,41,37,371,315,71,62,4601,4533
31037,3795,3791,307,75,3022,1381,264,269,7388,5516
31039,5901,5888,39,16,700,338,84,73,6724,6315
31041,7537,7536,49,47,234,107,138,140,7958,7830
31043,7314,7259,1229,1004,5501,3790,1014,771,15058,12824
31045,5846,5850,13,15,280,278,517,511,6656,6654
31047,10057,10019,1014,901,5844,3811,562,532,17477,15263
31049,1351,1357,0,2,116,111,45,22,1512,1492
31051,3554,3556,4,1,510,239,78,72,4146,3868
31053,23288,23155,166,143,3813,2252,678,672,27945,26222
31055,315001,312577,42477,39030,51937,32935,31637,22870,441052,407412
31057,1289,1288,10,9,33,18,54,58,1386,1373
31059,4209,4212,18,20,140,127,80,71,4447,4430
31061,2137,2135,5,3,92,85,37,40,2271,2263
31063,1885,1866,4,3,73,58,78,79,2040,2006
31065,3327,3319,17,10,164,119,71,74,3579,3522
31067,15816,15816,67,67,426,380,431,427,16740,16690
31069,1317,1317,0,4,58,53,27,19,1402,1393
31071,1330,1332,7,5,8,9,22,23,1367,1369
31073,1491,1488,0,1,103,97,23,24,1617,1610
31075,460,443,0,0,0,1,19,16,479,460
31077,1609,1609,12,10,54,53,15,18,1690,1690
31079,30509,30496,1307,1001,12518,6816,1048,987,45382,39300
31081,6807,6804,1,3,245,153,130,128,7183,7088
31083,2113,2112,2,3,43,45,67,29,2225,2189
31085,631,628,0,1,26,9,2,3,659,641
31087,1839,1840,1,0,68,72,56,45,1964,1957
31089,7019,6999,34,31,341,227,107,110,7501,7367
31091,508,509,9,8,0,1,3,6,520,524
31093,4721,4705,1,1,125,49,37,33,4884,4788
31095,5126,5123,1,2,351,231,60,62,5538,5418
31097,3318,3301,247,240,467,345,190,190,4222,4076
31099,4715,4711,0,2,260,253,77,61,5052,5027
31101,5818,5801,92,89,468,453,146,118,6524,6461
31103,592,591,1,2,26,7,0,0,619,597
31105,2223,2220,39,9,212,206,136,146,2610,2581
31107,5579,5568,54,56,132,133,585,566,6350,6323
31109,207467,205353,9044,7820,17542,13581,19364,14688,253417,241442
31111,23213,23151,205,166,1974,1668,670,566,26062,25551
31113,510,508,12,14,12,6,24,24,558,552
31115,413,407,0,0,20,22,18,21,451,450
31117,345,335,3,3,3,0,28,28,379,366
31119,21692,21665,172,124,3581,2208,1104,876,26549,24873
31121,5538,5534,1,0,289,261,154,153,5982,5948
31123,2933,2880,1,0,456,439,126,114,3516,3433
31125,2414,2413,3,4,73,70,47,42,2537,2529
31127,5081,5077,77,77,187,174,132,133,5477,5461
31129,3063,3065,9,8,137,123,128,124,3337,3320
31131,11053,10999,116,95,874,608,297,290,12340,11992
31133,1850,1846,2,1,30,32,27,28,1909,1907
31135,2003,1993,0,0,101,49,28,28,2132,2070
31137,6256,6251,68,68,391,283,107,113,6822,6715
31139,5240,5235,26,28,102,34,110,107,5478,5404
31141,19684,19676,221,182,5129,3033,461,414,25495,23305
31143,3761,3750,0,2,217,149,79,70,4057,3971
31145,7547,7525,99,105,451,327,93,83,8190,8040
31147,5578,5576,17,16,130,116,347,349,6072,6057
31149,1041,1038,4,5,8,9,4,5,1057,1057
31151,7652,7643,34,34,2599,1291,534,443,10819,9411
31153,116984,116259,5888,5344,14602,11305,7968,6785,145442,139693
31155,16504,16480,44,42,410,253,383,368,17341,17143
31157,20767,20714,199,190,5376,4703,841,750,27183,26357
31159,12814,12814,66,64,363,307,288,255,13531,13440
31161,3327,3317,29,24,165,150,424,404,3945,3895
31163,2214,2213,11,9,60,62,54,58,2339,2342
31165,892,897,4,2,22,20,7,4,925,923
31167,4045,4047,7,6,253,218,40,42,4345,4313
31169,3605,3585,2,9,94,91,90,82,3791,3767
31171,440,440,10,8,27,27,26,24,503,499
31173,1946,1932,18,17,100,86,2291,2274,4355,4309
31175,2995,2986,0,2,119,73,58,58,3172,3119
31177,15277,15104,29,29,444,366,290,292,16040,15791
31179,6900,6795,92,32,620,419,232,222,7844,7468
31181,2363,2362,1,8,132,110,123,98,2619,2578
31183,653,655,1,1,32,6,0,0,686,661
31185,9930,9879,145,125,562,475,326,280,10963,10759
32001,14932,14892,447,447,2526,2280,2039,1958,19944,19577
32003,783699,761938,207067,201005,520665,369216,300896,259625,1812327,1591784
32005,34885,34633,118,109,4716,4026,2530,2473,42249,41241
32007,26975,26843,330,310,9247,6964,3209,3024,39761,37141
32009,604,601,2,2,251,201,38,33,895,837
32011,992,991,4,0,65,66,212,217,1273,1274
32013,8660,8635,127,120,3102,2639,836,698,12725,12092
32015,3216,3196,14,14,734,707,215,199,4179,4116
32017,3211,3194,111,114,53,47,148,140,3523,3495
32019,36775,36540,771,771,8405,6642,3303,3164,49254,47117
32021,2116,2113,146,146,606,596,733,726,3601,3581
32023,34180,33878,1463,1241,6559,5205,3129,2936,45331,43260
32027,3627,3601,310,307,1178,880,344,294,5459,5082
32029,2869,2768,100,100,381,386,232,230,3582,3484
32031,254122,250894,9391,8929,88899,64740,41854,34826,394266,359389
32033,5117,5032,513,477,1034,1008,367,365,7031,6882
32510,31892,31778,962,960,10650,7332,3243,3110,46747,43180
33001,50787,50455,275,272,1005,1001,1402,1254,53469,52982
33003,42358,42229,269,265,647,653,899,853,44173,44000
33005,59715,59263,396,269,1417,1338,2009,1784,63537,62654
33007,24571,24381,629,542,606,469,449,438,26255,25830
33009,70155,69209,819,790,2065,1968,4667,3610,77706,75577
33011,288566,284024,7548,6272,24460,18158,22107,16997,342681,325451
33013,117578,116759,1802,1312,3029,2855,4905,4343,127314,125269
33015,240226,237803,1765,1595,8376,7181,9751,8314,260118,254893
33017,98989,98285,1184,982,3079,2923,5921,5025,109173,107215
33019,34034,33836,292,291,655,661,976,950,35957,35738
34001,129129,127289,27548,26324,38251,28396,23944,19745,218872,201754
34003,411562,393700,43135,39904,163424,129407,143001,105883,761122,668894
34005,246973,242736,60881,57858,31194,27826,32631,26920,371679,355340
34007,232860,230034,73408,71673,67531,52937,33762,26847,407561,381491
34009,69146,68655,2794,2712,4839,3620,1888,1761,78667,76748
34011,54275,53668,20479,19614,36128,26615,5022,4442,115904,104339
34013,204309,185469,244958,214265,154929,102531,55163,42646,659359,544911
34015,187385,185862,24676,23962,17037,14167,12615,10933,241713,234924
34017,175839,157686,62279,57306,224749,161849,113462,61189,576329,438030
34019,88051,86796,2605,2567,8371,6751,6250,5041,105277,101155
34021,143291,138028,54431,48907,60285,36683,43029,28703,301036,252321
34023,285994,275162,69206,63988,146387,103816,182625,123156,684212,566122
34025,387100,379428,30699,29115,56280,42070,36529,31012,510608,481625
34027,283606,277942,13224,12350,60531,45163,50955,38861,408316,374316
34029,411753,407522,15211,14271,48077,37839,15955,13995,490996,473627
34031,165984,158743,39719,37403,165206,111193,26963,21459,397872,328798
34033,38249,38114,6432,6431,4678,4096,1602,1564,50961,50205
34035,147722,144118,26007,24462,44111,30734,57962,41524,275802,240838
34037,97979,96586,2071,1983,12460,10580,4877,4467,117387,113616
34039,171856,161559,91071,81554,146250,89841,33852,25932,443029,358886
34041,70566,69745,5060,4902,10107,8014,3723,3119,89456,85780
35001,226537,223374,14325,13215,245904,220365,50412,45690,537178,502644
35003,2670,2639,69,66,556,561,217,206,3512,3472
35005,19729,19654,765,765,26247,22660,1677,1433,48418,44512
35006,4568,4544,523,523,6556,6364,8964,8860,20611,20291
35007,5220,5221,60,55,4575,4278,306,310,10161,9864
35009,16756,16656,1876,1878,14636,11899,1733,1587,35001,32020
35011,499,499,1,0,773,775,2,1,1275,1275
35013,53077,52274,2789,2191,110253,95183,6231,5619,172350,155267
35015,21260,21168,711,678,21744,18978,1631,1479,45346,42303
35017,11734,11601,218,141,10056,9559,795,760,22803,22061
35019,650,630,87,82,2561,2389,106,70,3404,3171
35021,349,344,11,13,187,187,5,7,552,551
35023,1327,1307,2,0,1723,1639,128,95,3180,3041
35025,18572,18447,1757,1726,30349,21433,1301,1029,51979,42635
35027,10897,10864,156,155,4911,4515,890,835,16854,16369
35028,11087,10901,56,28,2546,2494,1470,1021,15159,14444
35029,6313,6288,308,309,11841,9663,536,465,18998,16725
35031,4833,4750,230,197,5177,4800,41113,40766,51353,50513
35033,851,819,0,0,2514,2514,74,74,3439,3407
35035,27399,26976,2037,1993,19443,16699,4881,4639,53760,50307
35037,3640,3640,6,8,2798,2757,437,435,6881,6840
35039,5296,5288,175,162,20209,18620,5374,5202,31054,29272
35041,7582,7556,104,68,5906,5082,592,527,14184,13233
35043,55007,54670,2659,2080,44786,42310,17760,17363,120212,116423
35045,36726,36655,546,549,15173,13714,38335,37874,90780,88792
35047,4843,4828,341,314,16427,16169,713,708,22324,22019
35049,65252,64148,1195,1092,57478,49244,7104,6249,131029,120733
35051,6644,6594,19,17,2562,2008,479,476,9704,9095
35053,4754,4716,61,66,6055,5932,1450,1217,12320,11931
35055,12938,12792,115,103,13722,12828,2369,2326,29144,28049
35057,6665,6651,191,194,4901,4589,599,600,12356,12034
35059,1777,1776,31,29,1212,1114,137,144,3157,3063
35061,20879,20795,920,918,34934,31491,3891,3680,60624,56884
36001,188603,185191,29693,27745,16517,14756,25060,17593,259873,245285
36003,35520,35353,631,604,774,753,993,736,37918,37446
36005,104782,95429,323361,282603,570128,435126,65018,50702,1063289,863860
36007,132233,131029,7895,7082,7334,6587,12226,9004,159688,153702
36009,54604,54422,781,717,1093,983,3020,3000,59498,59122
36011,54928,54670,2206,2092,1911,1500,1539,1462,60584,59724
36013,87505,86986,2212,2148,7758,7175,2269,1950,99744,98259
36015,56731,56328,3864,3748,1930,1640,2454,2030,64979,63746
36017,34881,34645,304,278,798,595,768,691,36751,36209
36019,57853,57111,2117,1813,2207,1687,2153,1760,64330,62371
36021,44810,44139,1895,1684,2619,1860,2052,1826,51376,49509
36023,34551,34380,751,706,1247,1216,1152,1030,37701,37332
36025,34108,33721,290,292,1673,1535,1339,1290,37410,36838
36027,172287,169710,23652,21602,33061,26654,14403,12540,243403,230506
36029,581891,575046,87987,84757,40830,38226,48483,35663,759191,733692
36031,29039,28671,693,665,875,596,664,596,31271,30528
36033,31570,31341,1583,1543,1027,857,3215,3125,37395,36866
36035,38918,38712,754,723,1401,1271,923,850,41996,41556
36037,41670,41492,1090,1031,1815,1437,1413,1407,45988,45367
36039,34283,33982,1927,1824,2387,2212,1142,1052,39739,39070
36041,4223,4212,72,71,81,78,96,100,4472,4461
36043,44953,44806,679,565,1108,937,834,757,47574,47065
36045,73031,72502,3993,3813,5627,5051,4737,4188,87388,85554
36047,749548,673967,604707,536896,376500,283103,316349,224384,2047104,1718350
36049,19721,19682,166,163,332,239,368,350,20587,20434
36051,46141,45737,1069,1042,1979,1638,1343,1220,50532,49637
36053,50947,50510,1112,1067,1292,1223,1717,1446,55068,54246
36055,436531,430990,75453,72999,50907,46708,37687,29873,600578,580570
36057,31308,31235,934,906,4949,4774,883,847,38074,37762
36059,629486,620875,125920,116210,187360,139971,148100,121341,1090866,998397
36061,681809,623295,173398,161145,323365,259207,224724,160930,1403296,1204577
36063,146062,144135,10325,9848,5285,4709,7200,6552,168872,165244
36065,150098,147690,9323,8640,10398,9353,10282,7589,180101,173272
36067,293563,289464,35186,32686,18124,16243,25700,20429,372573,358822
36069,82140,81820,1909,1652,4193,3683,2715,2168,90957,89323
36071,185432,181218,34094,31829,66671,53710,16235,13304,302432,280061
36073,28139,27998,1737,1627,1532,1280,768,598,32176,31503
36075,87981,87683,952,879,2579,2439,2160,1961,93672,92962
36077,46249,45913,1173,1135,2102,1785,1635,1298,51159,50131
36079,59559,58671,2333,2020,14020,11086,3159,2545,79071,74322
36081,471650,433336,334915,297251,498981,329994,563831,391445,1869377,1452026
36083,108308,107315,8354,7983,6527,6061,6582,4898,129771,126257
36085,227504,217702,33342,30677,69740,57662,57581,44437,388167,350478
36087,144503,140544,28237,24298,47690,30632,19828,17078,240258,212552
36089,79133,78356,1982,1763,2141,1865,2657,2068,85913,84052
36091,174122,172697,3273,2830,6714,6150,8652,6925,192761,188602
36093,92965,91569,13028,11944,8585,7837,11380,9308,125958,120658
36095,22989,22827,368,361,910,870,600,565,24867,24623
36097,13550,13468,162,142,267,246,286,265,14265,14121
36099,23525,23403,1028,1008,1028,861,659,602,26240,25874
36101,68101,67814,1191,1045,1254,1027,2118,1597,72664,71483
36103,808774,797548,86276,80122,242011,175484,75185,62846,1212246,1116000
36105,44110,43195,5504,4905,10276,7828,2734,2210,62624,58138
36107,36120,35973,524,502,778,674,714,644,38136,37793
36109,68716,65660,3700,3291,5562,4811,11814,7601,89792,81363
36111,120083,118336,8749,8264,15947,13811,6606,5744,151385,146155
36113,50683,50219,738,671,1396,1230,1234,1055,54051,53175
36115,45808,45448,1334,1272,1318,1016,900,734,49360,48470
36117,65039,64905,1906,1862,3160,2373,1743,1596,71848,70736
36119,416841,398757,105546,95262,200471,148653,64350,50874,787208,693546
36121,29092,29009,1550,1450,1181,907,591,566,32414,31932
36123,17999,17965,175,172,427,398,481,443,19082,18978
37001,86692,86090,27927,27690,17050,9304,6016,5242,137685,128326
37003,25524,25502,1454,1406,1262,861,1029,982,29269,28751
37005,8060,8056,177,179,831,505,272,272,9340,9012
37007,8202,8180,8105,8108,610,210,947,835,17864,17333
37009,20737,20729,197,200,1107,773,362,326,22403,22028
37011,13394,13328,653,614,750,368,329,313,15126,14623
37013,25075,25023,8015,8010,2186,1128,708,693,35984,34854
37015,5123,5106,8460,8451,372,109,425,416,14380,14082
37017,13345,13324,7574,7575,1614,842,937,894,23470,22635
37019,110894,110399,10593,10595,5753,4246,3906,3736,131146,128976
37021,189921,187523,11181,10994,15423,8966,8906,8106,225431,215589
37023,59055,58966,4438,4441,4646,3300,3487,3074,71626,69781
37025,109507,108643,33088,32641,18591,11152,15513,10897,176699,163333
37027,56727,56472,2619,2620,3424,2367,1865,1662,64635,63121
37029,6891,6884,903,853,230,227,378,388,8402,8352
37031,50725,50530,2560,2529,2169,1642,2042,1994,57496,56695
37033,11310,11213,5727,5697,721,399,537,524,18295,17833
37035,98401,97643,9918,9917,11966,7842,7895,7308,128180,122710
37037,47785,47149,7178,7132,6979,3090,2691,2335,64633,59706
37039,22757,22728,429,427,738,565,919,915,24843,24635
37041,7008,6955,3586,3587,432,224,158,159,11184,10925
37043,9137,9082,202,200,229,157,178,182,9746,9621
37045,58040,57768,13779,13774,2867,1956,3778,3400,78464,76898
37047,24314,24239,11237,11195,1688,901,2566,2476,39805,38811
37049,55651,55385,15430,15367,5260,4486,4452,4001,80793,79239
37051,109757,108676,94345,92051,28540,25471,20875,18929,253517,245127
37053,20720,20614,1376,1345,993,662,807,766,23896,23387
37055,27826,27581,790,793,1716,1129,773,709,31105,30212
37057,108031,107577,12788,12730,9496,6195,5162,4495,135477,130997
37059,29677,29526,1781,1782,2291,1241,1164,1091,34913,33640
37061,20474,20339,8976,8409,7016,3271,1157,1116,37623,33135
37063,121603,118780,86292,83903,33187,16660,24668,18347,265750,237690
37065,14173,14130,20698,20698,1832,813,882,885,37585,36526
37067,175737,173971,75470,74698,35810,20622,14614,11716,301631,281007
37069,37018,36905,13681,13535,5264,3315,2231,2031,58194,55786
37071,128867,128211,30607,30014,14753,9681,7960,7131,182187,175037
37073,5367,5315,2650,2647,170,113,192,196,8379,8271
37075,5686,5683,30,29,158,105,654,635,6528,6452
37077,28292,28176,14392,14329,4222,1977,1375,1368,48281,45850
37079,7948,7916,5478,5475,2104,1013,1093,1082,16623,15486
37081,215033,211529,143548,138554,34631,21886,34153,26636,427365,398605
37083,14888,14804,19211,19100,913,488,2551,2392,37563,36784
37085,64280,63894,21623,21299,13082,9270,4773,4548,103758,99011
37087,47726,47485,411,411,2035,1443,1465,1441,51637,50780
37089,80499,79883,2601,2573,10027,5545,3214,3031,96341,91032
37091,5516,5502,8963,8915,835,473,756,686,16070,15576
37093,15161,14963,13558,13303,5068,3627,5556,5350,39343,37243
37095,2298,2300,994,995,289,108,186,182,3767,3585
37097,116739,115555,17160,16781,11997,7534,6899,5928,152795,145798
37099,30123,30001,894,843,2062,1058,3531,3455,36610,35357
37101,115761,115101,30249,29922,24509,14517,5406,5182,175925,164722
37103,4907,4903,2094,2091,296,167,283,280,7580,7441
37105,30474,30301,8845,8782,8989,5208,1920,1819,50228,46110
37107,21585,21530,16847,16784,2905,1703,1189,992,42526,41009
37109,62575,62252,4312,4311,5166,3099,1532,1375,73585,71037
37111,31807,31757,1476,1475,1981,1296,860,728,36124,35256
37113,27496,27251,516,450,2234,1253,973,891,31219,29845
37115,16852,16814,242,237,607,553,392,402,18093,18006
37117,9296,9287,6893,6893,563,490,494,482,17246,17152
37119,421771,410961,268719,259810,120713,60515,79745,55129,890948,786415
37121,11410,11409,138,136,547,385,260,261,12355,12191
37123,14005,13992,3432,3391,2448,1309,816,599,20701,19291
37125,65156,64866,7861,7863,5034,3673,4021,3663,82072,80065
37127,37420,37367,30054,29974,4876,3159,2657,2327,75007,72827
37129,152804,150647,20635,20510,11917,7550,7751,6804,193107,185511
37131,5807,5806,7466,7458,250,174,409,391,13932,13829
37133,105148,104865,18490,18212,19977,18277,12773,12185,156388,153539
37135,85195,83454,12839,12548,10349,6574,13063,9747,121446,112323
37137,8005,7977,1806,1805,411,244,413,413,10635,10439
37139,18251,18194,11261,11260,1600,1324,985,901,32097,31679
37141,39439,39236,6425,6425,3475,1996,1500,1347,50839,49004
37143,8007,7979,2259,2259,283,252,253,253,10802,10743
37145,20987,20863,8078,8076,1571,1002,747,743,31383,30684
37147,78293,77702,46647,46265,9039,5374,5971,4701,139950,134042
37149,14999,14877,700,699,761,552,388,390,16848,16518
37151,89988,89688,7006,7005,12948,6265,3868,3428,113810,106386
37153,18807,18802,9797,9786,1984,1354,1812,1761,32400,31703
37155,22788,22673,20449,20140,6551,3100,36922,36675,86710,82588
37157,53747,53694,13368,13350,4122,2565,2187,2127,73424,71736
37159,84062,83507,18029,17994,10967,5563,3591,3265,116649,110329
37161,43560,43503,4047,4045,2353,1605,1909,1766,51869,50919
37163,23950,23819,11617,11562,7751,3637,1570,1530,44888,40548
37165,11475,11401,9566,9523,836,575,3911,3850,25788,25349
37167,41029,40921,5580,5577,2363,1128,1677,1499,50649,49125
37169,33395,33384,1349,1352,1202,1118,796,782,36742,36636
37171,47850,47757,2016,2002,5441,3339,1075,934,56382,54032
37173,7053,7050,339,328,362,240,3343,3243,11097,10861
37175,25646,25536,955,954,1140,658,677,583,28418,27731
37177,1655,1647,994,964,172,34,48,55,2869,2700
37179,131302,129432,21075,20551,21704,13544,12644,9930,186725,173457
37181,13247,13168,15294,15095,2365,1344,1255,1147,32161,30754
37183,544716,533194,171270,165425,89389,55427,102096,70629,907471,824675
37185,6351,6271,7367,7332,588,333,1167,1170,15473,15106
37187,4221,4217,4040,4038,266,191,219,223,8746,8669
37189,43494,43246,860,841,2633,1824,1460,1377,48447,47288
37191,49349,49073,28016,27492,9606,4959,3664,3239,90635,84763
37193,46547,46425,2178,2076,3036,1520,1015,871,52776,50892
37195,29829,29713,23647,23473,5914,3613,1840,1598,61230,58397
37197,25594,25566,582,580,2841,1520,792,796,29809,28462
37199,14398,14346,151,154,646,429,226,186,15421,15115
38001,1463,1450,11,13,78,24,107,61,1659,1548
38003,8026,7938,24,25,148,139,449,328,8647,8430
38005,2013,2006,34,36,32,28,1782,1747,3861,3817
38007,760,760,0,0,35,22,43,44,838,826
38009,4525,4452,1,0,115,71,323,302,4964,4825
38011,2050,2044,0,1,57,60,79,76,2186,2181
38013,1368,1369,35,37,41,42,128,112,1572,1560
38015,68795,68505,1565,1024,1987,1749,4888,4204,77235,75482
38017,128415,127685,8617,5219,4393,4051,9079,6124,150504,143079
38019,2663,2638,2,0,46,46,127,114,2838,2798
38021,3504,3439,0,0,121,108,188,137,3813,3684
38023,1626,1604,2,4,48,54,73,56,1749,1718
38025,2433,2430,4,4,104,88,443,376,2984,2898
38027,1655,1654,1,1,83,84,88,80,1827,1819
38029,2461,2458,2,3,38,36,97,96,2598,2593
38031,2467,2461,9,7,41,40,112,67,2629,2575
38033,1235,1236,0,0,9,6,36,33,1280,1275
38035,48870,48119,1902,1251,2447,2175,4261,3288,57480,54833
38037,1641,1637,1,0,24,25,96,64,1762,1726
38039,1732,1722,0,0,22,23,27,25,1781,1770
38041,1888,1878,6,1,0,1,89,88,1983,1968
38043,1778,1780,4,0,45,43,28,23,1855,1846
38045,3051,3051,6,5,53,35,65,60,3175,3151
38047,1367,1367,6,3,33,33,30,31,1436,1434
38049,3768,3738,42,42,63,61,72,69,3945,3910
38051,1875,1861,3,2,79,41,76,62,2033,1966
38053,7574,7491,257,259,990,600,1050,1032,9871,9382
38055,6973,6933,11,12,155,76,613,554,7752,7575
38057,5946,5906,2,3,146,137,294,297,6388,6343
38059,23219,23182,548,546,904,906,1383,1310,26054,25944
38061,4229,4215,123,99,465,372,1931,1869,6748,6555
38063,2233,2193,12,14,52,49,95,70,2392,2326
38065,1344,1344,0,0,20,16,0,0,1364,1358
38067,4793,4724,43,40,195,176,279,269,5310,5209
38069,2927,2923,11,16,26,27,144,141,3108,3107
38071,7540,7493,76,77,195,195,1067,978,8878,8743
38073,4148,4146,57,57,78,69,142,111,4425,4383
38075,1743,1726,4,5,11,9,59,33,1817,1773
38077,11966,11900,125,120,366,314,532,518,12989,12852
38079,1821,1818,17,16,79,76,6168,6153,8085,8063
38081,2757,2742,92,80,100,84,81,82,3030,2988
38083,1062,1061,2,0,3,2,17,12,1084,1075
38085,399,392,13,15,51,54,2007,1982,2470,2443
38087,593,598,1,0,0,0,48,46,642,644
38089,21046,20962,467,360,1417,1099,1169,946,24099,23367
38091,1354,1347,0,1,23,30,33,28,1410,1406
38093,15830,15687,344,306,424,357,619,578,17217,16928
38095,1300,1299,0,1,103,87,161,149,1564,1536
38097,5665,5633,73,66,184,151,227,189,6149,6039
38099,6771,6736,45,35,848,738,298,278,7962,7787
38101,43762,43339,2137,1805,3189,2942,3269,2853,52357,50939
38103,2879,2873,2,2,11,13,84,80,2976,2968
38105,21866,21613,1233,756,2328,2040,2192,1869,27619,26278
39001,20095,20002,118,120,163,135,595,567,20971,20824
39003,63943,63733,7216,6900,2377,2126,3977,3795,77513,76554
39005,38679,38514,366,358,619,550,829,784,40493,40206
39007,67994,67711,2917,2886,3172,2628,1855,1820,75938,75045
39009,47016,46811,1260,1071,1147,1031,3165,2286,52588,51199
39011,33756,33728,286,283,535,517,521,496,35098,35024
39013,48991,48897,1911,1910,610,509,1699,1627,53211,52943
39015,32633,32611,268,265,355,264,605,587,33861,33727
39017,237713,235483,24273,22481,16478,10534,22641,17959,301105,286457
39019,20359,20350,184,181,319,291,346,349,21208,21171
39021,28376,28290,549,554,505,485,814,763,30244,30092
39023,89086,88893,8525,7594,3447,2646,3581,3342,104639,102475
39025,153168,152527,2530,2378,3679,3068,5083,4488,164460,162461
39027,30352,30219,688,654,620,254,822,789,32482,31916
39029,75732,75573,1620,1614,1291,961,1733,1706,80376,79854
39031,26784,26775,131,133,401,403,684,605,28000,27916
39033,31183,31150,240,238,524,478,691,512,32638,32378
39035,600467,589695,271718,267487,61205,55283,57388,46274,990778,958739
39037,37778,37744,140,142,614,558,864,623,39396,39067
39039,25778,25768,462,461,2902,2743,572,552,29714,29524
39041,140245,138882,7209,6807,5229,4184,17888,10866,170571,160739
39043,50968,50872,4817,4730,2319,1878,1985,1527,60089,59007
39045,104381,103711,10684,10446,2911,2496,6504,5685,124480,122338
39047,20446,20420,491,494,474,316,702,601,22113,21831
39049,646158,635895,219743,202113,62829,37377,94211,70818,1022941,946203
39051,29037,28979,89,91,2724,2423,642,629,32492,32122
39053,20960,20909,524,524,206,202,523,496,22213,22131
39055,70847,70651,834,831,1309,1179,1305,1282,74295,73943
39057,113202,112594,8639,8327,4085,3585,8874,7429,134800,131935
39059,28300,28289,453,449,290,207,722,650,29765,29595
39061,427388,422695,147149,142739,23487,15300,41871,34254,639895,614988
39063,52403,52060,949,856,2996,2520,2213,1675,58561,57111
39065,22042,22010,288,290,431,391,749,677,23510,23368
39067,10780,10780,320,319,63,63,143,126,11306,11288
39069,19157,19151,76,78,1524,1442,379,375,21136,21046
39071,31663,31545,369,361,335,306,749,742,33116,32954
39073,20997,20969,109,105,227,226,506,499,21839,21799
39075,30193,30150,38,44,322,305,422,403,30975,30902
39077,40476,40428,445,403,2705,2340,910,808,44536,43979
39079,23863,23863,248,251,209,205,560,418,24880,24737
39081,47280,47250,2387,2379,843,754,1478,1375,51988,51758
39083,46362,46179,509,505,892,702,994,824,48757,48210
39085,165086,164123,8394,8356,7909,6215,6027,4809,187416,183503
39087,42292,42255,756,756,445,420,1061,930,44554,44361
39089,123660,123090,5853,5647,2919,2659,7900,6771,140332,138167
39091,33211,33114,572,570,723,561,1104,984,35610,35229
39093,197745,196821,17047,16974,23670,22718,10336,8771,248798,245284
39095,234153,232296,60002,59311,21694,19990,14659,12945,330508,324542
39097,31070,31007,1859,1854,862,665,1774,1654,35565,35180
39099,141115,140614,23047,22822,10646,9800,5764,5198,180572,178434
39101,44952,44931,2991,2988,1317,1179,1895,1747,51155,50845
39103,135284,134462,1682,1631,3340,2995,4141,3638,144447,142726
39105,16761,16741,190,186,76,74,360,314,17387,17315
39107,29819,29772,427,214,658,496,773,631,31677,31113
39109,78244,78077,1720,1645,1500,1301,3587,2913,85051,83936
39111,10213,10217,52,18,15,10,259,256,10539,10501
39113,297573,295015,82058,79963,14935,11341,22697,18754,417263,405073
39115,10024,10016,336,333,68,58,371,362,10799,10769
39117,26482,26416,109,113,455,428,667,664,27713,27621
39119,61706,61590,2184,2178,708,605,2222,2139,66820,66512
39121,10526,10525,598,597,246,210,199,197,11569,11529
39123,30672,30616,356,336,1499,1432,453,418,32980,32802
39125,13252,13226,41,41,705,520,355,332,14353,14119
39127,26330,26258,81,68,210,174,589,580,27210,27080
39129,43468,43400,1532,1526,808,738,1356,1346,47164,47010
39131,19707,19708,204,202,96,100,693,616,20700,20626
39133,118033,117198,6180,6062,2670,2239,5608,4036,132491,129535
39135,30560,30501,176,174,300,297,688,641,31724,31613
39137,23772,23706,144,144,1424,1251,220,212,25560,25313
39139,83949,83612,7940,7853,1909,1746,4073,3990,97871,97201
39141,54224,54222,3782,3707,730,652,1656,1532,60392,60113
39143,39277,39269,1170,1171,4351,4074,1299,1097,46097,45611
39145,53070,53003,1555,1554,674,485,1593,1500,56892,56542
39147,38849,38726,1021,1021,2054,1976,1119,952,43043,42675
39149,33695,33660,810,740,570,547,1130,994,36205,35941
39151,255440,254597,19677,19500,7270,6077,10798,9803,293185,289977
39153,331323,329290,55064,53733,9881,7726,30306,23877,426574,414626
39155,140034,139825,12014,11952,3000,2885,4514,4297,159562,158959
39157,67010,66861,511,498,2171,1234,1242,1143,70934,69736
39159,44277,44113,1217,1179,1557,1031,4027,2987,51078,49310
39161,20792,20771,131,131,820,635,453,435,22196,21972
39163,9572,9571,124,130,29,25,282,277,10007,10003
39165,161113,159874,6421,6230,5827,4467,17177,10465,190538,181036
39167,45072,44993,440,432,511,491,1252,1076,47275,46992
39169,83089,82558,1135,1010,1892,1565,2538,2009,88654,87142
39171,26402,26345,226,226,1327,1191,677,599,28632,28361
39173,92597,92151,2238,2103,6076,5327,4434,3558,105345,103139
39175,16018,15968,49,50,457,305,230,234,16754,16557
40001,6303,6282,128,129,679,532,7348,7340,14458,14283
40003,3741,3732,200,202,272,241,440,430,4653,4605
40005,8065,8062,493,492,428,339,2334,2324,11320,11217
40007,2642,2629,36,8,949,740,164,153,3791,3530
40009,12732,12735,900,886,2188,1757,1202,1114,17022,16492
40011,4763,4743,314,314,673,422,713,705,6463,6184
40013,26557,26443,696,696,2278,1624,7306,7220,36837,35983
40015,11756,11738,810,801,3104,2470,4694,4669,20364,19678
40017,93631,93408,4741,4645,12775,10629,14493,13404,125640,122086
40019,26212,26139,2342,2340,2457,2012,5424,5222,36435,35713
40021,19210,19119,581,585,2143,1376,15850,15745,37784,36825
40023,6828,6818,1055,1059,407,306,2508,2440,10798,10623
40025,1206,1204,2,0,451,297,101,110,1760,1611
40027,169600,168293,10864,10501,22840,18768,35468,32045,238772,229607
40029,2786,2785,17,21,145,139,1089,1084,4037,4029
40031,53897,53098,13686,13336,11663,10819,13549,12565,92795,89818
40033,3328,3326,61,65,253,231,591,587,4233,4209
40035,7158,7144,401,393,369,285,3118,3054,11046,10876
40037,43239,43172,1106,1104,2514,1961,9014,8949,55873,55186
40039,15074,15037,544,534,3415,2668,2176,2107,21209,20346
40041,22270,22260,114,117,1110,1006,9613,9496,33107,32879
40043,2684,2681,0,4,150,94,332,333,3166,3112
40045,2459,2455,14,14,224,152,169,155,2866,2776
40047,34508,34465,1066,1068,5718,4686,4746,3359,46038,43578
40049,14833,14715,270,267,1667,1135,2605,2540,19375,18657
40051,35663,35580,783,767,2612,2116,4403,4331,43461,42794
40053,2762,2761,79,75,131,133,179,177,3151,3146
40055,3262,3263,332,328,466,451,336,329,4396,4371
40057,1029,1023,183,182,510,436,97,103,1819,1744
40059,1847,1845,2,1,494,194,97,97,2440,2137
40061,6445,6429,19,21,376,228,2093,2074,8933,8752
40063,6750,6734,686,683,546,363,2537,2507,10519,10287
40065,12065,12041,1126,1103,4085,3487,1252,1114,18528,17745
40067,3179,3168,38,31,384,289,435,426,4036,3914
40069,5607,5583,205,185,393,328,1664,1665,7869,7761
40071,25177,25080,598,565,2344,1900,4683,4566,32802,32111
40073,8667,8654,65,65,1763,1084,814,816,11309,10619
40075,4848,4851,245,245,636,633,633,619,6362,6348
40077,4867,4864,113,108,243,217,2207,2214,7430,7403
40079,27145,27061,772,771,2358,1345,6826,6786,37101,35963
40081,21884,21866,440,433,809,748,3058,3004,26191,26051
40083,31234,31159,2728,2705,3171,2105,3386,3211,40519,39180
40085,5599,5590,183,183,1198,870,810,792,7790,7435
40087,26880,26819,364,342,2766,2077,3907,3868,33917,33106
40089,14805,14801,1740,1739,1125,822,5053,4769,22723,22131
40091,10909,10859,436,437,395,393,3788,3780,15528,15469
40093,4866,4863,3,0,492,312,337,319,5698,5494
40095,8483,8483,64,63,1781,1292,1792,1785,12120,11623
40097,20526,20453,141,136,910,835,8859,8822,30436,30246
40099,7831,7807,127,127,662,495,2012,1974,10632,10403
40101,29641,29574,4847,4825,2870,2159,12887,12750,50245,49308
40103,6976,6928,30,23,325,326,1100,1108,8431,8385
40105,4996,4959,134,134,192,180,1941,1941,7263,7214
40107,5553,5539,665,661,286,248,2230,2208,8734,8656
40109,348653,345195,84978,82870,98395,61591,69857,63292,601883,552948
40111,18336,18287,2127,2125,1151,1010,6590,6556,28204,27978
40113,23901,23871,3847,3848,1370,1144,7261,7235,36379,36098
40115,15364,15314,243,212,1121,808,5955,5809,22683,22143
40117,9419,9404,62,59,386,366,2262,2228,12129,12057
40119,51364,50700,2495,2066,3831,3204,9989,7962,67679,63932
40121,24226,24142,943,944,1539,1326,6964,6936,33672,33348
40123,19590,19539,638,589,1401,1212,7059,6919,28688,28259
40125,41799,41591,1566,1523,2879,2471,10240,10113,56484,55698
40127,6193,6195,98,96,296,230,1887,1874,8474,8395
40129,2155,2155,3,2,165,129,222,213,2545,2499
40131,55525,55299,719,721,3853,3086,15625,15378,75722,74484
40133,12039,11987,688,689,792,623,4260,4204,17779,17503
40135,19629,19611,526,523,1138,837,9031,8967,30324,29938
40137,27307,27205,464,462,2388,2036,3478,3396,33637,33099
40139,6432,6333,756,556,7100,4143,505,366,14793,11398
40141,3304,3298,330,325,1289,1136,343,346,5266,5105
40143,321236,318022,46063,44765,66048,38906,76885,70122,510232,471815
40145,47556,47329,2264,2212,4928,3492,11400,11200,66148,64233
40147,30253,30147,955,942,2377,1943,6921,6628,40506,39660
40149,7000,6951,103,106,643,583,458,446,8204,8086
40151,5698,5605,182,185,441,425,483,482,6804,6697
40153,12217,12219,215,213,1900,1162,958,937,15290,14531
41001,12323,12316,132,131,546,475,508,512,13509,13434
41003,64875,63290,881,756,6539,5233,8857,6621,81152,75900
41005,272992,269229,3251,2888,29082,23285,30399,26502,335724,321904
41007,29296,29133,335,332,2635,2073,1707,1626,33973,33164
41009,37539,37173,290,268,2427,2193,2371,2245,42627,41879
41011,46079,45899,251,246,3229,2580,3876,3590,53435,52315
41013,18851,18772,136,137,1366,1314,804,805,21157,21028
41015,17480,17250,3,7,1306,1185,1301,1252,20090,19694
41017,146331,145117,657,509,12920,9622,7356,6685,167264,161933
41019,79858,79544,244,230,5081,4487,5501,5353,90684,89614
41021,1328,1329,0,1,131,71,139,143,1598,1544
41023,5391,5388,7,10,238,231,330,287,5966,5916
41025,5266,5215,138,138,271,211,434,436,6109,6000
41027,12683,12507,156,151,4999,3112,855,836,18693,16606
41029,145333,144308,982,971,21062,16877,10076,9612,177453,171768
41031,12884,12821,61,62,3319,2353,3219,3203,19483,18439
41033,61963,61367,295,284,5323,4628,3626,3444,71207,69723
41035,44250,43995,429,432,6163,5032,4186,4011,55028,53470
41037,5601,5598,40,42,639,506,505,503,6785,6649
41039,260169,258244,3570,3186,27725,22814,25657,23272,317121,307516
41041,36280,36094,187,142,3342,2381,3249,3067,43058,41684
41043,87018,86605,490,443,8861,6397,5613,5327,101982,98772
41045,15551,15513,284,286,6862,5365,1168,1144,23865,22308
41047,180148,178351,3114,2832,65301,41883,18489,16019,267052,239085
41049,5187,5175,89,90,3329,1726,356,336,8961,7327
41051,461786,452873,33107,31208,77521,57129,87927,76676,660341,617886
41053,55572,55218,551,552,9123,7534,5030,4538,70276,67842
41055,1409,1409,8,8,54,53,79,68,1550,1538
41057,19412,19322,198,197,1922,1291,982,951,22514,21761
41059,40817,40706,444,400,15194,9946,3833,3648,60288,54700
41061,18195,18117,202,199,966,713,1191,914,20554,19943
41063,5635,5620,69,63,199,178,130,129,6033,5990
41065,15916,15731,76,79,3541,2137,1336,1269,20869,19216
41067,307953,301105,10360,9005,76243,53971,79165,59234,473721,423315
41069,1185,1173,1,0,54,40,71,70,1311,1283
41071,67020,66328,687,659,13082,9042,5034,4503,85823,80532
42001,76944,76551,1355,1279,5332,4192,1848,1353,85479,83375
42003,799991,791481,116032,113007,26633,21977,65291,45348,1007947,971813
42005,50889,50782,471,441,396,352,643,571,52399,52146
42007,120815,120392,7721,7623,2701,2373,2863,2713,134100,133101
42009,37054,37032,215,211,463,311,551,473,38283,38027
42011,244115,243123,13764,12677,69957,55321,10037,8923,337873,320044
42013,91751,91468,1811,1702,1353,1173,1947,1654,96862,95997
42015,44661,44616,292,243,698,601,959,868,46610,46328
42017,433525,427416,19145,18076,29374,23843,36427,29260,518471,498595
42019,150535,150083,1629,1557,2749,2397,4359,3235,159272,157272
42021,98964,98739,2694,2610,1878,1810,2740,2615,106276,105774
42023,3502,3500,0,1,19,21,163,150,3684,3672
42025,48167,47950,911,867,2966,2700,962,904,53006,52421
42027,114286,111956,4618,4107,4979,4251,11461,7099,135344,127413
42029,338180,334306,22072,21373,30361,23141,36782,24262,427395,403082
42031,28871,28852,460,406,273,256,518,464,30122,29978
42033,59730,59428,1470,1400,2046,1486,1054,957,64300,63271
42035,28710,28646,326,277,481,454,662,584,30179,29961
42037,49970,49833,902,889,1795,1609,1210,1071,53877,53402
42039,62550,62475,921,921,847,794,1392,1188,65710,65378
42041,179011,177534,8585,7926,9384,8262,16415,11717,213395,205439
42043,148540,147746,35014,32831,21405,17419,19914,15093,224873,213089
42045,300368,297089,93640,87933,19063,15255,38571,30446,451642,430723
42047,24018,24011,146,112,229,229,331,311,24724,24663
42049,183723,182299,13520,12955,8003,7357,8118,6081,213364,208692
42051,93994,93860,3996,3985,1226,1068,2562,2104,101778,101017
42053,5096,5079,902,889,332,288,134,123,6464,6379
42055,108294,107979,3614,3436,7276,5408,3640,3194,122824,120017
42057,11230,11226,173,167,100,81,163,156,11666,11630
42059,26118,26049,945,944,494,449,687,682,28244,28124
42061,32285,32247,1910,1884,714,657,1001,946,35910,35734
42063,63683,63045,1653,1632,1140,1065,1622,1302,68098,67044
42065,33648,33621,123,125,298,281,430,353,34499,34380
42067,17246,17184,155,156,597,328,221,197,18219,17865
42069,145746,144724,5062,4763,13064,10401,8061,6201,171933,166089
42071,353792,351565,14837,13444,42809,38202,17544,15479,428982,418690
42073,63082,62868,2190,2186,1186,1085,1566,1518,68024,67657
42075,92019,91798,1920,1855,14192,12931,3560,3118,111691,109702
42077,190549,187932,16477,14808,71223,56680,16045,12542,294294,271962
42079,208290,207346,9550,8950,36346,23819,7033,6185,261219,246300
42081,82504,82127,3532,3503,1790,1629,2368,2202,90194,89461
42083,30090,30042,777,738,604,474,707,645,32178,31899
42085,81081,80916,4429,4412,1176,1042,1880,1675,88566,88045
42087,34148,34105,356,247,633,610,476,463,35613,35425
42089,88727,87650,18306,17340,21687,19827,6755,6054,135475,130871
42091,513241,506533,62901,60407,37857,28808,68883,51656,682882,647404
42093,13081,12885,298,262,387,331,694,522,14460,14000
42095,196993,194874,14236,12964,34018,29941,12324,10140,257571,247919
42097,66847,66741,2045,2017,2926,2609,924,817,72742,72184
42099,34852,34666,318,305,765,536,606,582,36541,36089
42101,468477,446924,472089,455028,165986,137059,138351,103290,1244903,1142301
42103,40268,39745,2722,2679,5612,5282,1584,1403,50186,49109
42105,12475,12418,48,44,198,183,230,219,12951,12864
42107,102587,102324,3475,3401,6803,5693,2137,2036,115002,113454
42109,29869,29771,319,309,708,683,656,512,31552,31275
42111,56145,56059,1773,1753,880,706,774,637,59572,59155
42113,4994,4993,115,117,116,69,51,47,5276,5226
42115,29732,29610,75,74,615,526,601,521,31023,30731
42117,31637,31570,247,238,470,463,552,505,32906,32776
42119,30094,29977,2267,2127,1689,1170,1039,685,35089,33959
42121,38849,38800,379,380,429,398,676,580,40333,40158
42123,29557,29522,149,149,322,275,443,414,30471,30360
42125,156351,155973,5308,4897,3009,2254,4305,3755,168973,166879
42127,38565,38276,1503,1489,2001,1830,785,696,42854,42291
42129,271399,270862,6636,6342,3846,3427,6472,5722,288353,286353
42131,20034,19958,138,138,418,303,403,376,20993,20775
42133,301131,299688,19602,18582,28417,25295,12480,11032,361630,354597
44001,37879,37204,531,521,1518,1362,1587,1263,41515,40350
44003,122711,121073,3057,2668,7952,6832,6819,5485,140539,136058
44005,61973,60644,2335,2227,3821,3402,2977,2647,71106,68920
44007,331123,323552,44968,38981,117570,82178,37255,28617,530916,473328
44009,100613,99703,1269,1209,3512,3097,4906,3961,110300,107970
45001,13867,13788,4940,4936,365,327,448,443,19620,19494
45003,91878,91704,31824,31664,8240,6169,4839,4564,136781,134101
45005,1556,1556,4267,4264,249,231,191,175,6263,6226
45007,127124,126372,21634,21415,6961,4291,7205,6788,162924,158866
45009,4035,4037,6325,6314,131,72,169,164,10660,10587
45011,8276,8274,6515,6470,370,248,494,432,15655,15424
45013,116510,114843,23408,23047,16311,10458,4990,4274,161219,152622
45015,120218,118837,43037,42641,14642,10154,10616,9608,188513,181240
45017,6485,6486,4450,4450,394,387,213,209,11542,11532
45019,229826,225766,74609,73846,20177,11777,13768,12104,338380,323493
45021,32339,32223,7905,7865,2019,1317,1513,1277,43776,42682
45023,15230,15209,8512,8509,600,404,658,662,25000,24784
45025,20790,20686,10476,10473,1723,960,1088,988,34077,33107
45027,13013,12954,11028,11016,674,468,628,587,25343,25025
45029,17871,17810,9976,9956,956,396,1188,1047,29991,29209
45031,27187,27027,19481,19377,968,742,1029,1015,48665,48161
45033,9845,9837,9302,9303,556,265,1114,1108,20817,20513
45035,81670,80636,30933,30682,7781,5761,6564,5956,126948,123035
45037,13319,13252,7099,7092,1624,861,875,858,22917,22063
45039,7055,7055,9107,9106,352,353,343,326,16857,16840
45041,54838,54634,43416,43050,2880,2245,3695,2939,104829,102868
45043,37142,36981,14121,14116,1571,1239,986,837,53820,53173
45045,291845,287933,64660,63958,41724,25776,24496,21374,422725,399041
45047,33402,33281,16344,16305,2888,1825,1303,1088,53937,52499
45049,6118,6106,7505,7456,469,333,250,187,14342,14082
45051,254138,250757,34210,33533,18421,11925,11283,10058,318052,306273
45053,13445,13380,8314,8192,3638,1620,886,861,26283,24053
45055,35695,35556,12676,12629,2547,1800,1538,1457,52456,51442
45057,57541,57126,15474,15392,5206,3354,3731,2886,81952,78758
45059,37102,36965,12366,12319,2873,1389,1345,1302,53686,51975
45061,4553,4552,7952,7808,341,263,300,290,13146,12913
45063,174512,173362,34775,34311,15093,8820,10473,8315,234853,224808
45065,5202,5195,3410,3406,76,72,80,87,8768,8760
45067,9153,9145,11694,11663,517,264,970,964,22334,22036
45069,8349,8327,10130,10075,595,358,1730,1712,20804,20472
45071,19182,19101,8340,8318,2133,1139,550,516,30205,29074
45073,55855,55676,3267,3239,3277,1928,2697,2637,65096,63480
45075,22790,22637,39409,39382,1281,969,1923,1598,65403,64586
45077,93416,93009,6649,6592,4900,3346,4645,3607,109610,106554
45079,140760,139124,152618,150530,18389,14170,19383,15316,331150,319140
45081,9336,9235,3261,3261,1980,1081,360,352,14937,13929
45083,182264,178519,50977,50562,21189,12727,12141,10477,266571,252285
45085,37012,36635,36366,36266,2929,2306,3597,3452,79904,78659
45087,14065,14038,5768,5764,358,169,1104,1076,21295,21047
45089,8079,8052,15314,15287,612,271,394,279,24399,23889
45091,156213,154561,40285,39650,14683,10338,13142,10229,224323,214778
46003,1782,1772,14,14,108,49,65,57,1969,1892
46005,10560,10497,110,99,1441,1026,1803,1293,13914,12915
46007,990,989,6,6,26,26,1148,1125,2170,2146
46009,4891,4887,163,154,157,136,526,518,5737,5695
46011,25115,24852,307,103,907,664,1569,893,27898,26512
46013,25229,25149,495,152,1046,769,2160,1893,28930,27963
46015,3392,3377,25,26,81,75,501,488,3999,3966
46017,159,164,0,0,27,28,914,909,1100,1101
46019,7316,7305,2,0,285,270,427,423,8030,7998
46021,1109,1107,3,0,119,56,27,28,1258,1191
46023,4506,4502,9,13,101,94,1813,1793,6429,6402
46025,2594,2590,0,0,120,62,55,37,2769,2689
46027,11107,11052,241,198,349,285,877,651,12574,12186
46029,20581,20554,136,138,535,399,903,893,22155,21984
46031,906,904,0,4,20,22,1538,1531,2464,2461
46033,7034,7015,29,20,188,171,416,398,7667,7604
46035,13858,13840,99,72,591,398,694,669,15242,14979
46037,3733,3735,4,0,78,45,404,389,4219,4169
46039,3100,3096,22,8,98,77,59,65,3279,3246
46041,807,802,25,19,46,36,2334,2332,3212,3189
46043,1920,1900,16,11,62,18,107,111,2105,2040
46045,3009,2983,0,6,22,13,63,26,3094,3028
46047,5262,5240,0,0,164,170,652,532,6078,5942
46049,1519,1507,3,3,12,18,62,57,1596,1585
46051,5327,5299,32,26,384,136,145,142,5888,5603
46053,2717,2718,30,28,25,20,266,262,3038,3028
46055,1223,1225,19,23,5,4,125,120,1372,1372
46057,3924,3916,4,2,234,49,102,92,4264,4059
46059,2223,2225,4,6,24,5,99,84,2350,2320
46061,2383,2375,8,14,42,23,47,40,2480,2452
46063,833,831,10,9,9,10,29,27,881,877
46065,11254,11254,9,6,327,300,1762,1744,13352,13304
46067,5150,5149,5,0,118,62,170,168,5443,5379
46069,891,888,2,0,6,9,79,78,978,975
46071,764,764,0,0,12,10,1098,1107,1874,1881
46073,1240,1237,1,1,86,41,44,43,1371,1322
46075,593,555,0,3,4,0,85,90,682,648
46077,3741,3733,1,1,72,68,112,107,3926,3909
46079,7978,7940,81,80,418,194,350,341,8827,8555
46081,20617,20611,67,60,789,662,1324,1293,22797,22626
46083,47877,47105,886,740,1346,1032,1839,1561,51948,50438
46085,1698,1696,2,2,19,7,963,963,2682,2668
46087,3864,3863,12,11,142,89,96,99,4114,4062
46089,1686,1683,0,3,4,3,41,37,1731,1726
46091,2836,2837,6,3,173,86,273,271,3288,3197
46093,21120,20973,495,471,1047,1028,1407,1333,24069,23805
46095,630,635,1,0,7,9,748,742,1386,1386
46097,1722,1720,18,18,23,25,34,32,1797,1795
46099,126735,125946,7846,5877,7933,4415,9167,8233,151681,144471
46101,3699,3698,0,0,176,64,837,812,4712,4574
46102,819,819,11,12,126,123,7759,7762,8715,8716
46103,74056,73678,875,844,3531,3102,10075,9626,88537,87250
46105,2169,2166,2,0,19,15,140,148,2330,2329
46107,1766,1760,36,35,0,0,99,97,1901,1892
46109,4786,4784,33,30,76,67,2440,2400,7335,7281
46111,1614,1603,0,2,82,75,71,64,1767,1744
46115,4574,4574,97,95,143,100,91,86,4905,4855
46117,2186,2186,0,4,68,64,121,123,2375,2377
46119,1097,1091,56,1,1,1,33,28,1187,1121
46121,671,672,41,34,146,146,4801,4698,5659,5550
46123,3649,3640,7,6,46,12,611,605,4313,4263
46125,6253,6242,36,17,194,101,153,132,6636,6492
46127,11856,11827,121,122,523,446,473,381,12973,12776
46129,3312,3313,19,19,26,25,668,657,4025,4014
46135,16447,16372,363,364,895,556,732,694,18437,17986
46137,514,515,1,1,27,24,1234,1226,1776,1766
47001,55757,55502,1979,1979,2076,1664,2470,2072,62282,61217
47003,30098,30039,2886,2888,4792,1911,1222,1022,38998,35860
47005,11850,11818,217,211,311,125,402,405,12780,12559
47007,11278,11268,869,870,379,253,209,184,12735,12575
47009,101540,101171,2892,2831,4238,2776,3015,2765,111685,109543
47011,74221,73989,3758,3529,5803,3825,2989,2538,86771,83881
47013,30406,30388,189,188,429,300,665,644,31689,31520
47015,10847,10832,109,111,267,216,221,220,11444,11379
47017,18977,18937,2148,2121,575,503,619,594,22319,22155
47019,43980,43836,920,779,927,631,866,857,46693,46103
47021,29963,29811,768,664,1315,966,820,679,32866,32120
47023,11876,11838,1188,1191,343,279,390,371,13797,13679
47025,24887,24819,190,188,449,410,856,805,26382,26222
47027,5821,5820,225,223,21,6,164,160,6231,6209
47029,27359,27357,580,577,728,614,649,596,29316,29144
47031,39930,39890,1758,1758,2175,1672,1421,1266,45284,44586
47033,7974,7974,1263,1265,958,422,486,484,10681,10145
47035,49890,49669,359,355,1472,1141,1209,1118,52930,52283
47037,331371,323817,136689,130009,62572,29511,36365,28423,566997,511760
47039,8472,8440,247,253,284,238,243,124,9246,9055
47041,14627,14605,265,263,1054,558,458,377,16404,15803
47043,38872,38748,1687,1687,1756,1160,1043,1045,43358,42640
47045,22425,22352,3808,3802,882,558,725,683,27840,27395
47047,24369,24287,8775,8762,1040,581,1322,1239,35506,34869
47049,14742,14664,31,33,283,270,315,324,15371,15291
47051,31479,31309,1803,1793,1115,671,964,859,35361,34632
47053,30004,29962,5580,5580,1098,717,1815,1750,38497,38009
47055,20747,20609,2199,2164,588,502,767,675,24301,23950
47057,18438,18408,183,180,697,523,385,375,19703,19486
47059,53863,53743,1029,999,1822,1415,1320,1311,58034,57468
47061,10257,10253,58,61,49,44,480,432,10844,10790
47063,41114,40973,1589,1585,5527,2652,1731,1199,49961,46409
47065,215211,213794,49355,48171,18405,9737,13910,12087,296881,283789
47067,5210,5185,39,32,64,13,91,87,5404,5317
47069,11298,11259,7586,7568,360,268,1277,1255,20521,20350
47071,20120,20069,728,727,463,332,448,450,21759,21578
47073,44439,44382,555,557,780,597,1078,1038,46852,46574
47075,6168,6174,6579,6580,533,483,362,343,13642,13580
47077,18928,18854,1875,1873,541,425,276,258,21620,21410
47079,22853,22774,1631,1632,670,639,821,804,25975,25849
47081,18018,17933,755,752,568,395,738,745,20079,19825
47083,6051,6025,212,206,171,163,183,195,6617,6589
47085,14043,14029,188,186,435,279,486,471,15152,14965
47087,9300,9300,53,46,263,246,216,212,9832,9804
47089,42443,42343,769,769,1641,1290,1077,1054,45930,45456
47091,13430,13363,832,832,371,240,530,516,15163,14951
47093,321504,318783,29933,28838,19831,11454,19361,15820,390629,374895
47095,3771,3765,1227,1228,172,138,429,432,5599,5563
47097,11848,11838,6461,6464,475,299,628,589,19412,19190
47099,31849,31815,554,557,763,567,859,816,34025,33755
47101,9401,9399,73,61,376,373,394,397,10244,10230
47103,24351,24238,1649,1651,957,760,989,947,27946,27596
47105,42127,41865,589,587,3668,1830,1072,951,47456,45233
47107,38976,38891,1395,1382,1590,1155,1296,1173,43257,42601
47109,18372,18297,1235,1233,369,344,397,396,20373,20270
47111,17952,17940,87,87,1008,322,610,602,19657,18951
47113,44002,43828,26839,26538,3052,1802,3115,2876,77008,75044
47115,21276,21237,686,686,590,429,763,760,23315,23112
47117,23672,23553,1113,1113,1530,1034,1292,1272,27607,26972
47119,66014,65701,8697,8661,5534,3628,2813,2479,83058,80469
47121,9948,9894,208,208,164,146,318,314,10638,10562
47123,34788,34732,795,793,1417,1055,901,905,37901,37485
47125,107130,105693,34743,33685,17289,13673,12307,10763,171469,163814
47127,4977,4975,104,103,89,86,197,197,5367,5361
47129,15883,15871,896,889,304,196,243,241,17326,17197
47131,20032,20025,2291,2289,990,451,492,477,23805,23242
47133,17405,17385,266,264,332,303,306,297,18309,18249
47135,6174,6107,15,17,93,91,471,474,6753,6689
47137,4064,4060,6,6,74,34,56,61,4200,4161
47139,13797,13782,138,141,267,255,342,339,14544,14517
47141,57625,57261,1564,1536,4191,2404,1955,1785,65335,62986
47143,24097,24048,594,588,1299,688,805,711,26795,26035
47145,41639,41567,1181,1180,931,875,1118,1105,44869,44727
47147,47396,47286,4243,4213,4414,2190,1310,1198,57363,54887
47149,183669,181651,41476,40158,27679,14280,18721,16414,271545,252503
47151,16419,16417,59,56,27,25,417,404,16922,16902
47153,12488,12484,76,76,509,188,388,391,13461,13139
47155,69924,69520,961,768,5637,2200,2373,1700,78895,74188
47157,249557,246369,355350,352308,46524,21832,33938,25317,685369,645826
47159,14646,14607,346,348,404,279,426,359,15822,15593
47161,10234,10209,177,175,279,134,416,416,11106,10934
47163,121338,120856,2673,2621,2755,2164,3249,2980,130015,128621
47165,129939,129347,12616,12464,9457,6763,5191,4431,157203,153005
47167,35841,35802,8510,8510,1332,1103,1380,1318,47063,46733
47169,8034,8023,1298,1293,351,146,288,293,9971,9755
47171,13429,13431,95,97,804,741,260,255,14588,14524
47173,15409,15407,46,47,339,328,286,284,16080,16066
47175,4868,4867,14,20,134,126,118,112,5134,5125
47177,27783,27748,876,798,2656,1706,1035,877,32350,31129
47179,97964,97552,3883,3592,4402,3219,4564,4016,110813,108379
47181,11940,11928,678,679,323,142,563,561,13504,13310
47183,23151,23076,2093,2096,653,415,834,718,26731,26305
47185,20623,20584,311,311,610,529,524,502,22068,21926
47187,161333,159450,7328,6970,10478,7101,14006,8905,193145,182426
47189,100854,100029,8783,8589,6534,3536,5459,4246,121630,116400
48001,27047,27035,8844,8464,8547,6847,2806,2714,47244,45060
48003,5396,5376,286,285,6909,5652,264,260,12855,11573
48005,40710,40620,7483,7472,13446,9441,3566,3419,65205,60952
48007,14600,14558,331,329,4806,4634,1006,937,20743,20458
48009,6008,5956,103,107,576,463,214,198,6901,6724
48011,1240,1239,11,12,172,137,46,32,1469,1420
48013,12811,12794,359,356,23482,21126,815,723,37467,34999
48015,15608,15476,1995,1996,5697,3932,566,527,23866,21931
48017,1771,1689,43,42,3122,2400,120,55,5056,4186
48019,14126,13968,239,235,3497,3023,511,501,18373,17727
48021,40813,40665,4951,4911,30877,21657,2260,2103,78901,69336
48023,2303,2301,45,43,306,269,75,87,2729,2700
48025,7580,7580,2255,2238,14318,13591,717,709,24870,24118
48027,131035,129285,60353,59508,67340,58745,21920,18650,280648,266188
48029,455112,447510,118466,115236,894775,778842,88945,70670,1557298,1412258
48031,8214,8218,133,97,1711,1400,205,194,10263,9909
48033,402,395,10,4,54,51,0,2,461,452
48035,11811,11787,193,191,2418,1735,383,375,14805,14088
48037,45171,44914,16863,16740,5400,3869,2779,2443,70213,67966
48039,130724,129043,47360,46283,85299,71452,27806,21789,291189,268567
48041,111675,109792,18249,17783,47596,36765,16006,10338,193526,174678
48043,4462,4448,56,56,3135,2791,260,196,7913,7491
48045,752,754,47,47,228,173,4,0,1031,974
48047,514,512,44,41,4840,4577,94,97,5492,5227
48049,22484,22390,1088,1015,6204,5583,748,726,30524,29714
48051,9885,9886,1620,1622,2898,2130,318,253,14721,13891
48053,31690,31616,571,563,8344,5793,1271,1100,41876,39072
48055,14886,14720,1892,1825,19712,15748,905,815,37395,33108
48057,6923,6882,498,467,6955,6351,986,709,15362,14409
48059,9552,9530,57,58,1095,1095,435,408,11139,11091
48061,32072,31279,1609,1604,266178,211371,4106,3198,303965,247452
48063,5526,5479,1440,1439,2148,1292,327,260,9441,8470
48065,3775,3762,41,40,448,419,189,195,4453,4416
48067,17112,17087,3531,3533,930,640,584,508,22157,21768
48069,1765,1741,78,81,3226,2315,137,93,5206,4230
48071,24076,23906,3207,3186,8895,6427,1193,1096,37371,34615
48073,24936,24885,5285,5272,7774,4367,842,778,38837,35302
48075,2998,2991,455,454,1659,1437,266,271,5378,5153
48077,7453,7438,105,105,523,476,379,347,8460,8366
48079,684,646,71,69,1056,767,24,21,1835,1503
48081,2047,2048,0,3,517,500,76,71,2640,2622
48083,4966,4969,239,198,878,614,138,128,6221,5909
48085,467815,453964,94063,88095,129931,97824,183943,118289,875752,758172
48087,1103,1097,115,118,563,473,89,90,1870,1778
48089,9762,9695,1643,1641,4244,3447,462,443,16111,15226
48091,96792,96150,3651,3595,37380,34175,5361,4997,143184,138917
48093,7698,7681,49,47,2780,1790,238,244,10765,9762
48095,1766,1766,164,157,908,643,97,76,2935,2642
48097,25235,25044,1039,988,5700,3885,1086,1078,33060,30995
48099,37968,37199,9006,8807,12564,11452,6151,5769,65689,63227
48101,549,551,34,30,483,459,51,48,1117,1088
48103,933,932,90,89,2140,1341,84,82,3247,2444
48105,778,775,4,6,1293,1115,1,1,2076,1897
48107,1591,1593,106,106,1941,1837,115,111,3753,3647
48109,371,371,8,7,1144,1055,82,67,1605,1500
48111,2147,1926,97,98,2424,1607,240,169,4908,3800
48113,597887,584458,443103,421166,732790,442381,188861,132733,1962641,1580738
48115,3528,3298,708,701,4739,4371,215,187,9190,8557
48117,3217,3208,146,147,9156,6946,147,144,12666,10445
48119,3330,3330,323,324,317,281,161,137,4131,4072
48121,424235,416320,81102,77074,141107,107174,104157,73998,750601,674566
48123,8921,8888,1068,1053,5025,4572,530,519,15544,15032
48125,894,884,21,26,411,374,52,48,1378,1332
48127,699,700,94,93,5184,4874,224,214,6201,5881
48129,2075,2074,160,160,352,312,98,92,2685,2638
48131,1257,1251,67,70,5772,5708,189,187,7285,7216
48133,11269,11260,369,367,2208,1631,359,312,14205,13570
48135,37147,36747,4943,4630,68890,54876,3657,2978,114637,99231
48137,559,558,26,26,393,293,15,18,993,895
48139,88980,88603,23280,22811,40059,31517,4672,4246,156991,147177
48141,79564,77438,20978,19753,525728,441937,17671,15242,643941,554370
48143,26399,26286,625,613,6642,5330,1054,890,34720,33119
48145,7293,7281,2715,2689,3041,2514,614,420,13663,12904
48147,23020,22956,1943,1921,3352,2458,1144,1048,29459,28383
48149,14861,14788,1100,1103,3684,2806,346,326,19991,19023
48151,1861,1851,106,110,757,708,101,92,2825,2761
48153,1585,1584,93,95,2085,1702,130,117,3893,3498
48155,710,709,2,4,90,95,38,32,840,840
48157,201863,189968,137101,127480,155142,117507,161547,123559,655653,558514
48159,6617,6563,425,421,1012,597,204,202,8258,7783
48161,10578,10571,2296,2299,2304,1715,338,342,15516,14927
48163,2099,2066,829,812,10811,9366,257,248,13996,12492
48165,8060,5983,395,393,5628,4042,187,195,14270,10613
48167,158948,156435,32594,32343,66420,54324,16343,14349,274305,257451
48169,1614,1611,459,462,2096,1618,136,133,4305,3824
48171,17458,17360,33,33,4213,3511,469,427,22173,21331
48173,644,642,0,0,172,78,2,6,818,726
48175,3616,3603,303,301,1731,1510,81,88,5731,5502
48177,6694,6683,1097,1100,6734,5284,266,232,14791,13299
48179,10116,10005,906,904,4310,2851,498,496,15830,14256
48181,82873,82400,5569,5404,14685,9472,5756,5022,108883,102298
48183,55905,55682,16196,16014,15659,10089,5448,4821,93208,86606
48185,14903,14885,2714,2680,5486,4373,1209,1164,24312,23102
48187,70411,69729,10852,10688,51336,45906,6812,6160,139411,132483
48189,8473,8430,1162,1155,13540,11842,512,478,23687,21905
48191,1262,1261,85,81,723,619,150,162,2220,2123
48193,5563,5550,57,59,816,501,82,82,6518,6192
48195,1855,1855,5,8,1682,1147,123,104,3665,3114
48197,1793,1793,122,119,648,540,191,187,2754,2639
48199,37383,37217,2302,2304,2620,2276,1073,1052,43378,42849
48201,1074626,1037175,682975,649594,1469858,932027,357773,273639,3585232,2892435
48203,34186,34089,11154,11042,6358,4590,1613,1510,53311,51231
48205,2417,2331,316,314,1147,917,177,167,4057,3729
48207,3025,3022,264,261,1101,958,49,54,4439,4295
48209,114921,113044,8143,7905,76358,66665,8996,7714,208418,195328
48211,1693,1688,79,78,732,448,67,69,2571,2283
48213,52595,52350,3472,3416,8170,6058,2461,2271,66698,64095
48215,46296,45056,3718,3597,556522,410522,9197,6963,615733,466138
48217,20671,20560,1511,1441,5737,4542,774,735,28693,27278
48219,7622,7619,530,526,7273,6221,250,235,15675,14601
48221,44430,44211,551,538,6012,4631,1433,1341,52426,50721
48223,21327,21172,1886,1872,4597,2542,799,730,28609,26316
48225,10873,10859,3635,3636,2208,1726,857,837,17573,17058
48227,11627,11581,1281,1272,11265,9096,821,666,24994,22615
48229,731,732,46,46,1970,1271,55,57,2802,2106
48231,57424,57029,6616,6095,15028,11004,3229,2803,82297,76931
48233,10886,10812,342,338,3377,2671,545,547,15150,14368
48235,725,726,2,0,296,253,56,62,1079,1041
48237,5326,5326,221,222,1151,807,185,174,6883,6529
48239,7012,7011,802,798,3380,2941,232,235,11426,10985
48241,19234,19205,3671,3670,1462,1174,742,612,25109,24661
48243,1050,1007,3,0,405,372,71,76,1529,1455
48245,77755,77332,61919,61512,40705,26886,11018,8629,191397,174359
48247,310,307,14,15,2863,2847,13,13,3200,3182
48249,5630,5622,144,149,22034,21315,435,418,28243,27504
48251,99751,99101,7511,7171,32895,27197,5181,4724,145338,138193
48253,9523,9464,2024,1998,4631,4227,684,656,16862,16345
48255,4436,4420,1355,1354,5974,5719,295,274,12060,11767
48257,65749,65062,21921,20708,29961,23269,5322,4750,122953,113789
48259,27663,27549,286,254,8348,6554,1415,1178,37712,35535
48261,12,14,0,1,110,71,5,5,127,91
48263,504,504,4,6,115,109,24,22,647,641
48265,31660,31576,807,804,10053,8535,1294,1035,43814,41950
48267,2655,2658,28,32,851,689,110,105,3644,3484
48269,139,140,0,1,22,21,19,18,180,180
48271,1254,1257,4,1,1587,1268,79,89,2924,2615
48273,5302,5288,809,746,16140,15532,967,653,23218,22219
48275,1503,1503,118,122,719,618,107,104,2447,2347
48277,28977,28668,4725,4675,2965,2426,1808,1777,38475,37546
48279,3734,3728,316,292,5081,3967,212,195,9343,8182
48281,13083,12922,766,746,3254,2979,786,744,17889,17391
48283,1048,1052,362,332,3884,3617,41,43,5335,5044
48285,11949,11944,672,674,2660,1958,444,413,15725,14989
48287,9239,9226,1374,1371,3261,2598,270,273,14144,13468
48289,9677,9623,885,881,1707,1102,293,299,12562,11905
48291,39878,39651,6044,5871,24383,13302,2129,1870,72434,60694
48293,10586,10571,2873,2875,3427,2025,410,361,17296,15832
48295,1231,1225,0,0,668,389,117,126,2016,1740
48297,4677,4641,225,220,3738,3004,725,635,9365,8500
48299,16278,16240,68,65,2056,1430,560,559,18962,18294
48301,32,29,0,2,1,0,0,1,33,32
48303,136376,134971,15795,14784,80710,75478,11030,8494,243911,233727
48305,2306,2297,72,71,1666,1559,110,84,4154,4011
48307,4001,4000,74,70,1645,1363,149,150,5869,5583
48309,119298,118788,26516,25988,48348,35921,8168,6494,202330,187191
48311,174,170,4,0,244,215,1,7,423,392
48313,5739,5733,1816,1819,2549,1780,506,483,10610,9815
48315,5808,5762,1704,1690,397,320,178,177,8087,7949
48317,1786,1765,144,142,1638,1361,91,95,3659,3363
48319,2551,2553,1,1,612,464,31,35,3195,3053
48321,12588,12517,2527,2478,10681,8706,1251,948,27047,24649
48323,1294,1298,100,99,37939,29079,851,726,40184,31202
48325,18742,18734,1476,1481,20354,19016,1007,879,41579,40110
48327,1090,1048,9,8,391,347,50,50,1540,1453
48329,57380,56859,7857,7561,53550,44625,5088,3606,123875,112651
48331,13202,13167,1599,1599,4434,3797,555,437,19790,19000
48333,2851,2847,22,22,595,496,114,106,3582,3471
48335,3417,3413,559,561,2670,2454,521,513,7167,6941
48337,14026,13963,14,14,1680,1277,537,546,16257,15800
48339,320701,314299,31050,29271,126965,86875,28683,22559,507399,453004
48341,4786,4770,691,249,8343,4916,914,636,14734,10571
48343,6101,6067,2055,2015,826,530,317,317,9299,8929
48345,853,846,62,63,92,98,29,23,1036,1030
48347,31263,31178,8231,8229,8935,6071,1554,1310,49983,46788
48349,22903,22867,3868,3851,11014,6940,2333,2005,40118,35663
48351,7458,7452,1617,1618,353,340,342,278,9770,9688
48353,6280,6262,314,308,3805,3564,390,397,10789,10531
48355,87261,86555,9858,9796,162023,148645,10228,8010,269370,253006
48357,3076,3068,4,4,3523,1926,226,212,6829,5210
48359,1035,1031,22,19,312,242,11,6,1380,1298
48361,51302,51180,4965,4966,5279,4356,2126,1939,63672,62441
48363,17377,17353,538,540,3999,3104,570,553,22484,21550
48365,12942,12930,2033,2031,1455,1035,1052,1036,17482,17032
48367,102623,101978,1586,1552,16094,13150,4136,3787,124439,120467
48369,2366,2370,28,24,4468,2882,177,179,7039,5455
48371,2733,2729,501,502,7624,6748,472,388,11330,10367
48373,30871,30825,3271,3260,5811,4684,2119,2103,42072,40872
48375,40739,40642,8366,7499,30369,23784,5533,3933,85007,75858
48377,878,876,0,0,3471,2335,60,67,4409,3278
48379,8714,8697,279,276,872,756,454,380,10319,10109
48381,78895,78509,3032,2624,24530,22934,4798,4452,111255,108519
48383,580,579,53,54,1437,1168,75,34,2145,1835
48385,1764,1764,11,12,329,314,20,20,2124,2110
48387,6948,6949,1507,1508,560,334,238,220,9253,9011
48389,1234,1229,208,213,7869,6648,78,73,9389,8163
48391,2318,2318,348,352,2457,2379,127,126,5250,5175
48393,541,544,6,5,41,44,20,13,608,606
48395,7865,7859,2249,2250,2491,2001,446,409,13051,12519
48397,60291,59753,8263,7912,17208,15033,5101,4138,90863,86836
48399,4766,4740,274,273,2426,2224,91,92,7557,7329
48401,26296,26198,6010,6009,6702,4944,1905,1877,40913,39028
48403,7162,7165,585,576,125,117,369,358,8241,8216
48405,4469,4449,1337,1343,412,134,82,82,6300,6008
48407,16164,16144,1922,1920,3654,2407,582,551,22322,21022
48409,21938,21616,1009,968,27897,25250,1302,1080,52146,48914
48411,3030,3034,138,137,1238,907,200,192,4606,4270
48413,837,838,12,12,922,871,62,58,1833,1779
48415,6671,6668,464,459,4746,4426,456,428,12337,11981
48417,2078,2066,8,10,349,344,82,85,2517,2505
48419,11380,11371,2723,2729,3002,1883,771,752,17876,16735
48421,1034,1034,4,1,848,465,8,5,1894,1505
48423,113231,112808,30889,30272,32707,23278,6431,5430,183258,171788
48425,5991,5929,58,62,1313,848,250,244,7612,7083
48427,1216,1216,117,116,43209,31787,54,57,44596,33176
48429,5312,5265,228,231,1632,1353,238,221,7410,7070
48431,648,611,3,2,301,240,9,10,961,863
48433,787,788,5,7,129,121,0,0,918,914
48435,906,910,3,5,1531,1334,67,59,2507,2308
48437,2451,2453,473,470,2240,2146,111,113,5275,5182
48439,752523,739163,276083,258499,443386,314300,145380,111841,1617372,1423803
48441,72065,71350,8339,7344,24795,22677,4996,4064,110195,105435
48443,406,406,2,0,283,287,0,0,691,691
48445,3348,3248,293,290,4509,3809,263,258,8413,7605
48447,1126,1111,2,1,97,92,69,60,1294,1264
48449,10905,10876,2392,2395,8912,5168,314,315,22523,18754
48451,50863,50585,3418,3294,33986,31446,2914,2470,91181,87795
48453,544038,529012,85586,81235,316105,240565,116148,85783,1061877,936595
48455,9044,9021,987,981,1052,788,244,231,11327,11021
48457,12749,12742,1905,1901,1252,989,451,429,16357,16061
48459,26062,25898,2422,2325,2763,2094,1181,1068,32428,31385
48461,1075,1073,37,39,1296,1155,34,35,2442,2302
48463,5392,5388,80,80,12376,11210,436,391,18284,17069
48465,6137,6104,524,460,27101,22709,689,620,34451,29893
48467,40340,40300,1237,1234,5350,3764,1337,1275,48264,46573
48469,32086,32063,3915,3872,30688,27479,1800,1584,68489,64998
48471,37676,37622,13502,13101,13851,11492,3520,3198,68549,65413
48473,18888,18574,12370,12090,13568,9310,2111,1855,46937,41829
48475,3076,3079,345,342,4305,3659,163,127,7889,7207
48477,19175,18964,3903,3899,4358,3607,1455,1238,28891,27708
48479,8306,7915,920,842,174440,132765,1439,954,185105,142476
48481,14939,14897,3512,3427,11842,10090,879,819,31172,29233
48483,2686,2688,62,65,774,433,162,141,3684,3327
48485,66645,65932,10247,9901,18262,15244,5195,4451,100349,95528
48487,5917,5903,628,624,2681,2387,682,595,9908,9509
48489,1666,1664,308,306,13196,11895,213,197,15383,14062
48491,293511,285940,34709,32806,117401,96932,65123,42697,510744,458375
48493,23383,23315,777,759,15431,14559,795,682,40386,39315
48495,1887,1878,141,140,3174,2538,72,31,5274,4587
48497,43621,43479,863,860,10435,7288,1680,1542,56599,53169
48499,31948,31763,1439,1435,3688,2609,1134,1079,38209,36886
48501,1768,1647,11,13,3119,2251,192,186,5090,4097
48503,10826,10793,103,103,2402,1801,551,441,13882,13138
48505,574,574,19,20,8737,6506,135,75,9465,7175
48507,413,415,48,46,6150,5811,43,45,6654,6317
49001,4352,4321,22,14,685,369,77,57,5136,4761
49003,37270,37104,126,122,3864,2856,1336,1285,42596,41367
49005,83067,82592,821,558,10177,7127,5112,4034,99177,94311
49007,12881,12866,107,104,1869,1797,485,441,15342,15208
49009,569,564,0,1,21,14,30,31,620,610
49011,213501,212290,3108,3015,27903,22416,14625,12384,259137,250105
49013,12008,11997,23,24,834,534,822,814,13687,13369
49015,6583,6565,9,9,448,377,200,203,7240,7154
49017,3690,3692,6,3,297,260,100,82,4093,4037
49019,6317,6303,0,5,789,598,762,697,7868,7603
49021,38846,38555,347,274,4098,3415,2074,1900,45365,44144
49023,7717,7711,55,58,390,383,208,200,8370,8352
49025,5706,5690,18,10,374,365,376,363,6474,6428
49027,7711,7672,0,2,1093,570,409,363,9213,8607
49029,8144,8136,10,10,248,228,160,149,8562,8523
49031,1254,1249,4,1,99,89,10,17,1367,1356
49033,1723,1725,3,0,103,105,43,36,1872,1866
49035,633655,624810,13946,11448,163766,107275,82826,65520,894193,809053
49037,4919,4881,12,11,452,398,4983,4974,10366,10264
49039,19314,19257,271,197,2210,1409,797,684,22592,21547
49041,14725,14719,21,22,720,524,476,453,15942,15718
49043,28440,28182,102,93,3222,1767,1262,963,33026,31005
49045,44415,44146,467,447,7586,6380,2295,2232,54763,53205
49047,21260,21252,33,32,1901,1389,2312,2179,25506,24852
49049,387262,383653,3729,2804,64627,42226,26793,22224,482411,450907
49051,22043,21769,72,52,3188,1963,779,659,26082,24443
49053,125556,124917,623,365,15284,10913,6946,6225,148409,142420
49055,1835,1757,9,6,63,66,130,130,2037,1959
49057,152778,151900,2566,2398,33819,26181,8733,7768,197896,188247
50001,29018,28653,322,193,1013,830,1283,1002,31636,30678
50003,28359,28225,340,280,726,714,894,775,30319,29994
50005,23496,23385,205,204,434,392,728,688,24863,24669
50007,124110,122533,3068,2755,3761,3476,9667,7746,140606,136510
50009,4706,4656,3,3,94,94,181,167,4984,4920
50011,37244,37072,117,73,704,704,1617,1406,39682,39255
50013,5729,5644,20,21,118,114,328,298,6195,6077
50015,19693,19310,237,217,471,437,570,485,20971,20449
50017,23361,23275,65,67,406,386,633,600,24465,24328
50019,21118,20975,219,175,384,372,539,493,22260,22015
50021,47482,47309,394,321,971,943,1072,991,49919,49564
50023,46079,45760,461,401,1306,1152,1388,1248,49234,48561
50025,35346,35138,376,339,1029,1010,1442,1252,38193,37739
50027,45035,44487,249,213,992,955,1526,1380,47802,47035
51001,16798,16719,6891,6316,2224,971,590,522,26503,24528
51003,70748,69658,8457,8272,5923,3602,7354,5197,92482,86729
51005,11285,11267,490,475,95,63,244,239,12114,12044
51007,7911,7907,2205,2208,413,199,217,216,10746,10530
51009,19115,19060,4653,4650,625,516,797,742,25190,24968
51011,10163,10155,2218,2213,279,182,291,293,12951,12843
51013,118771,112865,18221,16619,28482,19694,28179,20473,193653,169651
51015,57188,57057,2936,2760,2157,1634,1413,1295,63694,62746
51017,3142,3133,140,141,60,62,49,43,3391,3379
51019,57305,57040,4300,4299,1578,1188,1967,1678,65150,64205
51021,4925,4922,247,247,75,73,97,101,5344,5343
51023,25583,25571,866,862,576,469,653,630,27678,27532
51025,5658,5654,6776,6728,435,148,551,514,13420,13044
51027,15055,15053,703,676,150,131,254,240,16162,16100
51029,8679,8645,4477,4473,290,168,514,512,13960,13798
51031,35230,35177,6742,6408,1356,854,1267,1175,44595,43614
51033,15520,15507,6518,6471,1615,1027,1172,1114,24825,24119
51035,22717,22714,67,64,792,509,455,388,24031,23675
51036,2537,2532,2357,2357,111,82,681,648,5686,5619
51037,6184,6186,2476,2478,182,74,126,123,8968,8861
51041,171559,169586,68403,67332,29232,18230,19134,16743,288328,271891
51043,10528,10459,598,602,798,533,309,264,12233,11858
51045,3599,3599,4,3,67,71,60,57,3730,3730
51047,28442,28306,5655,5656,5190,2756,1427,1370,40714,38088
51049,5177,5179,2473,2446,115,116,136,131,7901,7872
51051,10819,10820,130,128,60,62,96,96,11105,11106
51053,14176,14100,7170,7117,861,541,348,350,22555,22108
51057,4964,4961,3066,3013,337,275,358,322,8725,8571
51059,441566,427636,86384,78286,141188,91787,216391,169876,885529,767585
51061,44542,44129,3812,3741,6111,4588,2754,2589,57219,55047
51063,11829,11755,354,352,343,140,160,160,12686,12407
51065,17731,17563,3163,3163,860,835,880,825,22634,22386
51067,39187,39074,3139,3140,1359,928,1242,1232,44927,44374
51069,59715,59404,3457,3424,7548,4473,2761,2569,73481,69870
51071,12614,12591,327,325,202,151,140,141,13283,13208
51073,26980,26870,2654,2649,1141,1061,876,804,31651,31384
51075,17444,17365,3119,3122,701,701,873,850,22137,22038
51077,11280,11255,785,787,443,316,300,298,12808,12656
51079,13336,13178,1222,1223,1014,510,730,699,16302,15610
51081,3471,3422,5271,5263,309,260,506,473,9557,9418
51083,16275,16272,9269,9270,598,486,649,555,26791,26583
51085,73548,72791,7874,7836,2964,2324,4134,3781,88520,86732
51087,138189,134723,77025,75312,15673,11150,31304,21409,262191,242594
51089,28456,28431,9080,9073,2034,1429,787,749,40357,39682
51091,1875,1874,0,0,1,0,87,84,1963,1958
51093,22232,22126,6831,6819,1080,773,1330,1250,31473,30968
51095,49350,48665,8056,7907,3896,3056,3878,3270,65180,62898
51097,3751,3742,1313,1314,146,148,323,315,5533,5519
51099,15336,15288,3412,3411,1299,1027,1041,948,21088,20674
51101,11086,11077,2354,2355,398,333,534,509,14372,14274
51103,6680,6664,2199,2193,189,154,280,262,9348,9273
51105,16280,16246,938,927,449,343,236,242,17903,17758
51107,170955,165945,24436,23190,42564,27856,79870,61054,317825,278045
51109,25196,25020,4109,4059,1137,812,1545,1494,31987,31385
51111,5807,5796,3197,3196,441,133,224,199,9669,9324
51113,9555,9555,982,981,384,236,316,310,11237,11082
51115,6235,6236,815,811,187,160,75,74,7312,7281
51117,15552,15538,7920,7907,633,409,807,586,24912,24440
51119,7201,7178,1408,1411,245,177,253,242,9107,9008
51121,69192,67337,3356,3246,3622,2601,7815,5156,83985,78340
51125,10071,10039,1310,1213,456,393,332,264,12169,11909
51127,15568,15375,2936,2937,710,556,1008,904,20222,19772
51131,5984,5897,2783,2771,689,287,393,379,9849,9334
51133,7653,7650,2048,2034,313,280,487,489,10501,10453
51135,6940,6836,4567,4554,530,449,559,485,12596,12324
51137,23066,22890,3381,3273,1738,1320,1447,1420,29632,28903
51139,17886,17752,413,415,410,322,357,312,19066,18801
51141,13029,12969,756,718,434,381,247,233,14466,14301
51143,36558,36500,10292,10293,1241,841,1050,988,49141,48622
51145,22160,21971,2082,2066,743,640,801,801,25786,25478
51147,11531,11454,5282,5217,897,717,937,895,18647,18283
51149,18409,18317,10888,10692,3254,2831,2174,1998,34725,33838
51153,147210,144162,73015,68244,87107,55995,52404,43009,359736,311410
51155,25226,25197,1443,1441,467,471,548,497,27684,27606
51157,5488,5472,230,231,219,161,214,214,6151,6078
51159,4585,4580,2065,2045,482,289,350,353,7482,7267
51161,66436,65823,4895,4858,2584,1918,4079,3062,77994,75661
51163,17274,17261,445,453,346,264,628,528,18693,18506
51165,58229,57784,1523,1408,5200,3467,1719,1438,66671,64097
51167,20099,20013,270,270,134,131,221,222,20724,20636
51169,17027,16989,228,231,222,175,169,163,17646,17558
51171,30787,30640,994,931,2753,1868,897,834,35431,34273
51173,22420,22349,497,490,437,237,401,406,23755,23482
51175,9056,9025,4497,4495,290,284,775,740,14618,14544
51177,71719,71278,19411,18930,12797,8864,6931,6276,110858,105348
51179,68639,67748,24386,22993,18189,13439,9490,8562,120704,112742
51181,3027,2989,2155,2153,136,120,119,113,5437,5375
51183,3699,3695,4962,4959,119,120,291,228,9071,9002
51185,29862,29817,973,975,358,330,516,488,31709,31610
51187,27522,27228,1582,1580,2094,1351,1364,1123,32562,31282
51191,42409,42285,727,726,703,552,676,659,44515,44222
51193,10302,10275,3661,3657,915,466,584,557,15462,14955
51195,25805,25746,1674,1664,468,313,737,691,28684,28414
51197,21330,21319,480,481,303,276,611,428,22724,22504
51199,38300,37931,7288,7240,3682,3503,5368,4528,54638,53202
51510,67783,65464,26696,22766,20933,12749,13089,10297,128501,111276
51520,11960,11959,788,787,343,305,452,290,13543,13341
51530,4529,4530,133,132,14,17,466,441,5142,5120
51540,25842,24997,5765,5581,2204,1652,4146,3037,37957,35267
51550,108381,107807,56563,55753,12611,10954,13998,12474,191553,186988
51570,9783,9692,2209,2178,932,818,920,797,13844,13485
51580,3453,3454,602,605,141,81,175,117,4371,4257
51590,14029,13989,16036,15994,1402,720,1220,1105,32687,31808
51595,1012,1008,2678,2678,249,173,76,54,4015,3913
51600,10206,9632,1134,1048,3232,1788,4246,3346,18818,15814
51610,7983,7757,472,437,1156,874,1575,1346,11186,10414
51620,2490,2472,3063,3064,173,132,292,296,6018,5964
51630,13846,13491,4235,4114,2385,1577,2290,1942,22756,21124
51640,4087,4089,316,316,539,336,114,113,5056,4854
51650,40942,40518,52791,52445,6403,5622,7810,7261,107946,105846
51660,28096,27776,3010,2543,8298,4767,3097,2506,42501,37592
51670,7840,7646,7053,6991,1369,1202,866,825,17128,16664
51678,5453,5440,438,428,431,338,658,512,6980,6718
51680,41670,41324,16018,15597,2872,2342,3550,2685,64110,61948
51683,12033,11673,3919,3696,12197,6698,3268,2872,31417,24939
51685,3763,3652,1886,1790,5496,3392,1772,1548,12917,10382
51690,4533,4524,4473,4344,674,479,314,231,9994,9578
51700,62228,61495,55487,54948,13236,10245,10485,9261,141436,135949
51710,83371,81994,70501,69602,16976,13825,15214,13060,186062,178481
51720,2680,2678,79,73,20,22,80,80,2859,2853
51730,3884,3844,19255,19235,1356,854,1040,930,25535,24863
51735,8765,8710,166,165,336,246,469,448,9736,9569
51740,29185,28922,37922,37786,3517,2962,4175,3950,74799,73620
51750,12049,12027,1330,1278,611,611,653,535,14643,14451
51760,87341,86370,73696,72636,16425,8670,11702,10312,189164,177988
51770,45946,45576,20214,19766,5444,2737,4497,3481,76101,71560
51775,17480,17376,1514,1386,791,574,841,620,20626,19956
51790,16946,16900,2220,2110,863,739,904,798,20933,20547
51800,36977,36773,31349,31060,3424,2596,3734,3364,75484,73793
51810,221194,217291,65181,64200,29231,26441,40883,35453,356489,343385
51820,13320,13320,1750,1719,1447,864,1214,1107,17731,17010
51830,9914,9744,1836,1755,956,754,1429,1190,14135,13443
51840,14794,14697,1856,1700,3511,1735,1470,1423,21631,19555
53001,5283,5278,40,8,7853,4251,398,366,13574,9903
53003,16389,16286,129,63,640,598,911,782,18069,17729
53005,111737,110334,2166,1828,33611,24261,9812,8402,157326,144825
53007,44908,44642,292,285,14655,9152,2205,1895,62060,55974
53009,55316,54911,486,442,3388,2979,6096,5813,65286,64145
53011,308935,303543,8441,8020,40039,30181,42074,36341,399489,378085
53013,2790,2787,21,23,265,185,219,176,3295,3171
53015,73606,73388,563,555,7175,5184,5788,5469,87132,84596
53017,21910,21804,174,167,10181,5389,1253,1181,33518,28541
53019,4724,4704,22,16,196,173,1218,1161,6160,6054
53021,29586,29323,1361,1307,34113,22363,3278,3153,68338,56146
53023,1728,1711,6,3,74,72,105,73,1913,1859
53025,41611,41163,857,744,27807,16581,2725,2522,73000,61010
53027,50507,50256,935,930,5050,3024,5342,5126,61834,59336
53029,57436,56841,1680,1589,5216,4653,7455,6425,71787,69508
53031,26494,26286,115,112,1101,804,2121,2004,29831,29206
53033,1054791,1009307,112968,96158,174193,115916,499623,342818,1841575,1564199
53035,171800,170015,5118,4996,17834,15411,28422,25436,223174,215858
53037,32896,32710,493,325,3537,3004,2374,2149,39300,38188
53039,15929,15670,81,84,2189,1318,962,966,19161,18038
53041,56550,56174,425,403,5888,4244,3870,3573,66733,64394
53043,8189,8127,48,50,324,314,425,392,8986,8883
53045,44605,44292,661,571,4974,3188,4467,4076,54707,52127
53047,23623,23359,556,134,5665,2378,4195,4128,34039,29999
53049,17300,17243,123,123,1627,1139,1340,1229,20390,19734
53051,10124,10072,23,22,381,372,808,764,11336,11230
53053,475399,467350,50995,47156,76820,60836,113066,101622,716280,676964
53055,14357,14045,48,47,997,787,754,717,16156,15596
53057,80482,79702,785,769,15935,11515,6691,5949,103893,97935
53059,9028,9001,96,87,587,458,611,566,10322,10112
53061,441533,428987,23499,19690,65726,44368,126814,92888,657572,585933
53063,364505,359957,8150,7721,26109,23210,32007,28888,430771,419776
53065,33440,33302,113,96,1300,1265,3048,2999,37901,37662
53067,177378,175276,7701,7218,20963,17601,30644,27001,236686,227096
53069,3399,3370,17,16,187,184,239,247,3842,3817
53071,36022,35786,908,833,9827,7600,2617,2304,49374,46523
53073,149625,145762,1687,1559,16342,12637,20107,18168,187761,178126
53075,30598,30061,590,464,3045,2762,5331,4210,39564,37497
53077,85411,84846,1405,1281,83887,55859,12052,11370,182755,153356
54001,11686,11679,202,196,117,94,349,343,12354,12312
54003,82577,82246,7588,7416,5659,4440,3779,3341,99603,97443
54005,16318,16310,84,80,113,109,194,178,16709,16677
54007,9624,9619,71,71,59,58,210,211,9964,9959
54009,17196,17163,310,275,226,215,330,212,18062,17865
54011,67437,67154,3162,3053,1120,1074,2735,2453,74454,73734
54013,4794,4794,5,8,38,38,65,58,4902,4898
54015,5945,5946,4,5,16,17,165,161,6130,6129
54017,6234,6233,148,132,51,55,144,137,6577,6557
54019,29073,29033,1496,1497,346,346,430,432,31345,31308
54021,4783,4747,995,949,287,168,138,142,6203,6006
54023,8550,8549,108,87,49,41,117,121,8824,8798
54025,24345,24274,669,665,426,269,701,606,26141,25814
54027,18445,18416,211,211,280,280,300,302,19236,19209
54029,21812,21791,337,337,346,333,717,710,23212,23171
54031,10393,10383,490,390,427,367,112,109,11422,11249
54033,48070,48042,816,787,1044,942,1283,1180,51213,50951
54035,21081,20928,38,42,234,227,409,370,21762,21567
54037,38694,38483,2824,2742,3207,2434,2021,1761,46746,45420
54039,125237,124859,6839,6784,1975,1623,7563,7098,141614,140364
54041,12690,12686,125,109,157,157,136,138,13108,13090
54043,15160,15155,0,0,74,73,179,141,15413,15369
54045,23990,23989,441,440,153,156,304,302,24888,24887
54047,12565,12521,1551,1541,350,164,212,212,14678,14438
54049,41839,41745,1265,1247,632,564,1071,986,44807,44542
54051,23377,23369,95,91,225,216,498,473,24195,24149
54053,19249,19245,241,240,153,151,256,235,19899,19871
54055,42129,42038,1954,1951,563,537,1712,1655,46358,46181
54057,20265,20224,441,440,227,230,514,483,21447,21377
54059,16814,16816,382,381,134,116,89,93,17419,17406
54061,79130,77972,3013,2831,2583,2333,5173,4047,89899,87183
54063,9548,9547,17,17,52,51,141,142,9758,9757
54065,13763,13714,10,10,225,198,462,458,14460,14380
54067,18729,18698,88,89,33,29,306,270,19156,19086
54069,31048,30910,1136,1103,501,368,837,726,33522,33107
54071,4685,4682,70,75,54,55,98,90,4907,4902
54073,5821,5822,30,29,87,84,116,114,6054,6049
54075,6092,6089,26,29,96,95,198,188,6412,6401
54077,24379,24337,2172,2129,602,372,901,840,28054,27678
54079,42801,42768,380,381,570,525,1132,938,44883,44612
54081,50842,50733,4294,4164,958,838,1707,1640,57801,57375
54083,21448,21428,419,415,217,213,433,434,22517,22490
54085,6446,6447,7,8,51,50,135,102,6639,6607
54087,10714,10696,4,8,114,115,191,172,11023,10991
54089,9028,9006,619,616,136,138,106,107,9889,9867
54091,12731,12730,36,37,113,115,230,226,13110,13108
54093,5567,5563,0,2,24,11,117,117,5708,5693
54095,6271,6268,72,70,80,78,80,85,6503,6501
54097,18125,18052,235,231,264,245,289,257,18913,18785
54099,29585,29578,301,201,170,95,323,313,30379,30187
54101,6395,6393,12,9,26,26,73,77,6506,6505
54103,10798,10796,26,28,56,43,209,195,11089,11062
54105,3869,3870,0,1,1,1,113,109,3983,3981
54107,62993,62899,665,642,780,748,1588,1465,66026,65754
54109,15994,15995,55,55,166,144,280,280,16495,16474
55001,16541,16401,411,413,723,565,598,575,18273,17954
55003,10728,10622,76,72,287,267,1656,1623,12747,12584
55005,34590,34478,472,429,925,679,940,893,36927,36479
55007,12131,12098,68,63,196,187,1471,1453,13866,13801
55009,172253,171462,4819,4389,16535,11842,15025,13446,208632,201139
55011,10248,10231,52,48,259,172,166,152,10725,10603
55013,13125,13107,105,102,216,210,821,822,14267,14241
55015,37450,37300,341,292,1804,1385,1586,1345,41181,40322
55017,49250,49164,874,845,875,756,1506,1471,52505,52236
55019,22784,22751,80,76,1114,401,456,403,24434,23631
55021,42940,42779,727,707,1542,1205,1092,1029,46301,45720
55023,12194,12137,246,211,200,178,321,290,12961,12816
55025,367550,363419,20854,18551,29692,19930,41785,30855,459881,432755
55027,64086,63915,2065,2059,3760,3109,1594,1445,71505,70528
55029,24128,24043,26,26,830,518,659,638,25643,25225
55031,33024,32964,273,201,557,507,1903,1792,35757,35464
55033,34186,34091,371,359,735,589,1458,1299,36750,36338
55035,77806,77748,899,715,2213,1503,4991,4232,85909,84198
55037,3792,3789,8,9,18,14,108,112,3926,3924
55039,73928,73687,1308,1267,4284,2997,2620,2317,82140,80268
55041,6367,6364,33,30,110,102,1055,1052,7565,7548
55043,38598,38550,647,636,854,625,732,657,40831,40468
55045,27479,27426,205,198,935,718,446,428,29065,28770
55047,14036,14011,79,79,669,550,302,292,15086,14932
55049,17847,17822,164,164,338,239,368,267,18717,18492
55051,5016,5006,3,3,78,75,149,144,5246,5228
55053,14462,14452,441,434,518,421,1143,1119,16564,16426
55055,62149,61755,551,548,4680,3231,1652,1432,69032,66966
55057,19767,19705,616,604,545,449,610,578,21538,21336
55059,101645,100509,7551,7387,16798,13236,5850,5129,131844,126261
55061,15449,15433,63,64,527,290,315,310,16354,16097
55063,87824,87588,1454,1445,2227,1969,5653,5295,97158,96297
55065,11809,11789,54,53,624,325,175,151,12662,12318
55067,14853,14837,57,58,307,222,542,530,15759,15647
55069,22440,22403,85,88,356,256,481,470,23362,23217
55071,59136,59045,447,415,2659,1754,2671,2443,64913,63657
55073,96511,96303,544,453,2859,1727,7359,6678,107273,105161
55075,32410,32379,166,160,790,481,747,683,34113,33703
55077,12075,12044,76,68,350,259,283,262,12784,12633
55078,543,545,7,9,107,110,2304,2301,2961,2965
55079,385516,380485,164511,162035,102881,74798,53985,44425,706893,661743
55081,31475,31355,518,515,1451,1009,1038,1033,34482,33912
55083,30274,30215,34,33,524,490,968,919,31800,31657
55085,30400,30339,132,134,405,326,854,766,31791,31565
55087,130959,130534,2117,1668,6301,4632,9192,8180,148569,145014
55089,67069,66608,1106,994,2380,2002,2957,2687,73512,72291
55091,5553,5528,15,18,118,79,87,77,5773,5702
55093,31913,31837,226,226,811,599,991,884,33941,33546
55095,34845,34780,83,87,644,553,928,879,36500,36299
55097,52736,52692,404,397,1927,1371,2474,2262,57541,56722
55099,11093,11059,9,9,171,157,356,326,11629,11551
55101,113651,113101,14409,14202,18974,15322,5598,5096,152632,147721
55103,12872,12820,46,42,307,185,330,300,13555,13347
55105,107917,107559,5324,5257,10210,6764,4095,3726,127546,123306
55107,10800,10769,129,125,200,185,215,201,11344,11280
55109,68943,68691,555,544,1890,1324,1807,1620,73195,72179
55111,46705,46502,350,293,2730,1685,1473,1444,51258,49924
55113,12393,12340,104,105,362,264,2411,2380,15270,15089
55115,28488,28416,188,187,724,600,2950,2936,32350,32139
55117,79005,78530,1873,1843,5615,4326,6101,5284,92594,89983
55119,14780,14761,28,27,328,162,271,263,15407,15213
55121,20611,20578,80,82,1603,472,325,290,22619,21422
55123,22147,22116,62,64,370,286,388,366,22967,22832
55125,17719,17673,58,49,297,284,1747,1723,19821,19729
55127,73887,73472,702,693,8451,5642,2003,1858,85043,81665
55129,13070,13057,24,22,229,199,495,451,13818,13729
55131,101219,100589,1331,1178,3258,2871,3144,2799,108952,107437
55133,287254,285739,4538,4478,15709,13013,17963,13489,325464,316719
55135,38989,38902,228,228,1245,1013,737,717,41199,40860
55137,18484,18456,440,447,1080,805,454,420,20458,20128
55139,121537,121104,3216,2957,5640,4726,6684,5918,137077,134705
55141,54307,54114,330,291,1538,1229,1985,1649,58160,57283
56001,26702,25874,348,258,3057,2762,2253,1561,32360,30455
56003,7897,7853,32,30,736,623,260,230,8925,8736
56005,30548,30491,110,111,2790,2014,1186,1095,34634,33711
56007,8884,8833,117,119,1826,1530,393,380,11220,10862
56009,9387,9364,69,64,709,656,299,297,10464,10381
56011,5292,5244,1,0,71,72,255,259,5619,5575
56013,22500,22393,189,192,1479,1399,5694,5627,29862,29611
56015,8864,8854,16,11,878,795,374,301,10132,9961
56017,3249,3237,3,2,140,128,188,192,3580,3559
56019,6426,6379,0,0,320,248,264,265,7010,6892
56021,62962,62673,1655,1562,10707,9954,3093,2940,78417,77129
56023,14142,14098,15,4,718,569,450,434,15325,15105
56025,53657,53453,384,363,4782,4346,2277,2199,61100,60361
56027,1868,1873,81,83,82,81,94,82,2125,2119
56029,22220,22132,37,26,1248,1179,645,632,24150,23969
56031,6111,6111,29,28,549,503,179,187,6868,6829
56033,23300,23240,161,128,1090,852,664,640,25215,24860
56035,6222,6198,9,11,415,384,324,322,6970,6915
56037,25157,25104,296,297,4719,3463,993,934,31165,29798
56039,16111,15869,93,90,2484,800,715,567,19403,17326
56041,13318,13321,62,58,1276,1079,361,364,15017,14822
56043,5151,5132,9,10,735,619,193,195,6088,5956
56045,4920,4906,3,1,257,186,307,279,5487,5372
