state_abbr,state_fips,unit_label,unit_name,unit_fips,total_registered,as_of_date,source_quality
AK,02,house district,House District 01,,15061,2026-05-03,complete
AK,02,house district,House District 02,,15847,2026-05-03,complete
AK,02,house district,House District 03,,16630,2026-05-03,complete
AK,02,house district,House District 04,,14892,2026-05-03,complete
AK,02,house district,House District 05,,13742,2026-05-03,complete
AK,02,house district,House District 06,,18233,2026-05-03,complete
AK,02,house district,House District 07,,16756,2026-05-03,complete
AK,02,house district,House District 08,,17405,2026-05-03,complete
AK,02,house district,House District 09,,16198,2026-05-03,complete
AK,02,house district,House District 10,,15000,2026-05-03,complete
AK,02,house district,House District 11,,15144,2026-05-03,complete
AK,02,house district,House District 12,,14949,2026-05-03,complete
AK,02,house district,House District 13,,15078,2026-05-03,complete
AK,02,house district,House District 14,,14275,2026-05-03,complete
AK,02,house district,House District 15,,15342,2026-05-03,complete
AK,02,house district,House District 16,,15567,2026-05-03,complete
AK,02,house district,House District 17,,14649,2026-05-03,complete
AK,02,house district,House District 18,,11195,2026-05-03,complete
AK,02,house district,House District 19,,12986,2026-05-03,complete
AK,02,house district,House District 20,,13888,2026-05-03,complete
AK,02,house district,House District 21,,15667,2026-05-03,complete
AK,02,house district,House District 22,,14056,2026-05-03,complete
AK,02,house district,House District 23,,16334,2026-05-03,complete
AK,02,house district,House District 24,,15717,2026-05-03,complete
AK,02,house district,House District 25,,16992,2026-05-03,complete
AK,02,house district,House District 26,,16589,2026-05-03,complete
AK,02,house district,House District 27,,16792,2026-05-03,complete
AK,02,house district,House District 28,,16118,2026-05-03,complete
AK,02,house district,House District 29,,16939,2026-05-03,complete
AK,02,house district,House District 30,,17534,2026-05-03,complete
AK,02,house district,House District 31,,13812,2026-05-03,complete
AK,02,house district,House District 32,,11395,2026-05-03,complete
AK,02,house district,House District 33,,16225,2026-05-03,complete
AK,02,house district,House District 34,,15626,2026-05-03,complete
AK,02,house district,House District 35,,15459,2026-05-03,complete
AK,02,house district,House District 36,,15972,2026-05-03,complete
AK,02,house district,House District 37,,9850,2026-05-03,complete
AK,02,house district,House District 38,,10834,2026-05-03,complete
AK,02,house district,House District 39,,10405,2026-05-03,complete
AK,02,house district,House District 40,,8974,2026-05-03,complete
AL,01,county,Autauga,01001,46258,2026-04-30,complete
AL,01,county,Baldwin,01003,209727,2026-04-30,complete
AL,01,county,Barbour,01005,16909,2026-04-30,complete
AL,01,county,Bibb,01007,14967,2026-04-30,complete
AL,01,county,Blount,01009,43296,2026-04-30,complete
AL,01,county,Bullock,01011,6857,2026-04-30,complete
AL,01,county,Butler,01013,14187,2026-04-30,complete
AL,01,county,Calhoun,01015,82977,2026-04-30,complete
AL,01,county,Chambers,01017,26472,2026-04-30,complete
AL,01,county,Cherokee,01019,21140,2026-04-30,complete
AL,01,county,Chilton,01021,31732,2026-04-30,complete
AL,01,county,Choctaw,01023,10339,2026-04-30,complete
AL,01,county,Clarke,01025,18496,2026-04-30,complete
AL,01,county,Clay,01027,10472,2026-04-30,complete
AL,01,county,Cleburne,01029,12291,2026-04-30,complete
AL,01,county,Coffee,01031,39291,2026-04-30,complete
AL,01,county,Colbert,01033,45302,2026-04-30,complete
AL,01,county,Conecuh,01035,9700,2026-04-30,complete
AL,01,county,Coosa,01037,8139,2026-04-30,complete
AL,01,county,Covington,01039,28891,2026-04-30,complete
AL,01,county,Crenshaw,01041,10873,2026-04-30,complete
AL,01,county,Cullman,01043,66645,2026-04-30,complete
AL,01,county,Dale,01045,36315,2026-04-30,complete
AL,01,county,Dallas,01047,28241,2026-04-30,complete
AL,01,county,DeKalb,01049,47822,2026-04-30,complete
AL,01,county,Elmore,01051,63922,2026-04-30,complete
AL,01,county,Escambia,01053,28124,2026-04-30,complete
AL,01,county,Etowah,01055,76568,2026-04-30,complete
AL,01,county,Fayette,01057,12718,2026-04-30,complete
AL,01,county,Franklin,01059,19663,2026-04-30,complete
AL,01,county,Geneva,01061,20462,2026-04-30,complete
AL,01,county,Greene,01063,6336,2026-04-30,complete
AL,01,county,Hale,01065,11880,2026-04-30,complete
AL,01,county,Henry,01067,14609,2026-04-30,complete
AL,01,county,Houston,01069,80093,2026-04-30,complete
AL,01,county,Jackson,01071,40512,2026-04-30,complete
AL,01,county,Jefferson,01073,491083,2026-04-30,complete
AL,01,county,Lamar,01075,10925,2026-04-30,complete
AL,01,county,Lauderdale,01077,70528,2026-04-30,complete
AL,01,county,Lawrence,01079,25791,2026-04-30,complete
AL,01,county,Lee,01081,131758,2026-04-30,complete
AL,01,county,Limestone,01083,85891,2026-04-30,complete
AL,01,county,Lowndes,01085,9401,2026-04-30,complete
AL,01,county,Macon,01087,14968,2026-04-30,complete
AL,01,county,Madison,01089,329016,2026-04-30,complete
AL,01,county,Marengo,01091,14962,2026-04-30,complete
AL,01,county,Marion,01093,22210,2026-04-30,complete
AL,01,county,Marshall,01095,68052,2026-04-30,complete
AL,01,county,Mobile,01097,307513,2026-04-30,complete
AL,01,county,Monroe,01099,15765,2026-04-30,complete
AL,01,county,Montgomery,01101,157651,2026-04-30,complete
AL,01,county,Morgan,01103,87540,2026-04-30,complete
AL,01,county,Perry,01105,7335,2026-04-30,complete
AL,01,county,Pickens,01107,13684,2026-04-30,complete
AL,01,county,Pike,01109,23325,2026-04-30,complete
AL,01,county,Randolph,01111,19221,2026-04-30,complete
AL,01,county,Russell,01113,44000,2026-04-30,complete
AL,01,county,Shelby,01117,180345,2026-04-30,complete
AL,01,county,St. Clair,01115,73358,2026-04-30,complete
AL,01,county,Sumter,01119,8974,2026-04-30,complete
AL,01,county,Talladega,01121,60215,2026-04-30,complete
AL,01,county,Tallapoosa,01123,31812,2026-04-30,complete
AL,01,county,Tuscaloosa,01125,145746,2026-04-30,complete
AL,01,county,Walker,01127,49061,2026-04-30,complete
AL,01,county,Washington,01129,13462,2026-04-30,complete
AL,01,county,Wilcox,01131,8233,2026-04-30,complete
AL,01,county,Winston,01133,17591,2026-04-30,complete
AR,05,county,Arkansas,05001,9137,2024-11-05,complete
AR,05,county,Ashley,05003,10336,2024-11-05,complete
AR,05,county,Baxter,05005,30823,2024-11-05,complete
AR,05,county,Benton,05007,193492,2024-11-05,complete
AR,05,county,Boone,05009,25164,2024-11-05,complete
AR,05,county,Bradley,05011,5211,2024-11-05,complete
AR,05,county,Calhoun,05013,2943,2024-11-05,complete
AR,05,county,Carroll,05015,16552,2024-11-05,complete
AR,05,county,Chicot,05017,5714,2024-11-05,complete
AR,05,county,Clark,05019,12839,2024-11-05,complete
AR,05,county,Clay,05021,7671,2024-11-05,complete
AR,05,county,Cleburne,05023,18252,2024-11-05,complete
AR,05,county,Cleveland,05025,4853,2024-11-05,complete
AR,05,county,Columbia,05027,12145,2024-11-05,complete
AR,05,county,Conway,05029,12583,2024-11-05,complete
AR,05,county,Craighead,05031,58517,2024-11-05,complete
AR,05,county,Crawford,05033,36345,2024-11-05,complete
AR,05,county,Crittenden,05035,28441,2024-11-05,complete
AR,05,county,Cross,05037,9701,2024-11-05,complete
AR,05,county,Dallas,05039,4212,2024-11-05,complete
AR,05,county,Desha,05041,6979,2024-11-05,complete
AR,05,county,Drew,05043,10707,2024-11-05,complete
AR,05,county,Faulkner,05045,78723,2024-11-05,complete
AR,05,county,Franklin,05047,10691,2024-11-05,complete
AR,05,county,Fulton,05049,7307,2024-11-05,complete
AR,05,county,Garland,05051,63951,2024-11-05,complete
AR,05,county,Grant,05053,11446,2024-11-05,complete
AR,05,county,Greene,05055,24086,2024-11-05,complete
AR,05,county,Hempstead,05057,9145,2024-11-05,complete
AR,05,county,Hot Spring,05059,18518,2024-11-05,complete
AR,05,county,Howard,05061,7460,2024-11-05,complete
AR,05,county,Independence,05063,21207,2024-11-05,complete
AR,05,county,Izard,05065,10480,2024-11-05,complete
AR,05,county,Jackson,05067,7473,2024-11-05,complete
AR,05,county,Jefferson,05069,37163,2024-11-05,complete
AR,05,county,Johnson,05071,14599,2024-11-05,complete
AR,05,county,Lafayette,05073,3540,2024-11-05,complete
AR,05,county,Lawrence,05075,8525,2024-11-05,complete
AR,05,county,Lee,05077,4059,2024-11-05,complete
AR,05,county,Lincoln,05079,5121,2024-11-05,complete
AR,05,county,Little River,05081,7017,2024-11-05,complete
AR,05,county,Logan,05083,14136,2024-11-05,complete
AR,05,county,Lonoke,05085,50732,2024-11-05,complete
AR,05,county,Madison,05087,11443,2024-11-05,complete
AR,05,county,Marion,05089,11586,2024-11-05,complete
AR,05,county,Miller,05091,27698,2024-11-05,complete
AR,05,county,Mississippi,05093,20151,2024-11-05,complete
AR,05,county,Monroe,05095,3868,2024-11-05,complete
AR,05,county,Montgomery,05097,5299,2024-11-05,complete
AR,05,county,Nevada,05099,5781,2024-11-05,complete
AR,05,county,Newton,05101,6163,2024-11-05,complete
AR,05,county,Ouachita,05103,16001,2024-11-05,complete
AR,05,county,Perry,05105,7014,2024-11-05,complete
AR,05,county,Phillips,05107,8915,2024-11-05,complete
AR,05,county,Pike,05109,6469,2024-11-05,complete
AR,05,county,Poinsett,05111,12438,2024-11-05,complete
AR,05,county,Polk,05113,12157,2024-11-05,complete
AR,05,county,Pope,05115,35172,2024-11-05,complete
AR,05,county,Prairie,05117,4725,2024-11-05,complete
AR,05,county,Pulaski,05119,241753,2024-11-05,complete
AR,05,county,Randolph,05121,10541,2024-11-05,complete
AR,05,county,St. Francis,05123,10437,2024-11-05,complete
AR,05,county,Saline,05125,81462,2024-11-05,complete
AR,05,county,Scott,05127,5009,2024-11-05,complete
AR,05,county,Searcy,05129,6230,2024-11-05,complete
AR,05,county,Sebastian,05131,72609,2024-11-05,complete
AR,05,county,Sevier,05133,7435,2024-11-05,complete
AR,05,county,Sharp,05135,11175,2024-11-05,complete
AR,05,county,Stone,05137,8673,2024-11-05,complete
AR,05,county,Union,05139,27463,2024-11-05,complete
AR,05,county,Van Buren,05141,11790,2024-11-05,complete
AR,05,county,Washington,05143,148050,2024-11-05,complete
AR,05,county,White,05145,46212,2024-11-05,complete
AR,05,county,Woodruff,05147,4195,2024-11-05,complete
AR,05,county,Yell,05149,9813,2024-11-05,complete
AZ,04,county,Apache,04001,58488,2026-04-01,complete
AZ,04,county,Cochise,04003,89925,2026-04-01,complete
AZ,04,county,Coconino,04005,104602,2026-04-01,complete
AZ,04,county,Gila,04007,38281,2026-04-01,complete
AZ,04,county,Graham,04009,22675,2026-04-01,complete
AZ,04,county,Greenlee,04011,5083,2026-04-01,complete
AZ,04,county,La Paz,04012,13653,2026-04-01,complete
AZ,04,county,Maricopa,04013,2961257,2026-04-01,complete
AZ,04,county,Mohave,04015,176374,2026-04-01,complete
AZ,04,county,Navajo,04017,77714,2026-04-01,complete
AZ,04,county,Pima,04019,734276,2026-04-01,complete
AZ,04,county,Pinal,04021,326535,2026-04-01,complete
AZ,04,county,Santa Cruz,04023,34362,2026-04-01,complete
AZ,04,county,Yavapai,04025,194762,2026-04-01,complete
AZ,04,county,Yuma,04027,126578,2026-04-01,complete
CA,06,county,Alameda,06001,971194,2026-05-18,complete
CA,06,county,Alpine,06003,930,2026-05-18,complete
CA,06,county,Amador,06005,26957,2026-05-18,complete
CA,06,county,Butte,06007,127369,2026-05-18,complete
CA,06,county,Calaveras,06009,32819,2026-05-18,complete
CA,06,county,Colusa,06011,10814,2026-05-18,complete
CA,06,county,Contra Costa,06013,731497,2026-05-18,complete
CA,06,county,Del Norte,06015,15124,2026-05-18,complete
CA,06,county,El Dorado,06017,137636,2026-05-18,complete
CA,06,county,Fresno,06019,527472,2026-05-18,complete
CA,06,county,Glenn,06021,14165,2026-05-18,complete
CA,06,county,Humboldt,06023,85320,2026-05-18,complete
CA,06,county,Imperial,06025,93705,2026-05-18,complete
CA,06,county,Inyo,06027,10856,2026-05-18,complete
CA,06,county,Kern,06029,462981,2026-05-18,complete
CA,06,county,Kings,06031,59924,2026-05-18,complete
CA,06,county,Lake,06033,37569,2026-05-18,complete
CA,06,county,Lassen,06035,15369,2026-05-18,complete
CA,06,county,Los Angeles,06037,5898798,2026-05-18,complete
CA,06,county,Madera,06039,82440,2026-05-18,complete
CA,06,county,Marin,06041,173132,2026-05-18,complete
CA,06,county,Mariposa,06043,11737,2026-05-18,complete
CA,06,county,Mendocino,06045,53919,2026-05-18,complete
CA,06,county,Merced,06047,136275,2026-05-18,complete
CA,06,county,Modoc,06049,5395,2026-05-18,complete
CA,06,county,Mono,06051,7998,2026-05-18,complete
CA,06,county,Monterey,06053,218662,2026-05-18,complete
CA,06,county,Napa,06055,85945,2026-05-18,complete
CA,06,county,Nevada,06057,75951,2026-05-18,complete
CA,06,county,Orange,06059,1907785,2026-05-18,complete
CA,06,county,Placer,06061,298455,2026-05-18,complete
CA,06,county,Plumas,06063,13170,2026-05-18,complete
CA,06,county,Riverside,06065,1436557,2026-05-18,complete
CA,06,county,Sacramento,06067,918376,2026-05-18,complete
CA,06,county,San Benito,06069,39904,2026-05-18,complete
CA,06,county,San Bernardino,06071,1234458,2026-05-18,complete
CA,06,county,San Diego,06073,2022963,2026-05-18,complete
CA,06,county,San Francisco,06075,533629,2026-05-18,complete
CA,06,county,San Joaquin,06077,410510,2026-05-18,complete
CA,06,county,San Luis Obispo,06079,181687,2026-05-18,complete
CA,06,county,San Mateo,06081,447306,2026-05-18,complete
CA,06,county,Santa Barbara,06083,250289,2026-05-18,complete
CA,06,county,Santa Clara,06085,1075142,2026-05-18,complete
CA,06,county,Santa Cruz,06087,173653,2026-05-18,complete
CA,06,county,Shasta,06089,116404,2026-05-18,complete
CA,06,county,Sierra,06091,2167,2026-05-18,complete
CA,06,county,Siskiyou,06093,27555,2026-05-18,complete
CA,06,county,Solano,06095,275476,2026-05-18,complete
CA,06,county,Sonoma,06097,320619,2026-05-18,complete
CA,06,county,Stanislaus,06099,300132,2026-05-18,complete
CA,06,county,Sutter,06101,55432,2026-05-18,complete
CA,06,county,Tehama,06103,37266,2026-05-18,complete
CA,06,county,Trinity,06105,7490,2026-05-18,complete
CA,06,county,Tulare,06107,226950,2026-05-18,complete
CA,06,county,Tuolumne,06109,35571,2026-05-18,complete
CA,06,county,Ventura,06111,525292,2026-05-18,complete
CA,06,county,Yolo,06113,122669,2026-05-18,complete
CA,06,county,Yuba,06115,46587,2026-05-18,complete
CO,08,county,Adams,08001,368619,2026-06-01,complete
CO,08,county,Alamosa,08003,12080,2026-06-01,complete
CO,08,county,Arapahoe,08005,485439,2026-06-01,complete
CO,08,county,Archuleta,08007,13697,2026-06-01,complete
CO,08,county,Baca,08009,2960,2026-06-01,complete
CO,08,county,Bent,08011,3390,2026-06-01,complete
CO,08,county,Boulder,08013,264577,2026-06-01,complete
CO,08,county,Broomfield,08014,64723,2026-06-01,complete
CO,08,county,Chaffee,08015,19471,2026-06-01,complete
CO,08,county,Cheyenne,08017,1399,2026-06-01,complete
CO,08,county,Clear Creek,08019,8550,2026-06-01,complete
CO,08,county,Conejos,08021,6037,2026-06-01,complete
CO,08,county,Costilla,08023,3480,2026-06-01,complete
CO,08,county,Crowley,08025,2541,2026-06-01,complete
CO,08,county,Custer,08027,5206,2026-06-01,complete
CO,08,county,Delta,08029,26854,2026-06-01,complete
CO,08,county,Denver,08031,558043,2026-06-01,complete
CO,08,county,Dolores,08033,1900,2026-06-01,complete
CO,08,county,Douglas,08035,331787,2026-06-01,complete
CO,08,county,Eagle,08037,40530,2026-06-01,complete
CO,08,county,El Paso,08041,602357,2026-06-01,complete
CO,08,county,Elbert,08039,27599,2026-06-01,complete
CO,08,county,Fremont,08043,35857,2026-06-01,complete
CO,08,county,Garfield,08045,44725,2026-06-01,complete
CO,08,county,Gilpin,08047,5631,2026-06-01,complete
CO,08,county,Grand,08049,14326,2026-06-01,complete
CO,08,county,Gunnison,08051,14731,2026-06-01,complete
CO,08,county,Hinsdale,08053,755,2026-06-01,complete
CO,08,county,Huerfano,08055,6310,2026-06-01,complete
CO,08,county,Jackson,08057,1222,2026-06-01,complete
CO,08,county,Jefferson,08059,484678,2026-06-01,complete
CO,08,county,Kiowa,08061,1128,2026-06-01,complete
CO,08,county,Kit Carson,08063,5418,2026-06-01,complete
CO,08,county,La Plata,08067,50665,2026-06-01,complete
CO,08,county,Lake,08065,6219,2026-06-01,complete
CO,08,county,Larimer,08069,309499,2026-06-01,complete
CO,08,county,Las Animas,08071,11915,2026-06-01,complete
CO,08,county,Lincoln,08073,3653,2026-06-01,complete
CO,08,county,Logan,08075,14267,2026-06-01,complete
CO,08,county,Mesa,08077,130275,2026-06-01,complete
CO,08,county,Mineral,08079,962,2026-06-01,complete
CO,08,county,Moffat,08081,10448,2026-06-01,complete
CO,08,county,Montezuma,08083,22781,2026-06-01,complete
CO,08,county,Montrose,08085,35846,2026-06-01,complete
CO,08,county,Morgan,08087,21149,2026-06-01,complete
CO,08,county,Otero,08089,13904,2026-06-01,complete
CO,08,county,Ouray,08091,5263,2026-06-01,complete
CO,08,county,Park,08093,16872,2026-06-01,complete
CO,08,county,Phillips,08095,3235,2026-06-01,complete
CO,08,county,Pitkin,08097,15490,2026-06-01,complete
CO,08,county,Prowers,08099,8014,2026-06-01,complete
CO,08,county,Pueblo,08101,130762,2026-06-01,complete
CO,08,county,Rio Blanco,08103,5228,2026-06-01,complete
CO,08,county,Rio Grande,08105,9483,2026-06-01,complete
CO,08,county,Routt,08107,22963,2026-06-01,complete
CO,08,county,Saguache,08109,5352,2026-06-01,complete
CO,08,county,San Juan,08111,851,2026-06-01,complete
CO,08,county,San Miguel,08113,6919,2026-06-01,complete
CO,08,county,Sedgwick,08115,1934,2026-06-01,complete
CO,08,county,Summit,08117,25435,2026-06-01,complete
CO,08,county,Teller,08119,23130,2026-06-01,complete
CO,08,county,Washington,08121,3707,2026-06-01,complete
CO,08,county,Weld,08123,269875,2026-06-01,complete
CO,08,county,Yuma,08125,6615,2026-06-01,complete
CT,09,town,Andover,,2516,2025-10-17,complete
CT,09,town,Ansonia,,12380,2025-10-17,complete
CT,09,town,Ashford,,3281,2025-10-17,complete
CT,09,town,Avon,,15089,2025-10-17,complete
CT,09,town,Barkhamsted,,3018,2025-10-17,complete
CT,09,town,Beacon Falls,,4887,2025-10-17,complete
CT,09,town,Berlin,,16385,2025-10-17,complete
CT,09,town,Bethany,,4450,2025-10-17,complete
CT,09,town,Bethel,,14376,2025-10-17,complete
CT,09,town,Bethlehem,,2885,2025-10-17,complete
CT,09,town,Bloomfield,,17543,2025-10-17,complete
CT,09,town,Bolton,,4013,2025-10-17,complete
CT,09,town,Bozrah,,2089,2025-10-17,complete
CT,09,town,Branford,,22814,2025-10-17,complete
CT,09,town,Bridgeport,,76421,2025-10-17,complete
CT,09,town,Bridgewater,,1524,2025-10-17,complete
CT,09,town,Bristol,,40464,2025-10-17,complete
CT,09,town,Brookfield,,14068,2025-10-17,complete
CT,09,town,Brooklyn,,6034,2025-10-17,complete
CT,09,town,Burlington,,7607,2025-10-17,complete
CT,09,town,Canaan,,789,2025-10-17,complete
CT,09,town,Canterbury,,4140,2025-10-17,complete
CT,09,town,Canton,,8565,2025-10-17,complete
CT,09,town,Chaplin,,1723,2025-10-17,complete
CT,09,town,Cheshire,,21928,2025-10-17,complete
CT,09,town,Chester,,3139,2025-10-17,complete
CT,09,town,Clinton,,11005,2025-10-17,complete
CT,09,town,Colchester,,12816,2025-10-17,complete
CT,09,town,Colebrook,,1180,2025-10-17,complete
CT,09,town,Columbia,,4339,2025-10-17,complete
CT,09,town,Cornwall,,1227,2025-10-17,complete
CT,09,town,Coventry,,9852,2025-10-17,complete
CT,09,town,Cromwell,,11658,2025-10-17,complete
CT,09,town,Danbury,,43664,2025-10-17,complete
CT,09,town,Darien,,16340,2025-10-17,complete
CT,09,town,Deep River,,3736,2025-10-17,complete
CT,09,town,Derby,,7710,2025-10-17,complete
CT,09,town,Durham,,5864,2025-10-17,complete
CT,09,town,Eastford,,1339,2025-10-17,complete
CT,09,town,East Granby,,4087,2025-10-17,complete
CT,09,town,East Haddam,,7489,2025-10-17,complete
CT,09,town,East Hampton,,10432,2025-10-17,complete
CT,09,town,East Hartford,,32874,2025-10-17,complete
CT,09,town,East Haven,,18962,2025-10-17,complete
CT,09,town,East Lyme,,15084,2025-10-17,complete
CT,09,town,Easton,,6147,2025-10-17,complete
CT,09,town,East Windsor,,9530,2025-10-17,complete
CT,09,town,Ellington,,12395,2025-10-17,complete
CT,09,town,Enfield,,29369,2025-10-17,complete
CT,09,town,Essex,,5738,2025-10-17,complete
CT,09,town,Fairfield,,46741,2025-10-17,complete
CT,09,town,Farmington,,21899,2025-10-17,complete
CT,09,town,Franklin,,1554,2025-10-17,complete
CT,09,town,Glastonbury,,27309,2025-10-17,complete
CT,09,town,Goshen,,2572,2025-10-17,complete
CT,09,town,Granby,,9392,2025-10-17,complete
CT,09,town,Greenwich,,46602,2025-10-17,complete
CT,09,town,Griswold,,8871,2025-10-17,complete
CT,09,town,Groton,,25308,2025-10-17,complete
CT,09,town,Guilford,,17779,2025-10-17,complete
CT,09,town,Haddam,,6789,2025-10-17,complete
CT,09,town,Hamden,,40828,2025-10-17,complete
CT,09,town,Hampton,,1424,2025-10-17,complete
CT,09,town,Hartford,,64167,2025-10-17,complete
CT,09,town,Hartland,,1595,2025-10-17,complete
CT,09,town,Harwinton,,4745,2025-10-17,complete
CT,09,town,Hebron,,7968,2025-10-17,complete
CT,09,town,Kent,,2377,2025-10-17,complete
CT,09,town,Killingly,,12219,2025-10-17,complete
CT,09,town,Killingworth,,5323,2025-10-17,complete
CT,09,town,Lebanon,,5620,2025-10-17,complete
CT,09,town,Ledyard,,11158,2025-10-17,complete
CT,09,town,Lisbon,,3194,2025-10-17,complete
CT,09,town,Litchfield,,6593,2025-10-17,complete
CT,09,town,Lyme,,2009,2025-10-17,complete
CT,09,town,Madison,,15149,2025-10-17,complete
CT,09,town,Manchester,,39022,2025-10-17,complete
CT,09,town,Mansfield,,11914,2025-10-17,complete
CT,09,town,Marlborough,,5022,2025-10-17,complete
CT,09,town,Meriden,,37020,2025-10-17,complete
CT,09,town,Middlebury,,6962,2025-10-17,complete
CT,09,town,Middlefield,,3682,2025-10-17,complete
CT,09,town,Middletown,,32944,2025-10-17,complete
CT,09,town,Milford,,41937,2025-10-17,complete
CT,09,town,Monroe,,14540,2025-10-17,complete
CT,09,town,Montville,,12687,2025-10-17,complete
CT,09,town,Morris,,1881,2025-10-17,complete
CT,09,town,Naugatuck,,20071,2025-10-17,complete
CT,09,town,New Britain,,40039,2025-10-17,complete
CT,09,town,New Canaan,,15824,2025-10-17,complete
CT,09,town,New Fairfield,,10543,2025-10-17,complete
CT,09,town,New Hartford,,5491,2025-10-17,complete
CT,09,town,New Haven,,69852,2025-10-17,complete
CT,09,town,Newington,,23189,2025-10-17,complete
CT,09,town,New London,,18412,2025-10-17,complete
CT,09,town,New Milford,,20175,2025-10-17,complete
CT,09,town,Newtown,,21044,2025-10-17,complete
CT,09,town,Norfolk,,1251,2025-10-17,complete
CT,09,town,North Branford,,10509,2025-10-17,complete
CT,09,town,North Canaan,,2511,2025-10-17,complete
CT,09,town,North Haven,,19524,2025-10-17,complete
CT,09,town,North Stonington,,4502,2025-10-17,complete
CT,09,town,Norwalk,,62787,2025-10-17,complete
CT,09,town,Norwich,,23319,2025-10-17,complete
CT,09,town,Old Lyme,,6593,2025-10-17,complete
CT,09,town,Old Saybrook,,9599,2025-10-17,complete
CT,09,town,Orange,,11407,2025-10-17,complete
CT,09,town,Oxford,,10548,2025-10-17,complete
CT,09,town,Plainfield,,11316,2025-10-17,complete
CT,09,town,Plainville,,13333,2025-10-17,complete
CT,09,town,Plymouth,,9095,2025-10-17,complete
CT,09,town,Pomfret,,3275,2025-10-17,complete
CT,09,town,Portland,,7364,2025-10-17,complete
CT,09,town,Preston,,3734,2025-10-17,complete
CT,09,town,Prospect,,7468,2025-10-17,complete
CT,09,town,Putnam,,6855,2025-10-17,complete
CT,09,town,Redding,,7229,2025-10-17,complete
CT,09,town,Ridgefield,,21262,2025-10-17,complete
CT,09,town,Rocky Hill,,14491,2025-10-17,complete
CT,09,town,Roxbury,,1855,2025-10-17,complete
CT,09,town,Salem,,3349,2025-10-17,complete
CT,09,town,Salisbury,,3290,2025-10-17,complete
CT,09,town,Scotland,,1264,2025-10-17,complete
CT,09,town,Seymour,,12155,2025-10-17,complete
CT,09,town,Sharon,,1938,2025-10-17,complete
CT,09,town,Shelton,,31382,2025-10-17,complete
CT,09,town,Sherman,,2879,2025-10-17,complete
CT,09,town,Simsbury,,21039,2025-10-17,complete
CT,09,town,Somers,,7265,2025-10-17,complete
CT,09,town,Southbury,,16203,2025-10-17,complete
CT,09,town,Southington,,34197,2025-10-17,complete
CT,09,town,South Windsor,,18814,2025-10-17,complete
CT,09,town,Sprague,,2184,2025-10-17,complete
CT,09,town,Stafford,,8496,2025-10-17,complete
CT,09,town,Stamford,,83512,2025-10-17,complete
CT,09,town,Sterling,,2600,2025-10-17,complete
CT,09,town,Stonington,,16288,2025-10-17,complete
CT,09,town,Stratford,,37771,2025-10-17,complete
CT,09,town,Suffield,,11148,2025-10-17,complete
CT,09,town,Thomaston,,5801,2025-10-17,complete
CT,09,town,Thompson,,7239,2025-10-17,complete
CT,09,town,Tolland,,11839,2025-10-17,complete
CT,09,town,Torrington,,23803,2025-10-17,complete
CT,09,town,Trumbull,,27933,2025-10-17,complete
CT,09,town,Union,,652,2025-10-17,complete
CT,09,town,Vernon,,20473,2025-10-17,complete
CT,09,town,Voluntown,,2002,2025-10-17,complete
CT,09,town,Wallingford,,31597,2025-10-17,complete
CT,09,town,Warren,,1189,2025-10-17,complete
CT,09,town,Washington,,2774,2025-10-17,complete
CT,09,town,Waterbury,,60757,2025-10-17,complete
CT,09,town,Waterford,,15812,2025-10-17,complete
CT,09,town,Watertown,,16478,2025-10-17,complete
CT,09,town,Westbrook,,5482,2025-10-17,complete
CT,09,town,West Hartford,,47754,2025-10-17,complete
CT,09,town,West Haven,,31833,2025-10-17,complete
CT,09,town,Weston,,8218,2025-10-17,complete
CT,09,town,Westport,,21926,2025-10-17,complete
CT,09,town,Wethersfield,,20271,2025-10-17,complete
CT,09,town,Willington,,3955,2025-10-17,complete
CT,09,town,Wilton,,14128,2025-10-17,complete
CT,09,town,Winchester,,7515,2025-10-17,complete
CT,09,town,Windham,,13252,2025-10-17,complete
CT,09,town,Windsor,,24054,2025-10-17,complete
CT,09,town,Windsor Locks,,9714,2025-10-17,complete
CT,09,town,Wolcott,,12078,2025-10-17,complete
CT,09,town,Woodbridge,,7201,2025-10-17,complete
CT,09,town,Woodbury,,8526,2025-10-17,complete
CT,09,town,Woodstock,,6934,2025-10-17,complete
DC,11,ward,Ward 1,,58816,2026-05-31,complete
DC,11,ward,Ward 2,,53154,2026-05-31,complete
DC,11,ward,Ward 3,,57452,2026-05-31,complete
DC,11,ward,Ward 4,,61558,2026-05-31,complete
DC,11,ward,Ward 5,,69404,2026-05-31,complete
DC,11,ward,Ward 6,,69371,2026-05-31,complete
DC,11,ward,Ward 7,,61315,2026-05-31,complete
DC,11,ward,Ward 8,,50078,2026-05-31,complete
DE,10,county,New Castle,10003,439440,2026-06-01,complete
DE,10,county,Kent,10001,147687,2026-06-01,complete
DE,10,county,Sussex,10005,218208,2026-06-01,complete
FL,12,county,Alachua,12001,164302,2026-05-31,complete
FL,12,county,Baker,12003,17650,2026-05-31,complete
FL,12,county,Bay,12005,124957,2026-05-31,complete
FL,12,county,Bradford,12007,16644,2026-05-31,complete
FL,12,county,Brevard,12009,435541,2026-05-31,complete
FL,12,county,Broward,12011,1078499,2026-05-31,complete
FL,12,county,Calhoun,12013,7519,2026-05-31,complete
FL,12,county,Charlotte,12015,151675,2026-05-31,complete
FL,12,county,Citrus,12017,118748,2026-05-31,complete
FL,12,county,Clay,12019,152619,2026-05-31,complete
FL,12,county,Collier,12021,260348,2026-05-31,complete
FL,12,county,Columbia,12023,41104,2026-05-31,complete
FL,12,county,DeSoto,12027,15822,2026-05-31,complete
FL,12,county,Dixie,12029,9869,2026-05-31,complete
FL,12,county,Duval,12031,642651,2026-05-31,complete
FL,12,county,Escambia,12033,202580,2026-05-31,complete
FL,12,county,Flagler,12035,97638,2026-05-31,complete
FL,12,county,Franklin,12037,7582,2026-05-31,complete
FL,12,county,Gadsden,12039,26537,2026-05-31,complete
FL,12,county,Gilchrist,12041,12737,2026-05-31,complete
FL,12,county,Glades,12043,6744,2026-05-31,complete
FL,12,county,Gulf,12045,10949,2026-05-31,complete
FL,12,county,Hamilton,12047,7006,2026-05-31,complete
FL,12,county,Hardee,12049,11312,2026-05-31,complete
FL,12,county,Hendry,12051,18869,2026-05-31,complete
FL,12,county,Hernando,12053,135465,2026-05-31,complete
FL,12,county,Highlands,12055,61746,2026-05-31,complete
FL,12,county,Hillsborough,12057,799643,2026-05-31,complete
FL,12,county,Holmes,12059,11259,2026-05-31,complete
FL,12,county,Indian River,12061,117222,2026-05-31,complete
FL,12,county,Jackson,12063,26800,2026-05-31,complete
FL,12,county,Jefferson,12065,9834,2026-05-31,complete
FL,12,county,Lafayette,12067,4221,2026-05-31,complete
FL,12,county,Lake,12069,276344,2026-05-31,complete
FL,12,county,Lee,12071,490275,2026-05-31,complete
FL,12,county,Leon,12073,182394,2026-05-31,complete
FL,12,county,Levy,12075,29770,2026-05-31,complete
FL,12,county,Liberty,12077,4526,2026-05-31,complete
FL,12,county,Madison,12079,10398,2026-05-31,complete
FL,12,county,Manatee,12081,279622,2026-05-31,complete
FL,12,county,Marion,12083,263250,2026-05-31,complete
FL,12,county,Martin,12085,115249,2026-05-31,complete
FL,12,county,Miami-Dade,12086,1280803,2026-05-31,complete
FL,12,county,Monroe,12087,54420,2026-05-31,complete
FL,12,county,Nassau,12089,80273,2026-05-31,complete
FL,12,county,Okaloosa,12091,145185,2026-05-31,complete
FL,12,county,Okeechobee,12093,20461,2026-05-31,complete
FL,12,county,Orange,12095,797614,2026-05-31,complete
FL,12,county,Osceola,12097,228845,2026-05-31,complete
FL,12,county,Palm Beach,12099,869583,2026-05-31,complete
FL,12,county,Pasco,12101,396367,2026-05-31,complete
FL,12,county,Pinellas,12103,601019,2026-05-31,complete
FL,12,county,Polk,12105,449219,2026-05-31,complete
FL,12,county,Putnam,12107,44529,2026-05-31,complete
FL,12,county,Santa Rosa,12113,140434,2026-05-31,complete
FL,12,county,Sarasota,12115,326293,2026-05-31,complete
FL,12,county,Seminole,12117,337791,2026-05-31,complete
FL,12,county,St. Johns,12109,236898,2026-05-31,complete
FL,12,county,St. Lucie,12111,239578,2026-05-31,complete
FL,12,county,Sumter,12119,126230,2026-05-31,complete
FL,12,county,Suwannee,12121,26410,2026-05-31,complete
FL,12,county,Taylor,12123,11573,2026-05-31,complete
FL,12,county,Union,12125,7193,2026-05-31,complete
FL,12,county,Volusia,12127,393728,2026-05-31,complete
FL,12,county,Wakulla,12129,25412,2026-05-31,complete
FL,12,county,Walton,12131,61664,2026-05-31,complete
FL,12,county,Washington,12133,14625,2026-05-31,complete
GA,13,county,Appling,13001,12620,2024-11-05,complete
GA,13,county,Atkinson,13003,5068,2024-11-05,complete
GA,13,county,Bacon,13005,7206,2024-11-05,complete
GA,13,county,Baker,13007,2259,2024-11-05,complete
GA,13,county,Baldwin,13009,29195,2024-11-05,complete
GA,13,county,Banks,13011,15335,2024-11-05,complete
GA,13,county,Barrow,13013,67800,2024-11-05,complete
GA,13,county,Bartow,13015,89256,2024-11-05,complete
GA,13,county,Ben Hill,13017,11243,2024-11-05,complete
GA,13,county,Berrien,13019,12986,2024-11-05,complete
GA,13,county,Bibb,13021,117842,2024-11-05,complete
GA,13,county,Bleckley,13023,8551,2024-11-05,complete
GA,13,county,Brantley,13025,12913,2024-11-05,complete
GA,13,county,Brooks,13027,12057,2024-11-05,complete
GA,13,county,Bryan,13029,38708,2024-11-05,complete
GA,13,county,Bulloch,13031,53364,2024-11-05,complete
GA,13,county,Burke,13033,18292,2024-11-05,complete
GA,13,county,Butts,13035,19622,2024-11-05,complete
GA,13,county,Calhoun,13037,3207,2024-11-05,complete
GA,13,county,Camden,13039,44519,2024-11-05,complete
GA,13,county,Candler,13043,7262,2024-11-05,complete
GA,13,county,Carroll,13045,96814,2024-11-05,complete
GA,13,county,Catoosa,13047,52719,2024-11-05,complete
GA,13,county,Charlton,13049,7444,2024-11-05,complete
GA,13,county,Chatham,13051,238166,2024-11-05,complete
GA,13,county,Chattahoochee,13053,5243,2024-11-05,complete
GA,13,county,Chattooga,13055,16311,2024-11-05,complete
GA,13,county,Cherokee,13057,222547,2024-11-05,complete
GA,13,county,Clarke,13059,86254,2024-11-05,complete
GA,13,county,Clay,13061,2233,2024-11-05,complete
GA,13,county,Clayton,13063,216028,2024-11-05,complete
GA,13,county,Clinch,13065,4545,2024-11-05,complete
GA,13,county,Cobb,13067,590116,2024-11-05,complete
GA,13,county,Coffee,13069,27381,2024-11-05,complete
GA,13,county,Colquitt,13071,28519,2024-11-05,complete
GA,13,county,Columbia,13073,127795,2024-11-05,complete
GA,13,county,Cook,13075,12082,2024-11-05,complete
GA,13,county,Coweta,13077,121202,2024-11-05,complete
GA,13,county,Crawford,13079,9329,2024-11-05,complete
GA,13,county,Crisp,13081,14029,2024-11-05,complete
GA,13,county,Dade,13083,14500,2024-11-05,complete
GA,13,county,Dawson,13085,26837,2024-11-05,complete
GA,13,county,Decatur,13087,18897,2024-11-05,complete
GA,13,county,DeKalb,13089,588786,2024-11-05,complete
GA,13,county,Dodge,13091,12376,2024-11-05,complete
GA,13,county,Dooly,13093,6552,2024-11-05,complete
GA,13,county,Dougherty,13095,69896,2024-11-05,complete
GA,13,county,Douglas,13097,115511,2024-11-05,complete
GA,13,county,Early,13099,7921,2024-11-05,complete
GA,13,county,Echols,13101,2276,2024-11-05,complete
GA,13,county,Effingham,13103,54376,2024-11-05,complete
GA,13,county,Elbert,13105,14221,2024-11-05,complete
GA,13,county,Emanuel,13107,15390,2024-11-05,complete
GA,13,county,Evans,13109,6875,2024-11-05,complete
GA,13,county,Fannin,13111,23004,2024-11-05,complete
GA,13,county,Fayette,13113,102320,2024-11-05,complete
GA,13,county,Floyd,13115,68922,2024-11-05,complete
GA,13,county,Forsyth,13117,183765,2024-11-05,complete
GA,13,county,Franklin,13119,17983,2024-11-05,complete
GA,13,county,Fulton,13121,896469,2024-11-05,complete
GA,13,county,Gilmer,13123,26063,2024-11-05,complete
GA,13,county,Glascock,13125,2208,2024-11-05,complete
GA,13,county,Glynn,13127,70471,2024-11-05,complete
GA,13,county,Gordon,13129,42327,2024-11-05,complete
GA,13,county,Grady,13131,16933,2024-11-05,complete
GA,13,county,Greene,13133,17211,2024-11-05,complete
GA,13,county,Gwinnett,13135,663805,2024-11-05,complete
GA,13,county,Habersham,13137,33510,2024-11-05,complete
GA,13,county,Hall,13139,152901,2024-11-05,complete
GA,13,county,Hancock,13141,6333,2024-11-05,complete
GA,13,county,Haralson,13143,24351,2024-11-05,complete
GA,13,county,Harris,13145,30434,2024-11-05,complete
GA,13,county,Hart,13147,20463,2024-11-05,complete
GA,13,county,Heard,13149,9160,2024-11-05,complete
GA,13,county,Henry,13151,201128,2024-11-05,complete
GA,13,county,Houston,13153,126222,2024-11-05,complete
GA,13,county,Irwin,13155,6615,2024-11-05,complete
GA,13,county,Jackson,13157,66696,2024-11-05,complete
GA,13,county,Jasper,13159,12778,2024-11-05,complete
GA,13,county,Jeff Davis,13161,9396,2024-11-05,complete
GA,13,county,Jefferson,13163,12020,2024-11-05,complete
GA,13,county,Jenkins,13165,5577,2024-11-05,complete
GA,13,county,Johnson,13167,5938,2024-11-05,complete
GA,13,county,Jones,13169,22545,2024-11-05,complete
GA,13,county,Lamar,13171,15419,2024-11-05,complete
GA,13,county,Lanier,13173,6691,2024-11-05,complete
GA,13,county,Laurens,13175,36528,2024-11-05,complete
GA,13,county,Lee,13177,25728,2024-11-05,complete
GA,13,county,Liberty,13179,46576,2024-11-05,complete
GA,13,county,Lincoln,13181,6830,2024-11-05,complete
GA,13,county,Long,13183,13371,2024-11-05,complete
GA,13,county,Lowndes,13185,87260,2024-11-05,complete
GA,13,county,Lumpkin,13187,26017,2024-11-05,complete
GA,13,county,McDuffie,13189,16641,2024-11-05,complete
GA,13,county,McIntosh,13191,10675,2024-11-05,complete
GA,13,county,Macon,13193,7587,2024-11-05,complete
GA,13,county,Madison,13195,23929,2024-11-05,complete
GA,13,county,Marion,13197,5468,2024-11-05,complete
GA,13,county,Meriwether,13199,17814,2024-11-05,complete
GA,13,county,Miller,13201,4168,2024-11-05,complete
GA,13,county,Mitchell,13205,14589,2024-11-05,complete
GA,13,county,Monroe,13207,24340,2024-11-05,complete
GA,13,county,Montgomery,13209,5882,2024-11-05,complete
GA,13,county,Morgan,13211,17349,2024-11-05,complete
GA,13,county,Murray,13213,26822,2024-11-05,complete
GA,13,county,Muscogee,13215,150724,2024-11-05,complete
GA,13,county,Newton,13217,94719,2024-11-05,complete
GA,13,county,Oconee,13219,34261,2024-11-05,complete
GA,13,county,Oglethorpe,13221,12181,2024-11-05,complete
GA,13,county,Paulding,13223,138413,2024-11-05,complete
GA,13,county,Peach,13225,21023,2024-11-05,complete
GA,13,county,Pickens,13227,29196,2024-11-05,complete
GA,13,county,Pierce,13229,14195,2024-11-05,complete
GA,13,county,Pike,13231,16227,2024-11-05,complete
GA,13,county,Polk,13233,28759,2024-11-05,complete
GA,13,county,Pulaski,13235,6323,2024-11-05,complete
GA,13,county,Putnam,13237,18171,2024-11-05,complete
GA,13,county,Quitman,13239,1787,2024-11-05,complete
GA,13,county,Rabun,13241,14964,2024-11-05,complete
GA,13,county,Randolph,13243,4710,2024-11-05,complete
GA,13,county,Richmond,13245,154655,2024-11-05,complete
GA,13,county,Rockdale,13247,72536,2024-11-05,complete
GA,13,county,Schley,13249,3251,2024-11-05,complete
GA,13,county,Screven,13251,10516,2024-11-05,complete
GA,13,county,Seminole,13253,6806,2024-11-05,complete
GA,13,county,Spalding,13255,53315,2024-11-05,complete
GA,13,county,Stephens,13257,20940,2024-11-05,complete
GA,13,county,Stewart,13259,3035,2024-11-05,complete
GA,13,county,Sumter,13261,19418,2024-11-05,complete
GA,13,county,Talbot,13263,4867,2024-11-05,complete
GA,13,county,Taliaferro,13265,1303,2024-11-05,complete
GA,13,county,Tattnall,13267,13381,2024-11-05,complete
GA,13,county,Taylor,13269,5783,2024-11-05,complete
GA,13,county,Telfair,13271,6731,2024-11-05,complete
GA,13,county,Terrell,13273,6938,2024-11-05,complete
GA,13,county,Thomas,13275,33984,2024-11-05,complete
GA,13,county,Tift,13277,27985,2024-11-05,complete
GA,13,county,Toombs,13279,17895,2024-11-05,complete
GA,13,county,Towns,13281,12067,2024-11-05,complete
GA,13,county,Treutlen,13283,4593,2024-11-05,complete
GA,13,county,Troup,13285,49910,2024-11-05,complete
GA,13,county,Turner,13287,6138,2024-11-05,complete
GA,13,county,Twiggs,13289,6536,2024-11-05,complete
GA,13,county,Union,13291,23389,2024-11-05,complete
GA,13,county,Upson,13293,20394,2024-11-05,complete
GA,13,county,Walker,13295,50165,2024-11-05,complete
GA,13,county,Walton,13297,83345,2024-11-05,complete
GA,13,county,Ware,13299,23007,2024-11-05,complete
GA,13,county,Warren,13301,4095,2024-11-05,complete
GA,13,county,Washington,13303,13896,2024-11-05,complete
GA,13,county,Wayne,13305,20822,2024-11-05,complete
GA,13,county,Webster,13307,1838,2024-11-05,complete
GA,13,county,Wheeler,13309,3422,2024-11-05,complete
GA,13,county,White,13311,23853,2024-11-05,complete
GA,13,county,Whitfield,13313,64120,2024-11-05,complete
GA,13,county,Wilcox,13315,4975,2024-11-05,complete
GA,13,county,Wilkes,13317,7304,2024-11-05,complete
GA,13,county,Wilkinson,13319,7058,2024-11-05,complete
GA,13,county,Worth,13321,14708,2024-11-05,complete
HI,15,county,Honolulu,15003,562606,2024-11-05,high
HI,15,county,Hawaii,15001,135077,2024-11-05,high
HI,15,county,Maui,15009,115009,2024-11-05,high
HI,15,county,Kauai,15007,48176,2024-11-05,high
IA,19,county,Adair,19001,4396,2026-06-01,high
IA,19,county,Adams,19003,2323,2026-06-01,high
IA,19,county,Allamakee,19005,7981,2026-06-01,high
IA,19,county,Appanoose,19007,7010,2026-06-01,high
IA,19,county,Audubon,19009,3451,2026-06-01,high
IA,19,county,Benton,19011,15639,2026-06-01,high
IA,19,county,Black Hawk,19013,66960,2026-06-01,high
IA,19,county,Boone,19015,16840,2026-06-01,high
IA,19,county,Bremer,19017,15664,2026-06-01,high
IA,19,county,Buchanan,19019,11824,2026-06-01,high
IA,19,county,Buena Vista,19021,8311,2026-06-01,high
IA,19,county,Butler,19023,8742,2026-06-01,high
IA,19,county,Calhoun,19025,5576,2026-06-01,high
IA,19,county,Carroll,19027,12533,2026-06-01,high
IA,19,county,Cass,19029,7647,2026-06-01,high
IA,19,county,Cedar,19031,11291,2026-06-01,high
IA,19,county,Cerro Gordo,19033,24731,2026-06-01,high
IA,19,county,Cherokee,19035,6620,2026-06-01,high
IA,19,county,Chickasaw,19037,6762,2026-06-01,high
IA,19,county,Clarke,19039,4667,2026-06-01,high
IA,19,county,Clay,19041,9469,2026-06-01,high
IA,19,county,Clayton,19043,10282,2026-06-01,high
IA,19,county,Clinton,19045,26392,2026-06-01,high
IA,19,county,Crawford,19047,7183,2026-06-01,high
IA,19,county,Dallas,19049,67596,2026-06-01,high
IA,19,county,Davis,19051,4206,2026-06-01,high
IA,19,county,Decatur,19053,3865,2026-06-01,high
IA,19,county,Delaware,19055,10898,2026-06-01,high
IA,19,county,Des Moines,19057,21144,2026-06-01,high
IA,19,county,Dickinson,19059,12484,2026-06-01,high
IA,19,county,Dubuque,19061,57738,2026-06-01,high
IA,19,county,Emmet,19063,5248,2026-06-01,high
IA,19,county,Fayette,19065,10649,2026-06-01,high
IA,19,county,Floyd,19067,8421,2026-06-01,high
IA,19,county,Franklin,19069,5248,2026-06-01,high
IA,19,county,Fremont,19071,4114,2026-06-01,high
IA,19,county,Greene,19073,5311,2026-06-01,high
IA,19,county,Grundy,19075,7873,2026-06-01,high
IA,19,county,Guthrie,19077,7055,2026-06-01,high
IA,19,county,Hamilton,19079,8199,2026-06-01,high
IA,19,county,Hancock,19081,6345,2026-06-01,high
IA,19,county,Hardin,19083,9148,2026-06-01,high
IA,19,county,Harrison,19085,8305,2026-06-01,high
IA,19,county,Henry,19087,10437,2026-06-01,high
IA,19,county,Howard,19089,5307,2026-06-01,high
IA,19,county,Humboldt,19091,5486,2026-06-01,high
IA,19,county,Ida,19093,3954,2026-06-01,high
IA,19,county,Iowa,19095,10412,2026-06-01,high
IA,19,county,Jackson,19097,11735,2026-06-01,high
IA,19,county,Jasper,19099,21310,2026-06-01,high
IA,19,county,Jefferson,19101,8961,2026-06-01,high
IA,19,county,Johnson,19103,91262,2026-06-01,high
IA,19,county,Jones,19105,11776,2026-06-01,high
IA,19,county,Keokuk,19107,5452,2026-06-01,high
IA,19,county,Kossuth,19109,8950,2026-06-01,high
IA,19,county,Lee,19111,17519,2026-06-01,high
IA,19,county,Linn,19113,133266,2026-06-01,high
IA,19,county,Louisa,19115,5665,2026-06-01,high
IA,19,county,Lucas,19117,4969,2026-06-01,high
IA,19,county,Lyon,19119,7636,2026-06-01,high
IA,19,county,Madison,19121,10574,2026-06-01,high
IA,19,county,Mahaska,19123,11909,2026-06-01,high
IA,19,county,Marion,19125,21335,2026-06-01,high
IA,19,county,Marshall,19127,19153,2026-06-01,high
IA,19,county,Mills,19129,9183,2026-06-01,high
IA,19,county,Mitchell,19131,6037,2026-06-01,high
IA,19,county,Monona,19133,5032,2026-06-01,high
IA,19,county,Monroe,19135,4523,2026-06-01,high
IA,19,county,Montgomery,19137,5326,2026-06-01,high
IA,19,county,Muscatine,19139,21988,2026-06-01,high
IA,19,county,O'Brien,19141,8029,2026-06-01,high
IA,19,county,Osceola,19143,3475,2026-06-01,high
IA,19,county,Page,19145,8170,2026-06-01,high
IA,19,county,Palo Alto,19147,5309,2026-06-01,high
IA,19,county,Plymouth,19149,15283,2026-06-01,high
IA,19,county,Pocahontas,19151,3882,2026-06-01,high
IA,19,county,Polk,19153,274371,2026-06-01,high
IA,19,county,Pottawattamie,19155,49269,2026-06-01,high
IA,19,county,Poweshiek,19157,10854,2026-06-01,high
IA,19,county,Ringgold,19159,2795,2026-06-01,high
IA,19,county,Sac,19161,6048,2026-06-01,high
IA,19,county,Scott,19163,99543,2026-06-01,high
IA,19,county,Shelby,19165,7092,2026-06-01,high
IA,19,county,Sioux,19167,20666,2026-06-01,high
IA,19,county,Story,19169,51971,2026-06-01,high
IA,19,county,Tama,19171,8925,2026-06-01,high
IA,19,county,Taylor,19173,3220,2026-06-01,high
IA,19,county,Union,19175,6647,2026-06-01,high
IA,19,county,Van Buren,19177,3856,2026-06-01,high
IA,19,county,Wapello,19179,15649,2026-06-01,high
IA,19,county,Warren,19181,35063,2026-06-01,high
IA,19,county,Washington,19183,12516,2026-06-01,high
IA,19,county,Wayne,19185,3255,2026-06-01,high
IA,19,county,Webster,19187,18973,2026-06-01,high
IA,19,county,Winnebago,19189,6172,2026-06-01,high
IA,19,county,Winneshiek,19191,12879,2026-06-01,high
IA,19,county,Woodbury,19193,47266,2026-06-01,high
IA,19,county,Worth,19195,4519,2026-06-01,high
IA,19,county,Wright,19197,6259,2026-06-01,high
ID,16,county,Ada,16001,301334,2026-06-01,high
ID,16,county,Adams,16003,3075,2026-06-01,high
ID,16,county,Bannock,16005,45743,2026-06-01,high
ID,16,county,Bear Lake,16007,3793,2026-06-01,high
ID,16,county,Benewah,16009,6051,2026-06-01,high
ID,16,county,Bingham,16011,23486,2026-06-01,high
ID,16,county,Blaine,16013,15055,2026-06-01,high
ID,16,county,Boise,16015,5800,2026-06-01,high
ID,16,county,Bonner,16017,34161,2026-06-01,high
ID,16,county,Bonneville,16019,64071,2026-06-01,high
ID,16,county,Boundary,16021,8336,2026-06-01,high
ID,16,county,Butte,16023,1607,2026-06-01,high
ID,16,county,Camas,16025,826,2026-06-01,high
ID,16,county,Canyon,16027,115442,2026-06-01,high
ID,16,county,Caribou,16029,3917,2026-06-01,high
ID,16,county,Cassia,16031,10488,2026-06-01,high
ID,16,county,Clark,16033,373,2026-06-01,high
ID,16,county,Clearwater,16035,4903,2026-06-01,high
ID,16,county,Custer,16037,3007,2026-06-01,high
ID,16,county,Elmore,16039,12340,2026-06-01,high
ID,16,county,Franklin,16041,7949,2026-06-01,high
ID,16,county,Fremont,16043,7681,2026-06-01,high
ID,16,county,Gem,16045,12235,2026-06-01,high
ID,16,county,Gooding,16047,6812,2026-06-01,high
ID,16,county,Idaho,16049,11193,2026-06-01,high
ID,16,county,Jefferson,16051,17473,2026-06-01,high
ID,16,county,Jerome,16053,9072,2026-06-01,high
ID,16,county,Kootenai,16055,111344,2026-06-01,high
ID,16,county,Latah,16057,23398,2026-06-01,high
ID,16,county,Lemhi,16059,5425,2026-06-01,high
ID,16,county,Lewis,16061,2222,2026-06-01,high
ID,16,county,Lincoln,16063,2224,2026-06-01,high
ID,16,county,Madison,16065,21120,2026-06-01,high
ID,16,county,Minidoka,16067,8569,2026-06-01,high
ID,16,county,Nez Perce,16069,22225,2026-06-01,high
ID,16,county,Oneida,16071,2816,2026-06-01,high
ID,16,county,Owyhee,16073,5639,2026-06-01,high
ID,16,county,Payette,16075,13550,2026-06-01,high
ID,16,county,Power,16077,3481,2026-06-01,high
ID,16,county,Shoshone,16079,7349,2026-06-01,high
ID,16,county,Teton,16081,7691,2026-06-01,high
ID,16,county,Twin Falls,16083,41210,2026-06-01,high
ID,16,county,Valley,16085,8414,2026-06-01,high
ID,16,county,Washington,16087,6300,2026-06-01,high
IL,17,election jurisdiction,Adams,17001,44627,2024-11-05,"high — statewide total is official ISBE-certified; per-jurisdiction breakdown is ISBE-sourced data via EAVS active registrations. Sum of the 108 per-jurisdiction active registrations = 8,115,252, which reconciles to the ISBE certified statewide total (8,101,424) within ~0.2%. Minor differences arise because EAVS 'active' counts differ slightly from the ISBE certification snapshot, and Christian County's active count was missing in EAVS (-99) so its total-registration figure (10,767) was substituted."
IL,17,election jurisdiction,Alexander,17003,3806,2024-11-05,"high — statewide total is official ISBE-certified; per-jurisdiction breakdown is ISBE-sourced data via EAVS active registrations. Sum of the 108 per-jurisdiction active registrations = 8,115,252, which reconciles to the ISBE certified statewide total (8,101,424) within ~0.2%. Minor differences arise because EAVS 'active' counts differ slightly from the ISBE certification snapshot, and Christian County's active count was missing in EAVS (-99) so its total-registration figure (10,767) was substituted."
IL,17,election jurisdiction,Bloomington (city election board),17113,52219,2024-11-05,"high — statewide total is official ISBE-certified; per-jurisdiction breakdown is ISBE-sourced data via EAVS active registrations. Sum of the 108 per-jurisdiction active registrations = 8,115,252, which reconciles to the ISBE certified statewide total (8,101,424) within ~0.2%. Minor differences arise because EAVS 'active' counts differ slightly from the ISBE certification snapshot, and Christian County's active count was missing in EAVS (-99) so its total-registration figure (10,767) was substituted."
IL,17,election jurisdiction,Bond,17005,10297,2024-11-05,"high — statewide total is official ISBE-certified; per-jurisdiction breakdown is ISBE-sourced data via EAVS active registrations. Sum of the 108 per-jurisdiction active registrations = 8,115,252, which reconciles to the ISBE certified statewide total (8,101,424) within ~0.2%. Minor differences arise because EAVS 'active' counts differ slightly from the ISBE certification snapshot, and Christian County's active count was missing in EAVS (-99) so its total-registration figure (10,767) was substituted."
IL,17,election jurisdiction,Boone,17007,34153,2024-11-05,"high — statewide total is official ISBE-certified; per-jurisdiction breakdown is ISBE-sourced data via EAVS active registrations. Sum of the 108 per-jurisdiction active registrations = 8,115,252, which reconciles to the ISBE certified statewide total (8,101,424) within ~0.2%. Minor differences arise because EAVS 'active' counts differ slightly from the ISBE certification snapshot, and Christian County's active count was missing in EAVS (-99) so its total-registration figure (10,767) was substituted."
IL,17,election jurisdiction,Brown,17009,3097,2024-11-05,"high — statewide total is official ISBE-certified; per-jurisdiction breakdown is ISBE-sourced data via EAVS active registrations. Sum of the 108 per-jurisdiction active registrations = 8,115,252, which reconciles to the ISBE certified statewide total (8,101,424) within ~0.2%. Minor differences arise because EAVS 'active' counts differ slightly from the ISBE certification snapshot, and Christian County's active count was missing in EAVS (-99) so its total-registration figure (10,767) was substituted."
IL,17,election jurisdiction,Bureau,17011,22738,2024-11-05,"high — statewide total is official ISBE-certified; per-jurisdiction breakdown is ISBE-sourced data via EAVS active registrations. Sum of the 108 per-jurisdiction active registrations = 8,115,252, which reconciles to the ISBE certified statewide total (8,101,424) within ~0.2%. Minor differences arise because EAVS 'active' counts differ slightly from the ISBE certification snapshot, and Christian County's active count was missing in EAVS (-99) so its total-registration figure (10,767) was substituted."
IL,17,election jurisdiction,Calhoun,17013,3284,2024-11-05,"high — statewide total is official ISBE-certified; per-jurisdiction breakdown is ISBE-sourced data via EAVS active registrations. Sum of the 108 per-jurisdiction active registrations = 8,115,252, which reconciles to the ISBE certified statewide total (8,101,424) within ~0.2%. Minor differences arise because EAVS 'active' counts differ slightly from the ISBE certification snapshot, and Christian County's active count was missing in EAVS (-99) so its total-registration figure (10,767) was substituted."
IL,17,election jurisdiction,Carroll,17015,10405,2024-11-05,"high — statewide total is official ISBE-certified; per-jurisdiction breakdown is ISBE-sourced data via EAVS active registrations. Sum of the 108 per-jurisdiction active registrations = 8,115,252, which reconciles to the ISBE certified statewide total (8,101,424) within ~0.2%. Minor differences arise because EAVS 'active' counts differ slightly from the ISBE certification snapshot, and Christian County's active count was missing in EAVS (-99) so its total-registration figure (10,767) was substituted."
IL,17,election jurisdiction,Cass,17017,7769,2024-11-05,"high — statewide total is official ISBE-certified; per-jurisdiction breakdown is ISBE-sourced data via EAVS active registrations. Sum of the 108 per-jurisdiction active registrations = 8,115,252, which reconciles to the ISBE certified statewide total (8,101,424) within ~0.2%. Minor differences arise because EAVS 'active' counts differ slightly from the ISBE certification snapshot, and Christian County's active count was missing in EAVS (-99) so its total-registration figure (10,767) was substituted."
IL,17,election jurisdiction,Champaign,17019,122822,2024-11-05,"high — statewide total is official ISBE-certified; per-jurisdiction breakdown is ISBE-sourced data via EAVS active registrations. Sum of the 108 per-jurisdiction active registrations = 8,115,252, which reconciles to the ISBE certified statewide total (8,101,424) within ~0.2%. Minor differences arise because EAVS 'active' counts differ slightly from the ISBE certification snapshot, and Christian County's active count was missing in EAVS (-99) so its total-registration figure (10,767) was substituted."
IL,17,election jurisdiction,Chicago (City Board of Election Commissioners),17031,1498909,2024-11-05,"high — statewide total is official ISBE-certified; per-jurisdiction breakdown is ISBE-sourced data via EAVS active registrations. Sum of the 108 per-jurisdiction active registrations = 8,115,252, which reconciles to the ISBE certified statewide total (8,101,424) within ~0.2%. Minor differences arise because EAVS 'active' counts differ slightly from the ISBE certification snapshot, and Christian County's active count was missing in EAVS (-99) so its total-registration figure (10,767) was substituted."
IL,17,election jurisdiction,Christian,17021,10767,2024-11-05,"high — statewide total is official ISBE-certified; per-jurisdiction breakdown is ISBE-sourced data via EAVS active registrations. Sum of the 108 per-jurisdiction active registrations = 8,115,252, which reconciles to the ISBE certified statewide total (8,101,424) within ~0.2%. Minor differences arise because EAVS 'active' counts differ slightly from the ISBE certification snapshot, and Christian County's active count was missing in EAVS (-99) so its total-registration figure (10,767) was substituted."
IL,17,election jurisdiction,Clark,17023,10993,2024-11-05,"high — statewide total is official ISBE-certified; per-jurisdiction breakdown is ISBE-sourced data via EAVS active registrations. Sum of the 108 per-jurisdiction active registrations = 8,115,252, which reconciles to the ISBE certified statewide total (8,101,424) within ~0.2%. Minor differences arise because EAVS 'active' counts differ slightly from the ISBE certification snapshot, and Christian County's active count was missing in EAVS (-99) so its total-registration figure (10,767) was substituted."
IL,17,election jurisdiction,Clay,17025,9398,2024-11-05,"high — statewide total is official ISBE-certified; per-jurisdiction breakdown is ISBE-sourced data via EAVS active registrations. Sum of the 108 per-jurisdiction active registrations = 8,115,252, which reconciles to the ISBE certified statewide total (8,101,424) within ~0.2%. Minor differences arise because EAVS 'active' counts differ slightly from the ISBE certification snapshot, and Christian County's active count was missing in EAVS (-99) so its total-registration figure (10,767) was substituted."
IL,17,election jurisdiction,Clinton,17027,25960,2024-11-05,"high — statewide total is official ISBE-certified; per-jurisdiction breakdown is ISBE-sourced data via EAVS active registrations. Sum of the 108 per-jurisdiction active registrations = 8,115,252, which reconciles to the ISBE certified statewide total (8,101,424) within ~0.2%. Minor differences arise because EAVS 'active' counts differ slightly from the ISBE certification snapshot, and Christian County's active count was missing in EAVS (-99) so its total-registration figure (10,767) was substituted."
IL,17,election jurisdiction,Coles,17029,29069,2024-11-05,"high — statewide total is official ISBE-certified; per-jurisdiction breakdown is ISBE-sourced data via EAVS active registrations. Sum of the 108 per-jurisdiction active registrations = 8,115,252, which reconciles to the ISBE certified statewide total (8,101,424) within ~0.2%. Minor differences arise because EAVS 'active' counts differ slightly from the ISBE certification snapshot, and Christian County's active count was missing in EAVS (-99) so its total-registration figure (10,767) was substituted."
IL,17,election jurisdiction,Cook (suburban),17031,1665034,2024-11-05,"high — statewide total is official ISBE-certified; per-jurisdiction breakdown is ISBE-sourced data via EAVS active registrations. Sum of the 108 per-jurisdiction active registrations = 8,115,252, which reconciles to the ISBE certified statewide total (8,101,424) within ~0.2%. Minor differences arise because EAVS 'active' counts differ slightly from the ISBE certification snapshot, and Christian County's active count was missing in EAVS (-99) so its total-registration figure (10,767) was substituted."
IL,17,election jurisdiction,Crawford,17033,12616,2024-11-05,"high — statewide total is official ISBE-certified; per-jurisdiction breakdown is ISBE-sourced data via EAVS active registrations. Sum of the 108 per-jurisdiction active registrations = 8,115,252, which reconciles to the ISBE certified statewide total (8,101,424) within ~0.2%. Minor differences arise because EAVS 'active' counts differ slightly from the ISBE certification snapshot, and Christian County's active count was missing in EAVS (-99) so its total-registration figure (10,767) was substituted."
IL,17,election jurisdiction,Cumberland,17035,7625,2024-11-05,"high — statewide total is official ISBE-certified; per-jurisdiction breakdown is ISBE-sourced data via EAVS active registrations. Sum of the 108 per-jurisdiction active registrations = 8,115,252, which reconciles to the ISBE certified statewide total (8,101,424) within ~0.2%. Minor differences arise because EAVS 'active' counts differ slightly from the ISBE certification snapshot, and Christian County's active count was missing in EAVS (-99) so its total-registration figure (10,767) was substituted."
IL,17,election jurisdiction,Danville (city election board),17183,15834,2024-11-05,"high — statewide total is official ISBE-certified; per-jurisdiction breakdown is ISBE-sourced data via EAVS active registrations. Sum of the 108 per-jurisdiction active registrations = 8,115,252, which reconciles to the ISBE certified statewide total (8,101,424) within ~0.2%. Minor differences arise because EAVS 'active' counts differ slightly from the ISBE certification snapshot, and Christian County's active count was missing in EAVS (-99) so its total-registration figure (10,767) was substituted."
IL,17,election jurisdiction,DeKalb,17037,65805,2024-11-05,"high — statewide total is official ISBE-certified; per-jurisdiction breakdown is ISBE-sourced data via EAVS active registrations. Sum of the 108 per-jurisdiction active registrations = 8,115,252, which reconciles to the ISBE certified statewide total (8,101,424) within ~0.2%. Minor differences arise because EAVS 'active' counts differ slightly from the ISBE certification snapshot, and Christian County's active count was missing in EAVS (-99) so its total-registration figure (10,767) was substituted."
IL,17,election jurisdiction,DeWitt,17039,10239,2024-11-05,"high — statewide total is official ISBE-certified; per-jurisdiction breakdown is ISBE-sourced data via EAVS active registrations. Sum of the 108 per-jurisdiction active registrations = 8,115,252, which reconciles to the ISBE certified statewide total (8,101,424) within ~0.2%. Minor differences arise because EAVS 'active' counts differ slightly from the ISBE certification snapshot, and Christian County's active count was missing in EAVS (-99) so its total-registration figure (10,767) was substituted."
IL,17,election jurisdiction,Douglas,17041,11617,2024-11-05,"high — statewide total is official ISBE-certified; per-jurisdiction breakdown is ISBE-sourced data via EAVS active registrations. Sum of the 108 per-jurisdiction active registrations = 8,115,252, which reconciles to the ISBE certified statewide total (8,101,424) within ~0.2%. Minor differences arise because EAVS 'active' counts differ slightly from the ISBE certification snapshot, and Christian County's active count was missing in EAVS (-99) so its total-registration figure (10,767) was substituted."
IL,17,election jurisdiction,DuPage,17043,631995,2024-11-05,"high — statewide total is official ISBE-certified; per-jurisdiction breakdown is ISBE-sourced data via EAVS active registrations. Sum of the 108 per-jurisdiction active registrations = 8,115,252, which reconciles to the ISBE certified statewide total (8,101,424) within ~0.2%. Minor differences arise because EAVS 'active' counts differ slightly from the ISBE certification snapshot, and Christian County's active count was missing in EAVS (-99) so its total-registration figure (10,767) was substituted."
IL,17,election jurisdiction,East St. Louis (city election board),17163,14671,2024-11-05,"high — statewide total is official ISBE-certified; per-jurisdiction breakdown is ISBE-sourced data via EAVS active registrations. Sum of the 108 per-jurisdiction active registrations = 8,115,252, which reconciles to the ISBE certified statewide total (8,101,424) within ~0.2%. Minor differences arise because EAVS 'active' counts differ slightly from the ISBE certification snapshot, and Christian County's active count was missing in EAVS (-99) so its total-registration figure (10,767) was substituted."
IL,17,election jurisdiction,Edgar,17045,11835,2024-11-05,"high — statewide total is official ISBE-certified; per-jurisdiction breakdown is ISBE-sourced data via EAVS active registrations. Sum of the 108 per-jurisdiction active registrations = 8,115,252, which reconciles to the ISBE certified statewide total (8,101,424) within ~0.2%. Minor differences arise because EAVS 'active' counts differ slightly from the ISBE certification snapshot, and Christian County's active count was missing in EAVS (-99) so its total-registration figure (10,767) was substituted."
IL,17,election jurisdiction,Edwards,17047,4238,2024-11-05,"high — statewide total is official ISBE-certified; per-jurisdiction breakdown is ISBE-sourced data via EAVS active registrations. Sum of the 108 per-jurisdiction active registrations = 8,115,252, which reconciles to the ISBE certified statewide total (8,101,424) within ~0.2%. Minor differences arise because EAVS 'active' counts differ slightly from the ISBE certification snapshot, and Christian County's active count was missing in EAVS (-99) so its total-registration figure (10,767) was substituted."
IL,17,election jurisdiction,Effingham,17049,24465,2024-11-05,"high — statewide total is official ISBE-certified; per-jurisdiction breakdown is ISBE-sourced data via EAVS active registrations. Sum of the 108 per-jurisdiction active registrations = 8,115,252, which reconciles to the ISBE certified statewide total (8,101,424) within ~0.2%. Minor differences arise because EAVS 'active' counts differ slightly from the ISBE certification snapshot, and Christian County's active count was missing in EAVS (-99) so its total-registration figure (10,767) was substituted."
IL,17,election jurisdiction,Fayette,17051,13592,2024-11-05,"high — statewide total is official ISBE-certified; per-jurisdiction breakdown is ISBE-sourced data via EAVS active registrations. Sum of the 108 per-jurisdiction active registrations = 8,115,252, which reconciles to the ISBE certified statewide total (8,101,424) within ~0.2%. Minor differences arise because EAVS 'active' counts differ slightly from the ISBE certification snapshot, and Christian County's active count was missing in EAVS (-99) so its total-registration figure (10,767) was substituted."
IL,17,election jurisdiction,Ford,17053,9294,2024-11-05,"high — statewide total is official ISBE-certified; per-jurisdiction breakdown is ISBE-sourced data via EAVS active registrations. Sum of the 108 per-jurisdiction active registrations = 8,115,252, which reconciles to the ISBE certified statewide total (8,101,424) within ~0.2%. Minor differences arise because EAVS 'active' counts differ slightly from the ISBE certification snapshot, and Christian County's active count was missing in EAVS (-99) so its total-registration figure (10,767) was substituted."
IL,17,election jurisdiction,Franklin,17055,29055,2024-11-05,"high — statewide total is official ISBE-certified; per-jurisdiction breakdown is ISBE-sourced data via EAVS active registrations. Sum of the 108 per-jurisdiction active registrations = 8,115,252, which reconciles to the ISBE certified statewide total (8,101,424) within ~0.2%. Minor differences arise because EAVS 'active' counts differ slightly from the ISBE certification snapshot, and Christian County's active count was missing in EAVS (-99) so its total-registration figure (10,767) was substituted."
IL,17,election jurisdiction,Fulton,17057,24741,2024-11-05,"high — statewide total is official ISBE-certified; per-jurisdiction breakdown is ISBE-sourced data via EAVS active registrations. Sum of the 108 per-jurisdiction active registrations = 8,115,252, which reconciles to the ISBE certified statewide total (8,101,424) within ~0.2%. Minor differences arise because EAVS 'active' counts differ slightly from the ISBE certification snapshot, and Christian County's active count was missing in EAVS (-99) so its total-registration figure (10,767) was substituted."
IL,17,election jurisdiction,Galesburg (city election board),17095,17394,2024-11-05,"high — statewide total is official ISBE-certified; per-jurisdiction breakdown is ISBE-sourced data via EAVS active registrations. Sum of the 108 per-jurisdiction active registrations = 8,115,252, which reconciles to the ISBE certified statewide total (8,101,424) within ~0.2%. Minor differences arise because EAVS 'active' counts differ slightly from the ISBE certification snapshot, and Christian County's active count was missing in EAVS (-99) so its total-registration figure (10,767) was substituted."
IL,17,election jurisdiction,Gallatin,17059,3520,2024-11-05,"high — statewide total is official ISBE-certified; per-jurisdiction breakdown is ISBE-sourced data via EAVS active registrations. Sum of the 108 per-jurisdiction active registrations = 8,115,252, which reconciles to the ISBE certified statewide total (8,101,424) within ~0.2%. Minor differences arise because EAVS 'active' counts differ slightly from the ISBE certification snapshot, and Christian County's active count was missing in EAVS (-99) so its total-registration figure (10,767) was substituted."
IL,17,election jurisdiction,Greene,17061,9286,2024-11-05,"high — statewide total is official ISBE-certified; per-jurisdiction breakdown is ISBE-sourced data via EAVS active registrations. Sum of the 108 per-jurisdiction active registrations = 8,115,252, which reconciles to the ISBE certified statewide total (8,101,424) within ~0.2%. Minor differences arise because EAVS 'active' counts differ slightly from the ISBE certification snapshot, and Christian County's active count was missing in EAVS (-99) so its total-registration figure (10,767) was substituted."
IL,17,election jurisdiction,Grundy,17063,35856,2024-11-05,"high — statewide total is official ISBE-certified; per-jurisdiction breakdown is ISBE-sourced data via EAVS active registrations. Sum of the 108 per-jurisdiction active registrations = 8,115,252, which reconciles to the ISBE certified statewide total (8,101,424) within ~0.2%. Minor differences arise because EAVS 'active' counts differ slightly from the ISBE certification snapshot, and Christian County's active count was missing in EAVS (-99) so its total-registration figure (10,767) was substituted."
IL,17,election jurisdiction,Hamilton,17065,5692,2024-11-05,"high — statewide total is official ISBE-certified; per-jurisdiction breakdown is ISBE-sourced data via EAVS active registrations. Sum of the 108 per-jurisdiction active registrations = 8,115,252, which reconciles to the ISBE certified statewide total (8,101,424) within ~0.2%. Minor differences arise because EAVS 'active' counts differ slightly from the ISBE certification snapshot, and Christian County's active count was missing in EAVS (-99) so its total-registration figure (10,767) was substituted."
IL,17,election jurisdiction,Hancock,17067,11921,2024-11-05,"high — statewide total is official ISBE-certified; per-jurisdiction breakdown is ISBE-sourced data via EAVS active registrations. Sum of the 108 per-jurisdiction active registrations = 8,115,252, which reconciles to the ISBE certified statewide total (8,101,424) within ~0.2%. Minor differences arise because EAVS 'active' counts differ slightly from the ISBE certification snapshot, and Christian County's active count was missing in EAVS (-99) so its total-registration figure (10,767) was substituted."
IL,17,election jurisdiction,Hardin,17069,2997,2024-11-05,"high — statewide total is official ISBE-certified; per-jurisdiction breakdown is ISBE-sourced data via EAVS active registrations. Sum of the 108 per-jurisdiction active registrations = 8,115,252, which reconciles to the ISBE certified statewide total (8,101,424) within ~0.2%. Minor differences arise because EAVS 'active' counts differ slightly from the ISBE certification snapshot, and Christian County's active count was missing in EAVS (-99) so its total-registration figure (10,767) was substituted."
IL,17,election jurisdiction,Henderson,17071,4441,2024-11-05,"high — statewide total is official ISBE-certified; per-jurisdiction breakdown is ISBE-sourced data via EAVS active registrations. Sum of the 108 per-jurisdiction active registrations = 8,115,252, which reconciles to the ISBE certified statewide total (8,101,424) within ~0.2%. Minor differences arise because EAVS 'active' counts differ slightly from the ISBE certification snapshot, and Christian County's active count was missing in EAVS (-99) so its total-registration figure (10,767) was substituted."
IL,17,election jurisdiction,Henry,17073,36350,2024-11-05,"high — statewide total is official ISBE-certified; per-jurisdiction breakdown is ISBE-sourced data via EAVS active registrations. Sum of the 108 per-jurisdiction active registrations = 8,115,252, which reconciles to the ISBE certified statewide total (8,101,424) within ~0.2%. Minor differences arise because EAVS 'active' counts differ slightly from the ISBE certification snapshot, and Christian County's active count was missing in EAVS (-99) so its total-registration figure (10,767) was substituted."
IL,17,election jurisdiction,Iroquois,17075,18217,2024-11-05,"high — statewide total is official ISBE-certified; per-jurisdiction breakdown is ISBE-sourced data via EAVS active registrations. Sum of the 108 per-jurisdiction active registrations = 8,115,252, which reconciles to the ISBE certified statewide total (8,101,424) within ~0.2%. Minor differences arise because EAVS 'active' counts differ slightly from the ISBE certification snapshot, and Christian County's active count was missing in EAVS (-99) so its total-registration figure (10,767) was substituted."
IL,17,election jurisdiction,Jackson,17077,32515,2024-11-05,"high — statewide total is official ISBE-certified; per-jurisdiction breakdown is ISBE-sourced data via EAVS active registrations. Sum of the 108 per-jurisdiction active registrations = 8,115,252, which reconciles to the ISBE certified statewide total (8,101,424) within ~0.2%. Minor differences arise because EAVS 'active' counts differ slightly from the ISBE certification snapshot, and Christian County's active count was missing in EAVS (-99) so its total-registration figure (10,767) was substituted."
IL,17,election jurisdiction,Jasper,17079,6812,2024-11-05,"high — statewide total is official ISBE-certified; per-jurisdiction breakdown is ISBE-sourced data via EAVS active registrations. Sum of the 108 per-jurisdiction active registrations = 8,115,252, which reconciles to the ISBE certified statewide total (8,101,424) within ~0.2%. Minor differences arise because EAVS 'active' counts differ slightly from the ISBE certification snapshot, and Christian County's active count was missing in EAVS (-99) so its total-registration figure (10,767) was substituted."
IL,17,election jurisdiction,Jefferson,17081,24022,2024-11-05,"high — statewide total is official ISBE-certified; per-jurisdiction breakdown is ISBE-sourced data via EAVS active registrations. Sum of the 108 per-jurisdiction active registrations = 8,115,252, which reconciles to the ISBE certified statewide total (8,101,424) within ~0.2%. Minor differences arise because EAVS 'active' counts differ slightly from the ISBE certification snapshot, and Christian County's active count was missing in EAVS (-99) so its total-registration figure (10,767) was substituted."
IL,17,election jurisdiction,Jersey,17083,15442,2024-11-05,"high — statewide total is official ISBE-certified; per-jurisdiction breakdown is ISBE-sourced data via EAVS active registrations. Sum of the 108 per-jurisdiction active registrations = 8,115,252, which reconciles to the ISBE certified statewide total (8,101,424) within ~0.2%. Minor differences arise because EAVS 'active' counts differ slightly from the ISBE certification snapshot, and Christian County's active count was missing in EAVS (-99) so its total-registration figure (10,767) was substituted."
IL,17,election jurisdiction,Jo Daviess,17085,16262,2024-11-05,"high — statewide total is official ISBE-certified; per-jurisdiction breakdown is ISBE-sourced data via EAVS active registrations. Sum of the 108 per-jurisdiction active registrations = 8,115,252, which reconciles to the ISBE certified statewide total (8,101,424) within ~0.2%. Minor differences arise because EAVS 'active' counts differ slightly from the ISBE certification snapshot, and Christian County's active count was missing in EAVS (-99) so its total-registration figure (10,767) was substituted."
IL,17,election jurisdiction,Johnson,17087,7797,2024-11-05,"high — statewide total is official ISBE-certified; per-jurisdiction breakdown is ISBE-sourced data via EAVS active registrations. Sum of the 108 per-jurisdiction active registrations = 8,115,252, which reconciles to the ISBE certified statewide total (8,101,424) within ~0.2%. Minor differences arise because EAVS 'active' counts differ slightly from the ISBE certification snapshot, and Christian County's active count was missing in EAVS (-99) so its total-registration figure (10,767) was substituted."
IL,17,election jurisdiction,Kane,17089,308025,2024-11-05,"high — statewide total is official ISBE-certified; per-jurisdiction breakdown is ISBE-sourced data via EAVS active registrations. Sum of the 108 per-jurisdiction active registrations = 8,115,252, which reconciles to the ISBE certified statewide total (8,101,424) within ~0.2%. Minor differences arise because EAVS 'active' counts differ slightly from the ISBE certification snapshot, and Christian County's active count was missing in EAVS (-99) so its total-registration figure (10,767) was substituted."
IL,17,election jurisdiction,Kankakee,17091,68517,2024-11-05,"high — statewide total is official ISBE-certified; per-jurisdiction breakdown is ISBE-sourced data via EAVS active registrations. Sum of the 108 per-jurisdiction active registrations = 8,115,252, which reconciles to the ISBE certified statewide total (8,101,424) within ~0.2%. Minor differences arise because EAVS 'active' counts differ slightly from the ISBE certification snapshot, and Christian County's active count was missing in EAVS (-99) so its total-registration figure (10,767) was substituted."
IL,17,election jurisdiction,Kendall,17093,91622,2024-11-05,"high — statewide total is official ISBE-certified; per-jurisdiction breakdown is ISBE-sourced data via EAVS active registrations. Sum of the 108 per-jurisdiction active registrations = 8,115,252, which reconciles to the ISBE certified statewide total (8,101,424) within ~0.2%. Minor differences arise because EAVS 'active' counts differ slightly from the ISBE certification snapshot, and Christian County's active count was missing in EAVS (-99) so its total-registration figure (10,767) was substituted."
IL,17,election jurisdiction,Knox,17095,14656,2024-11-05,"high — statewide total is official ISBE-certified; per-jurisdiction breakdown is ISBE-sourced data via EAVS active registrations. Sum of the 108 per-jurisdiction active registrations = 8,115,252, which reconciles to the ISBE certified statewide total (8,101,424) within ~0.2%. Minor differences arise because EAVS 'active' counts differ slightly from the ISBE certification snapshot, and Christian County's active count was missing in EAVS (-99) so its total-registration figure (10,767) was substituted."
IL,17,election jurisdiction,LaSalle,17099,74752,2024-11-05,"high — statewide total is official ISBE-certified; per-jurisdiction breakdown is ISBE-sourced data via EAVS active registrations. Sum of the 108 per-jurisdiction active registrations = 8,115,252, which reconciles to the ISBE certified statewide total (8,101,424) within ~0.2%. Minor differences arise because EAVS 'active' counts differ slightly from the ISBE certification snapshot, and Christian County's active count was missing in EAVS (-99) so its total-registration figure (10,767) was substituted."
IL,17,election jurisdiction,Lake,17097,464526,2024-11-05,"high — statewide total is official ISBE-certified; per-jurisdiction breakdown is ISBE-sourced data via EAVS active registrations. Sum of the 108 per-jurisdiction active registrations = 8,115,252, which reconciles to the ISBE certified statewide total (8,101,424) within ~0.2%. Minor differences arise because EAVS 'active' counts differ slightly from the ISBE certification snapshot, and Christian County's active count was missing in EAVS (-99) so its total-registration figure (10,767) was substituted."
IL,17,election jurisdiction,Lawrence,17101,8927,2024-11-05,"high — statewide total is official ISBE-certified; per-jurisdiction breakdown is ISBE-sourced data via EAVS active registrations. Sum of the 108 per-jurisdiction active registrations = 8,115,252, which reconciles to the ISBE certified statewide total (8,101,424) within ~0.2%. Minor differences arise because EAVS 'active' counts differ slightly from the ISBE certification snapshot, and Christian County's active count was missing in EAVS (-99) so its total-registration figure (10,767) was substituted."
IL,17,election jurisdiction,Lee,17103,21415,2024-11-05,"high — statewide total is official ISBE-certified; per-jurisdiction breakdown is ISBE-sourced data via EAVS active registrations. Sum of the 108 per-jurisdiction active registrations = 8,115,252, which reconciles to the ISBE certified statewide total (8,101,424) within ~0.2%. Minor differences arise because EAVS 'active' counts differ slightly from the ISBE certification snapshot, and Christian County's active count was missing in EAVS (-99) so its total-registration figure (10,767) was substituted."
IL,17,election jurisdiction,Livingston,17105,20758,2024-11-05,"high — statewide total is official ISBE-certified; per-jurisdiction breakdown is ISBE-sourced data via EAVS active registrations. Sum of the 108 per-jurisdiction active registrations = 8,115,252, which reconciles to the ISBE certified statewide total (8,101,424) within ~0.2%. Minor differences arise because EAVS 'active' counts differ slightly from the ISBE certification snapshot, and Christian County's active count was missing in EAVS (-99) so its total-registration figure (10,767) was substituted."
IL,17,election jurisdiction,Logan,17107,9981,2024-11-05,"high — statewide total is official ISBE-certified; per-jurisdiction breakdown is ISBE-sourced data via EAVS active registrations. Sum of the 108 per-jurisdiction active registrations = 8,115,252, which reconciles to the ISBE certified statewide total (8,101,424) within ~0.2%. Minor differences arise because EAVS 'active' counts differ slightly from the ISBE certification snapshot, and Christian County's active count was missing in EAVS (-99) so its total-registration figure (10,767) was substituted."
IL,17,election jurisdiction,Macon,17115,67218,2024-11-05,"high — statewide total is official ISBE-certified; per-jurisdiction breakdown is ISBE-sourced data via EAVS active registrations. Sum of the 108 per-jurisdiction active registrations = 8,115,252, which reconciles to the ISBE certified statewide total (8,101,424) within ~0.2%. Minor differences arise because EAVS 'active' counts differ slightly from the ISBE certification snapshot, and Christian County's active count was missing in EAVS (-99) so its total-registration figure (10,767) was substituted."
IL,17,election jurisdiction,Macoupin,17117,30760,2024-11-05,"high — statewide total is official ISBE-certified; per-jurisdiction breakdown is ISBE-sourced data via EAVS active registrations. Sum of the 108 per-jurisdiction active registrations = 8,115,252, which reconciles to the ISBE certified statewide total (8,101,424) within ~0.2%. Minor differences arise because EAVS 'active' counts differ slightly from the ISBE certification snapshot, and Christian County's active count was missing in EAVS (-99) so its total-registration figure (10,767) was substituted."
IL,17,election jurisdiction,Madison,17119,184284,2024-11-05,"high — statewide total is official ISBE-certified; per-jurisdiction breakdown is ISBE-sourced data via EAVS active registrations. Sum of the 108 per-jurisdiction active registrations = 8,115,252, which reconciles to the ISBE certified statewide total (8,101,424) within ~0.2%. Minor differences arise because EAVS 'active' counts differ slightly from the ISBE certification snapshot, and Christian County's active count was missing in EAVS (-99) so its total-registration figure (10,767) was substituted."
IL,17,election jurisdiction,Marion,17121,25229,2024-11-05,"high — statewide total is official ISBE-certified; per-jurisdiction breakdown is ISBE-sourced data via EAVS active registrations. Sum of the 108 per-jurisdiction active registrations = 8,115,252, which reconciles to the ISBE certified statewide total (8,101,424) within ~0.2%. Minor differences arise because EAVS 'active' counts differ slightly from the ISBE certification snapshot, and Christian County's active count was missing in EAVS (-99) so its total-registration figure (10,767) was substituted."
IL,17,election jurisdiction,Marshall,17123,8435,2024-11-05,"high — statewide total is official ISBE-certified; per-jurisdiction breakdown is ISBE-sourced data via EAVS active registrations. Sum of the 108 per-jurisdiction active registrations = 8,115,252, which reconciles to the ISBE certified statewide total (8,101,424) within ~0.2%. Minor differences arise because EAVS 'active' counts differ slightly from the ISBE certification snapshot, and Christian County's active count was missing in EAVS (-99) so its total-registration figure (10,767) was substituted."
IL,17,election jurisdiction,Mason,17125,9102,2024-11-05,"high — statewide total is official ISBE-certified; per-jurisdiction breakdown is ISBE-sourced data via EAVS active registrations. Sum of the 108 per-jurisdiction active registrations = 8,115,252, which reconciles to the ISBE certified statewide total (8,101,424) within ~0.2%. Minor differences arise because EAVS 'active' counts differ slightly from the ISBE certification snapshot, and Christian County's active count was missing in EAVS (-99) so its total-registration figure (10,767) was substituted."
IL,17,election jurisdiction,Massac,17127,10828,2024-11-05,"high — statewide total is official ISBE-certified; per-jurisdiction breakdown is ISBE-sourced data via EAVS active registrations. Sum of the 108 per-jurisdiction active registrations = 8,115,252, which reconciles to the ISBE certified statewide total (8,101,424) within ~0.2%. Minor differences arise because EAVS 'active' counts differ slightly from the ISBE certification snapshot, and Christian County's active count was missing in EAVS (-99) so its total-registration figure (10,767) was substituted."
IL,17,election jurisdiction,McDonough,17109,16618,2024-11-05,"high — statewide total is official ISBE-certified; per-jurisdiction breakdown is ISBE-sourced data via EAVS active registrations. Sum of the 108 per-jurisdiction active registrations = 8,115,252, which reconciles to the ISBE certified statewide total (8,101,424) within ~0.2%. Minor differences arise because EAVS 'active' counts differ slightly from the ISBE certification snapshot, and Christian County's active count was missing in EAVS (-99) so its total-registration figure (10,767) was substituted."
IL,17,election jurisdiction,McHenry,17111,210472,2024-11-05,"high — statewide total is official ISBE-certified; per-jurisdiction breakdown is ISBE-sourced data via EAVS active registrations. Sum of the 108 per-jurisdiction active registrations = 8,115,252, which reconciles to the ISBE certified statewide total (8,101,424) within ~0.2%. Minor differences arise because EAVS 'active' counts differ slightly from the ISBE certification snapshot, and Christian County's active count was missing in EAVS (-99) so its total-registration figure (10,767) was substituted."
IL,17,election jurisdiction,McLean,17113,67406,2024-11-05,"high — statewide total is official ISBE-certified; per-jurisdiction breakdown is ISBE-sourced data via EAVS active registrations. Sum of the 108 per-jurisdiction active registrations = 8,115,252, which reconciles to the ISBE certified statewide total (8,101,424) within ~0.2%. Minor differences arise because EAVS 'active' counts differ slightly from the ISBE certification snapshot, and Christian County's active count was missing in EAVS (-99) so its total-registration figure (10,767) was substituted."
IL,17,election jurisdiction,Menard,17129,8968,2024-11-05,"high — statewide total is official ISBE-certified; per-jurisdiction breakdown is ISBE-sourced data via EAVS active registrations. Sum of the 108 per-jurisdiction active registrations = 8,115,252, which reconciles to the ISBE certified statewide total (8,101,424) within ~0.2%. Minor differences arise because EAVS 'active' counts differ slightly from the ISBE certification snapshot, and Christian County's active count was missing in EAVS (-99) so its total-registration figure (10,767) was substituted."
IL,17,election jurisdiction,Mercer,17131,12926,2024-11-05,"high — statewide total is official ISBE-certified; per-jurisdiction breakdown is ISBE-sourced data via EAVS active registrations. Sum of the 108 per-jurisdiction active registrations = 8,115,252, which reconciles to the ISBE certified statewide total (8,101,424) within ~0.2%. Minor differences arise because EAVS 'active' counts differ slightly from the ISBE certification snapshot, and Christian County's active count was missing in EAVS (-99) so its total-registration figure (10,767) was substituted."
IL,17,election jurisdiction,Monroe,17133,26339,2024-11-05,"high — statewide total is official ISBE-certified; per-jurisdiction breakdown is ISBE-sourced data via EAVS active registrations. Sum of the 108 per-jurisdiction active registrations = 8,115,252, which reconciles to the ISBE certified statewide total (8,101,424) within ~0.2%. Minor differences arise because EAVS 'active' counts differ slightly from the ISBE certification snapshot, and Christian County's active count was missing in EAVS (-99) so its total-registration figure (10,767) was substituted."
IL,17,election jurisdiction,Montgomery,17135,16956,2024-11-05,"high — statewide total is official ISBE-certified; per-jurisdiction breakdown is ISBE-sourced data via EAVS active registrations. Sum of the 108 per-jurisdiction active registrations = 8,115,252, which reconciles to the ISBE certified statewide total (8,101,424) within ~0.2%. Minor differences arise because EAVS 'active' counts differ slightly from the ISBE certification snapshot, and Christian County's active count was missing in EAVS (-99) so its total-registration figure (10,767) was substituted."
IL,17,election jurisdiction,Morgan,17137,22336,2024-11-05,"high — statewide total is official ISBE-certified; per-jurisdiction breakdown is ISBE-sourced data via EAVS active registrations. Sum of the 108 per-jurisdiction active registrations = 8,115,252, which reconciles to the ISBE certified statewide total (8,101,424) within ~0.2%. Minor differences arise because EAVS 'active' counts differ slightly from the ISBE certification snapshot, and Christian County's active count was missing in EAVS (-99) so its total-registration figure (10,767) was substituted."
IL,17,election jurisdiction,Moultrie,17139,8800,2024-11-05,"high — statewide total is official ISBE-certified; per-jurisdiction breakdown is ISBE-sourced data via EAVS active registrations. Sum of the 108 per-jurisdiction active registrations = 8,115,252, which reconciles to the ISBE certified statewide total (8,101,424) within ~0.2%. Minor differences arise because EAVS 'active' counts differ slightly from the ISBE certification snapshot, and Christian County's active count was missing in EAVS (-99) so its total-registration figure (10,767) was substituted."
IL,17,election jurisdiction,Ogle,17141,34483,2024-11-05,"high — statewide total is official ISBE-certified; per-jurisdiction breakdown is ISBE-sourced data via EAVS active registrations. Sum of the 108 per-jurisdiction active registrations = 8,115,252, which reconciles to the ISBE certified statewide total (8,101,424) within ~0.2%. Minor differences arise because EAVS 'active' counts differ slightly from the ISBE certification snapshot, and Christian County's active count was missing in EAVS (-99) so its total-registration figure (10,767) was substituted."
IL,17,election jurisdiction,Peoria,17143,117790,2024-11-05,"high — statewide total is official ISBE-certified; per-jurisdiction breakdown is ISBE-sourced data via EAVS active registrations. Sum of the 108 per-jurisdiction active registrations = 8,115,252, which reconciles to the ISBE certified statewide total (8,101,424) within ~0.2%. Minor differences arise because EAVS 'active' counts differ slightly from the ISBE certification snapshot, and Christian County's active count was missing in EAVS (-99) so its total-registration figure (10,767) was substituted."
IL,17,election jurisdiction,Perry,17145,15151,2024-11-05,"high — statewide total is official ISBE-certified; per-jurisdiction breakdown is ISBE-sourced data via EAVS active registrations. Sum of the 108 per-jurisdiction active registrations = 8,115,252, which reconciles to the ISBE certified statewide total (8,101,424) within ~0.2%. Minor differences arise because EAVS 'active' counts differ slightly from the ISBE certification snapshot, and Christian County's active count was missing in EAVS (-99) so its total-registration figure (10,767) was substituted."
IL,17,election jurisdiction,Piatt,17147,12142,2024-11-05,"high — statewide total is official ISBE-certified; per-jurisdiction breakdown is ISBE-sourced data via EAVS active registrations. Sum of the 108 per-jurisdiction active registrations = 8,115,252, which reconciles to the ISBE certified statewide total (8,101,424) within ~0.2%. Minor differences arise because EAVS 'active' counts differ slightly from the ISBE certification snapshot, and Christian County's active count was missing in EAVS (-99) so its total-registration figure (10,767) was substituted."
IL,17,election jurisdiction,Pike,17149,10122,2024-11-05,"high — statewide total is official ISBE-certified; per-jurisdiction breakdown is ISBE-sourced data via EAVS active registrations. Sum of the 108 per-jurisdiction active registrations = 8,115,252, which reconciles to the ISBE certified statewide total (8,101,424) within ~0.2%. Minor differences arise because EAVS 'active' counts differ slightly from the ISBE certification snapshot, and Christian County's active count was missing in EAVS (-99) so its total-registration figure (10,767) was substituted."
IL,17,election jurisdiction,Pope,17151,2823,2024-11-05,"high — statewide total is official ISBE-certified; per-jurisdiction breakdown is ISBE-sourced data via EAVS active registrations. Sum of the 108 per-jurisdiction active registrations = 8,115,252, which reconciles to the ISBE certified statewide total (8,101,424) within ~0.2%. Minor differences arise because EAVS 'active' counts differ slightly from the ISBE certification snapshot, and Christian County's active count was missing in EAVS (-99) so its total-registration figure (10,767) was substituted."
IL,17,election jurisdiction,Pulaski,17153,4341,2024-11-05,"high — statewide total is official ISBE-certified; per-jurisdiction breakdown is ISBE-sourced data via EAVS active registrations. Sum of the 108 per-jurisdiction active registrations = 8,115,252, which reconciles to the ISBE certified statewide total (8,101,424) within ~0.2%. Minor differences arise because EAVS 'active' counts differ slightly from the ISBE certification snapshot, and Christian County's active count was missing in EAVS (-99) so its total-registration figure (10,767) was substituted."
IL,17,election jurisdiction,Putnam,17155,4081,2024-11-05,"high — statewide total is official ISBE-certified; per-jurisdiction breakdown is ISBE-sourced data via EAVS active registrations. Sum of the 108 per-jurisdiction active registrations = 8,115,252, which reconciles to the ISBE certified statewide total (8,101,424) within ~0.2%. Minor differences arise because EAVS 'active' counts differ slightly from the ISBE certification snapshot, and Christian County's active count was missing in EAVS (-99) so its total-registration figure (10,767) was substituted."
IL,17,election jurisdiction,Randolph,17157,20290,2024-11-05,"high — statewide total is official ISBE-certified; per-jurisdiction breakdown is ISBE-sourced data via EAVS active registrations. Sum of the 108 per-jurisdiction active registrations = 8,115,252, which reconciles to the ISBE certified statewide total (8,101,424) within ~0.2%. Minor differences arise because EAVS 'active' counts differ slightly from the ISBE certification snapshot, and Christian County's active count was missing in EAVS (-99) so its total-registration figure (10,767) was substituted."
IL,17,election jurisdiction,Richland,17159,9506,2024-11-05,"high — statewide total is official ISBE-certified; per-jurisdiction breakdown is ISBE-sourced data via EAVS active registrations. Sum of the 108 per-jurisdiction active registrations = 8,115,252, which reconciles to the ISBE certified statewide total (8,101,424) within ~0.2%. Minor differences arise because EAVS 'active' counts differ slightly from the ISBE certification snapshot, and Christian County's active count was missing in EAVS (-99) so its total-registration figure (10,767) was substituted."
IL,17,election jurisdiction,Rock Island,17161,86205,2024-11-05,"high — statewide total is official ISBE-certified; per-jurisdiction breakdown is ISBE-sourced data via EAVS active registrations. Sum of the 108 per-jurisdiction active registrations = 8,115,252, which reconciles to the ISBE certified statewide total (8,101,424) within ~0.2%. Minor differences arise because EAVS 'active' counts differ slightly from the ISBE certification snapshot, and Christian County's active count was missing in EAVS (-99) so its total-registration figure (10,767) was substituted."
IL,17,election jurisdiction,Rockford (city election board),17201,93970,2024-11-05,"high — statewide total is official ISBE-certified; per-jurisdiction breakdown is ISBE-sourced data via EAVS active registrations. Sum of the 108 per-jurisdiction active registrations = 8,115,252, which reconciles to the ISBE certified statewide total (8,101,424) within ~0.2%. Minor differences arise because EAVS 'active' counts differ slightly from the ISBE certification snapshot, and Christian County's active count was missing in EAVS (-99) so its total-registration figure (10,767) was substituted."
IL,17,election jurisdiction,Saline,17165,15631,2024-11-05,"high — statewide total is official ISBE-certified; per-jurisdiction breakdown is ISBE-sourced data via EAVS active registrations. Sum of the 108 per-jurisdiction active registrations = 8,115,252, which reconciles to the ISBE certified statewide total (8,101,424) within ~0.2%. Minor differences arise because EAVS 'active' counts differ slightly from the ISBE certification snapshot, and Christian County's active count was missing in EAVS (-99) so its total-registration figure (10,767) was substituted."
IL,17,election jurisdiction,Sangamon,17167,139246,2024-11-05,"high — statewide total is official ISBE-certified; per-jurisdiction breakdown is ISBE-sourced data via EAVS active registrations. Sum of the 108 per-jurisdiction active registrations = 8,115,252, which reconciles to the ISBE certified statewide total (8,101,424) within ~0.2%. Minor differences arise because EAVS 'active' counts differ slightly from the ISBE certification snapshot, and Christian County's active count was missing in EAVS (-99) so its total-registration figure (10,767) was substituted."
IL,17,election jurisdiction,Schuyler,17169,4979,2024-11-05,"high — statewide total is official ISBE-certified; per-jurisdiction breakdown is ISBE-sourced data via EAVS active registrations. Sum of the 108 per-jurisdiction active registrations = 8,115,252, which reconciles to the ISBE certified statewide total (8,101,424) within ~0.2%. Minor differences arise because EAVS 'active' counts differ slightly from the ISBE certification snapshot, and Christian County's active count was missing in EAVS (-99) so its total-registration figure (10,767) was substituted."
IL,17,election jurisdiction,Scott,17171,3469,2024-11-05,"high — statewide total is official ISBE-certified; per-jurisdiction breakdown is ISBE-sourced data via EAVS active registrations. Sum of the 108 per-jurisdiction active registrations = 8,115,252, which reconciles to the ISBE certified statewide total (8,101,424) within ~0.2%. Minor differences arise because EAVS 'active' counts differ slightly from the ISBE certification snapshot, and Christian County's active count was missing in EAVS (-99) so its total-registration figure (10,767) was substituted."
IL,17,election jurisdiction,Shelby,17173,14893,2024-11-05,"high — statewide total is official ISBE-certified; per-jurisdiction breakdown is ISBE-sourced data via EAVS active registrations. Sum of the 108 per-jurisdiction active registrations = 8,115,252, which reconciles to the ISBE certified statewide total (8,101,424) within ~0.2%. Minor differences arise because EAVS 'active' counts differ slightly from the ISBE certification snapshot, and Christian County's active count was missing in EAVS (-99) so its total-registration figure (10,767) was substituted."
IL,17,election jurisdiction,St. Clair,17163,168619,2024-11-05,"high — statewide total is official ISBE-certified; per-jurisdiction breakdown is ISBE-sourced data via EAVS active registrations. Sum of the 108 per-jurisdiction active registrations = 8,115,252, which reconciles to the ISBE certified statewide total (8,101,424) within ~0.2%. Minor differences arise because EAVS 'active' counts differ slightly from the ISBE certification snapshot, and Christian County's active count was missing in EAVS (-99) so its total-registration figure (10,767) was substituted."
IL,17,election jurisdiction,Stark,17175,3623,2024-11-05,"high — statewide total is official ISBE-certified; per-jurisdiction breakdown is ISBE-sourced data via EAVS active registrations. Sum of the 108 per-jurisdiction active registrations = 8,115,252, which reconciles to the ISBE certified statewide total (8,101,424) within ~0.2%. Minor differences arise because EAVS 'active' counts differ slightly from the ISBE certification snapshot, and Christian County's active count was missing in EAVS (-99) so its total-registration figure (10,767) was substituted."
IL,17,election jurisdiction,Stephenson,17177,26895,2024-11-05,"high — statewide total is official ISBE-certified; per-jurisdiction breakdown is ISBE-sourced data via EAVS active registrations. Sum of the 108 per-jurisdiction active registrations = 8,115,252, which reconciles to the ISBE certified statewide total (8,101,424) within ~0.2%. Minor differences arise because EAVS 'active' counts differ slightly from the ISBE certification snapshot, and Christian County's active count was missing in EAVS (-99) so its total-registration figure (10,767) was substituted."
IL,17,election jurisdiction,Tazewell,17179,91651,2024-11-05,"high — statewide total is official ISBE-certified; per-jurisdiction breakdown is ISBE-sourced data via EAVS active registrations. Sum of the 108 per-jurisdiction active registrations = 8,115,252, which reconciles to the ISBE certified statewide total (8,101,424) within ~0.2%. Minor differences arise because EAVS 'active' counts differ slightly from the ISBE certification snapshot, and Christian County's active count was missing in EAVS (-99) so its total-registration figure (10,767) was substituted."
IL,17,election jurisdiction,Union,17181,12335,2024-11-05,"high — statewide total is official ISBE-certified; per-jurisdiction breakdown is ISBE-sourced data via EAVS active registrations. Sum of the 108 per-jurisdiction active registrations = 8,115,252, which reconciles to the ISBE certified statewide total (8,101,424) within ~0.2%. Minor differences arise because EAVS 'active' counts differ slightly from the ISBE certification snapshot, and Christian County's active count was missing in EAVS (-99) so its total-registration figure (10,767) was substituted."
IL,17,election jurisdiction,Vermilion,17183,27333,2024-11-05,"high — statewide total is official ISBE-certified; per-jurisdiction breakdown is ISBE-sourced data via EAVS active registrations. Sum of the 108 per-jurisdiction active registrations = 8,115,252, which reconciles to the ISBE certified statewide total (8,101,424) within ~0.2%. Minor differences arise because EAVS 'active' counts differ slightly from the ISBE certification snapshot, and Christian County's active count was missing in EAVS (-99) so its total-registration figure (10,767) was substituted."
IL,17,election jurisdiction,Wabash,17185,7669,2024-11-05,"high — statewide total is official ISBE-certified; per-jurisdiction breakdown is ISBE-sourced data via EAVS active registrations. Sum of the 108 per-jurisdiction active registrations = 8,115,252, which reconciles to the ISBE certified statewide total (8,101,424) within ~0.2%. Minor differences arise because EAVS 'active' counts differ slightly from the ISBE certification snapshot, and Christian County's active count was missing in EAVS (-99) so its total-registration figure (10,767) was substituted."
IL,17,election jurisdiction,Warren,17187,9951,2024-11-05,"high — statewide total is official ISBE-certified; per-jurisdiction breakdown is ISBE-sourced data via EAVS active registrations. Sum of the 108 per-jurisdiction active registrations = 8,115,252, which reconciles to the ISBE certified statewide total (8,101,424) within ~0.2%. Minor differences arise because EAVS 'active' counts differ slightly from the ISBE certification snapshot, and Christian County's active count was missing in EAVS (-99) so its total-registration figure (10,767) was substituted."
IL,17,election jurisdiction,Washington,17189,9896,2024-11-05,"high — statewide total is official ISBE-certified; per-jurisdiction breakdown is ISBE-sourced data via EAVS active registrations. Sum of the 108 per-jurisdiction active registrations = 8,115,252, which reconciles to the ISBE certified statewide total (8,101,424) within ~0.2%. Minor differences arise because EAVS 'active' counts differ slightly from the ISBE certification snapshot, and Christian County's active count was missing in EAVS (-99) so its total-registration figure (10,767) was substituted."
IL,17,election jurisdiction,Wayne,17191,11106,2024-11-05,"high — statewide total is official ISBE-certified; per-jurisdiction breakdown is ISBE-sourced data via EAVS active registrations. Sum of the 108 per-jurisdiction active registrations = 8,115,252, which reconciles to the ISBE certified statewide total (8,101,424) within ~0.2%. Minor differences arise because EAVS 'active' counts differ slightly from the ISBE certification snapshot, and Christian County's active count was missing in EAVS (-99) so its total-registration figure (10,767) was substituted."
IL,17,election jurisdiction,White,17193,9702,2024-11-05,"high — statewide total is official ISBE-certified; per-jurisdiction breakdown is ISBE-sourced data via EAVS active registrations. Sum of the 108 per-jurisdiction active registrations = 8,115,252, which reconciles to the ISBE certified statewide total (8,101,424) within ~0.2%. Minor differences arise because EAVS 'active' counts differ slightly from the ISBE certification snapshot, and Christian County's active count was missing in EAVS (-99) so its total-registration figure (10,767) was substituted."
IL,17,election jurisdiction,Whiteside,17195,36572,2024-11-05,"high — statewide total is official ISBE-certified; per-jurisdiction breakdown is ISBE-sourced data via EAVS active registrations. Sum of the 108 per-jurisdiction active registrations = 8,115,252, which reconciles to the ISBE certified statewide total (8,101,424) within ~0.2%. Minor differences arise because EAVS 'active' counts differ slightly from the ISBE certification snapshot, and Christian County's active count was missing in EAVS (-99) so its total-registration figure (10,767) was substituted."
IL,17,election jurisdiction,Will,17197,428909,2024-11-05,"high — statewide total is official ISBE-certified; per-jurisdiction breakdown is ISBE-sourced data via EAVS active registrations. Sum of the 108 per-jurisdiction active registrations = 8,115,252, which reconciles to the ISBE certified statewide total (8,101,424) within ~0.2%. Minor differences arise because EAVS 'active' counts differ slightly from the ISBE certification snapshot, and Christian County's active count was missing in EAVS (-99) so its total-registration figure (10,767) was substituted."
IL,17,election jurisdiction,Williamson,17199,48182,2024-11-05,"high — statewide total is official ISBE-certified; per-jurisdiction breakdown is ISBE-sourced data via EAVS active registrations. Sum of the 108 per-jurisdiction active registrations = 8,115,252, which reconciles to the ISBE certified statewide total (8,101,424) within ~0.2%. Minor differences arise because EAVS 'active' counts differ slightly from the ISBE certification snapshot, and Christian County's active count was missing in EAVS (-99) so its total-registration figure (10,767) was substituted."
IL,17,election jurisdiction,Winnebago,17201,94896,2024-11-05,"high — statewide total is official ISBE-certified; per-jurisdiction breakdown is ISBE-sourced data via EAVS active registrations. Sum of the 108 per-jurisdiction active registrations = 8,115,252, which reconciles to the ISBE certified statewide total (8,101,424) within ~0.2%. Minor differences arise because EAVS 'active' counts differ slightly from the ISBE certification snapshot, and Christian County's active count was missing in EAVS (-99) so its total-registration figure (10,767) was substituted."
IL,17,election jurisdiction,Woodford,17203,27442,2024-11-05,"high — statewide total is official ISBE-certified; per-jurisdiction breakdown is ISBE-sourced data via EAVS active registrations. Sum of the 108 per-jurisdiction active registrations = 8,115,252, which reconciles to the ISBE certified statewide total (8,101,424) within ~0.2%. Minor differences arise because EAVS 'active' counts differ slightly from the ISBE certification snapshot, and Christian County's active count was missing in EAVS (-99) so its total-registration figure (10,767) was substituted."
IN,18,county,Adams,18001,19935,2024-11-05,high
IN,18,county,Allen,18003,285127,2024-11-05,high
IN,18,county,Bartholomew,18005,54087,2024-11-05,high
IN,18,county,Benton,18007,6021,2024-11-05,high
IN,18,county,Blackford,18009,8556,2024-11-05,high
IN,18,county,Boone,18011,62062,2024-11-05,high
IN,18,county,Brown,18013,13545,2024-11-05,high
IN,18,county,Carroll,18015,14903,2024-11-05,high
IN,18,county,Cass,18017,22675,2024-11-05,high
IN,18,county,Clark,18019,96263,2024-11-05,high
IN,18,county,Clay,18021,18820,2024-11-05,high
IN,18,county,Clinton,18023,20350,2024-11-05,high
IN,18,county,Crawford,18025,7920,2024-11-05,high
IN,18,county,Daviess,18027,17559,2024-11-05,high
IN,18,county,Dearborn,18029,40526,2024-11-05,high
IN,18,county,Decatur,18031,17631,2024-11-05,high
IN,18,county,DeKalb,18033,29972,2024-11-05,high
IN,18,county,Delaware,18035,76488,2024-11-05,high
IN,18,county,Dubois,18037,30676,2024-11-05,high
IN,18,county,Elkhart,18039,126875,2024-11-05,high
IN,18,county,Fayette,18041,17159,2024-11-05,high
IN,18,county,Floyd,18043,62972,2024-11-05,high
IN,18,county,Fountain,18045,12418,2024-11-05,high
IN,18,county,Franklin,18047,17922,2024-11-05,high
IN,18,county,Fulton,18049,13238,2024-11-05,high
IN,18,county,Gibson,18051,23623,2024-11-05,high
IN,18,county,Grant,18053,43644,2024-11-05,high
IN,18,county,Greene,18055,22037,2024-11-05,high
IN,18,county,Hamilton,18057,283132,2024-11-05,high
IN,18,county,Hancock,18059,65292,2024-11-05,high
IN,18,county,Harrison,18061,30280,2024-11-05,high
IN,18,county,Hendricks,18063,131291,2024-11-05,high
IN,18,county,Henry,18065,31648,2024-11-05,high
IN,18,county,Howard,18067,61288,2024-11-05,high
IN,18,county,Huntington,18069,24999,2024-11-05,high
IN,18,county,Jackson,18071,26143,2024-11-05,high
IN,18,county,Jasper,18073,23624,2024-11-05,high
IN,18,county,Jay,18075,11998,2024-11-05,high
IN,18,county,Jefferson,18077,22105,2024-11-05,high
IN,18,county,Jennings,18079,18351,2024-11-05,high
IN,18,county,Johnson,18081,123364,2024-11-05,high
IN,18,county,Knox,18083,22880,2024-11-05,high
IN,18,county,Kosciusko,18085,54295,2024-11-05,high
IN,18,county,LaGrange,18087,16749,2024-11-05,high
IN,18,county,Lake,18089,371117,2024-11-05,high
IN,18,county,LaPorte,18091,78924,2024-11-05,high
IN,18,county,Lawrence,18093,34759,2024-11-05,high
IN,18,county,Madison,18095,91492,2024-11-05,high
IN,18,county,Marion,18097,650471,2024-11-05,high
IN,18,county,Marshall,18099,30017,2024-11-05,high
IN,18,county,Martin,18101,7775,2024-11-05,high
IN,18,county,Miami,18103,22249,2024-11-05,high
IN,18,county,Monroe,18105,93146,2024-11-05,high
IN,18,county,Montgomery,18107,25094,2024-11-05,high
IN,18,county,Morgan,18109,55229,2024-11-05,high
IN,18,county,Newton,18111,10207,2024-11-05,high
IN,18,county,Noble,18113,31769,2024-11-05,high
IN,18,county,Ohio,18115,5231,2024-11-05,high
IN,18,county,Orange,18117,13375,2024-11-05,high
IN,18,county,Owen,18119,15685,2024-11-05,high
IN,18,county,Parke,18121,9509,2024-11-05,high
IN,18,county,Perry,18123,13801,2024-11-05,high
IN,18,county,Pike,18125,9357,2024-11-05,high
IN,18,county,Porter,18127,139687,2024-11-05,high
IN,18,county,Posey,18129,18310,2024-11-05,high
IN,18,county,Pulaski,18131,9494,2024-11-05,high
IN,18,county,Putnam,18133,26012,2024-11-05,high
IN,18,county,Randolph,18135,17061,2024-11-05,high
IN,18,county,Ripley,18137,22603,2024-11-05,high
IN,18,county,Rush,18139,11826,2024-11-05,high
IN,18,county,Scott,18143,17390,2024-11-05,high
IN,18,county,Shelby,18145,32284,2024-11-05,high
IN,18,county,Spencer,18147,15618,2024-11-05,high
IN,18,county,St. Joseph,18141,205991,2024-11-05,high
IN,18,county,Starke,18149,18317,2024-11-05,high
IN,18,county,Steuben,18151,26853,2024-11-05,high
IN,18,county,Sullivan,18153,14588,2024-11-05,high
IN,18,county,Switzerland,18155,7683,2024-11-05,high
IN,18,county,Tippecanoe,18157,119087,2024-11-05,high
IN,18,county,Tipton,18159,12191,2024-11-05,high
IN,18,county,Union,18161,5041,2024-11-05,high
IN,18,county,Vanderburgh,18163,134388,2024-11-05,high
IN,18,county,Vermillion,18165,11176,2024-11-05,high
IN,18,county,Vigo,18167,70669,2024-11-05,high
IN,18,county,Wabash,18169,20832,2024-11-05,high
IN,18,county,Warren,18171,6213,2024-11-05,high
IN,18,county,Warrick,18173,48991,2024-11-05,high
IN,18,county,Washington,18175,19396,2024-11-05,high
IN,18,county,Wayne,18177,45179,2024-11-05,high
IN,18,county,Wells,18179,19603,2024-11-05,high
IN,18,county,White,18181,17036,2024-11-05,high
IN,18,county,Whitley,18183,24633,2024-11-05,high
KS,20,county,Allen,20001,8980,2025-11-01,"high - all 105 counties extracted via PDF text positional parsing; every county's party components sum exactly to its county total, and the aggregated statewide party totals and grand total match the report's printed Grand Total line exactly (Dem 495691, Lib 23772, No Labels Kansas 5955, Rep 897243, United Kansas 964, Unaffiliated 575983, Grand Total 1999608)."
KS,20,county,Anderson,20003,5830,2025-11-01,"high - all 105 counties extracted via PDF text positional parsing; every county's party components sum exactly to its county total, and the aggregated statewide party totals and grand total match the report's printed Grand Total line exactly (Dem 495691, Lib 23772, No Labels Kansas 5955, Rep 897243, United Kansas 964, Unaffiliated 575983, Grand Total 1999608)."
KS,20,county,Atchison,20005,11037,2025-11-01,"high - all 105 counties extracted via PDF text positional parsing; every county's party components sum exactly to its county total, and the aggregated statewide party totals and grand total match the report's printed Grand Total line exactly (Dem 495691, Lib 23772, No Labels Kansas 5955, Rep 897243, United Kansas 964, Unaffiliated 575983, Grand Total 1999608)."
KS,20,county,Barber,20007,2837,2025-11-01,"high - all 105 counties extracted via PDF text positional parsing; every county's party components sum exactly to its county total, and the aggregated statewide party totals and grand total match the report's printed Grand Total line exactly (Dem 495691, Lib 23772, No Labels Kansas 5955, Rep 897243, United Kansas 964, Unaffiliated 575983, Grand Total 1999608)."
KS,20,county,Barton,20009,17065,2025-11-01,"high - all 105 counties extracted via PDF text positional parsing; every county's party components sum exactly to its county total, and the aggregated statewide party totals and grand total match the report's printed Grand Total line exactly (Dem 495691, Lib 23772, No Labels Kansas 5955, Rep 897243, United Kansas 964, Unaffiliated 575983, Grand Total 1999608)."
KS,20,county,Bourbon,20011,12791,2025-11-01,"high - all 105 counties extracted via PDF text positional parsing; every county's party components sum exactly to its county total, and the aggregated statewide party totals and grand total match the report's printed Grand Total line exactly (Dem 495691, Lib 23772, No Labels Kansas 5955, Rep 897243, United Kansas 964, Unaffiliated 575983, Grand Total 1999608)."
KS,20,county,Brown,20013,6666,2025-11-01,"high - all 105 counties extracted via PDF text positional parsing; every county's party components sum exactly to its county total, and the aggregated statewide party totals and grand total match the report's printed Grand Total line exactly (Dem 495691, Lib 23772, No Labels Kansas 5955, Rep 897243, United Kansas 964, Unaffiliated 575983, Grand Total 1999608)."
KS,20,county,Butler,20015,49765,2025-11-01,"high - all 105 counties extracted via PDF text positional parsing; every county's party components sum exactly to its county total, and the aggregated statewide party totals and grand total match the report's printed Grand Total line exactly (Dem 495691, Lib 23772, No Labels Kansas 5955, Rep 897243, United Kansas 964, Unaffiliated 575983, Grand Total 1999608)."
KS,20,county,Chase,20017,1877,2025-11-01,"high - all 105 counties extracted via PDF text positional parsing; every county's party components sum exactly to its county total, and the aggregated statewide party totals and grand total match the report's printed Grand Total line exactly (Dem 495691, Lib 23772, No Labels Kansas 5955, Rep 897243, United Kansas 964, Unaffiliated 575983, Grand Total 1999608)."
KS,20,county,Chautauqua,20019,2321,2025-11-01,"high - all 105 counties extracted via PDF text positional parsing; every county's party components sum exactly to its county total, and the aggregated statewide party totals and grand total match the report's printed Grand Total line exactly (Dem 495691, Lib 23772, No Labels Kansas 5955, Rep 897243, United Kansas 964, Unaffiliated 575983, Grand Total 1999608)."
KS,20,county,Cherokee,20021,15617,2025-11-01,"high - all 105 counties extracted via PDF text positional parsing; every county's party components sum exactly to its county total, and the aggregated statewide party totals and grand total match the report's printed Grand Total line exactly (Dem 495691, Lib 23772, No Labels Kansas 5955, Rep 897243, United Kansas 964, Unaffiliated 575983, Grand Total 1999608)."
KS,20,county,Cheyenne,20023,2028,2025-11-01,"high - all 105 counties extracted via PDF text positional parsing; every county's party components sum exactly to its county total, and the aggregated statewide party totals and grand total match the report's printed Grand Total line exactly (Dem 495691, Lib 23772, No Labels Kansas 5955, Rep 897243, United Kansas 964, Unaffiliated 575983, Grand Total 1999608)."
KS,20,county,Clark,20025,1482,2025-11-01,"high - all 105 counties extracted via PDF text positional parsing; every county's party components sum exactly to its county total, and the aggregated statewide party totals and grand total match the report's printed Grand Total line exactly (Dem 495691, Lib 23772, No Labels Kansas 5955, Rep 897243, United Kansas 964, Unaffiliated 575983, Grand Total 1999608)."
KS,20,county,Clay,20027,6042,2025-11-01,"high - all 105 counties extracted via PDF text positional parsing; every county's party components sum exactly to its county total, and the aggregated statewide party totals and grand total match the report's printed Grand Total line exactly (Dem 495691, Lib 23772, No Labels Kansas 5955, Rep 897243, United Kansas 964, Unaffiliated 575983, Grand Total 1999608)."
KS,20,county,Cloud,20029,5756,2025-11-01,"high - all 105 counties extracted via PDF text positional parsing; every county's party components sum exactly to its county total, and the aggregated statewide party totals and grand total match the report's printed Grand Total line exactly (Dem 495691, Lib 23772, No Labels Kansas 5955, Rep 897243, United Kansas 964, Unaffiliated 575983, Grand Total 1999608)."
KS,20,county,Coffey,20031,6190,2025-11-01,"high - all 105 counties extracted via PDF text positional parsing; every county's party components sum exactly to its county total, and the aggregated statewide party totals and grand total match the report's printed Grand Total line exactly (Dem 495691, Lib 23772, No Labels Kansas 5955, Rep 897243, United Kansas 964, Unaffiliated 575983, Grand Total 1999608)."
KS,20,county,Comanche,20033,1130,2025-11-01,"high - all 105 counties extracted via PDF text positional parsing; every county's party components sum exactly to its county total, and the aggregated statewide party totals and grand total match the report's printed Grand Total line exactly (Dem 495691, Lib 23772, No Labels Kansas 5955, Rep 897243, United Kansas 964, Unaffiliated 575983, Grand Total 1999608)."
KS,20,county,Cowley,20035,20573,2025-11-01,"high - all 105 counties extracted via PDF text positional parsing; every county's party components sum exactly to its county total, and the aggregated statewide party totals and grand total match the report's printed Grand Total line exactly (Dem 495691, Lib 23772, No Labels Kansas 5955, Rep 897243, United Kansas 964, Unaffiliated 575983, Grand Total 1999608)."
KS,20,county,Crawford,20037,27742,2025-11-01,"high - all 105 counties extracted via PDF text positional parsing; every county's party components sum exactly to its county total, and the aggregated statewide party totals and grand total match the report's printed Grand Total line exactly (Dem 495691, Lib 23772, No Labels Kansas 5955, Rep 897243, United Kansas 964, Unaffiliated 575983, Grand Total 1999608)."
KS,20,county,Decatur,20039,2024,2025-11-01,"high - all 105 counties extracted via PDF text positional parsing; every county's party components sum exactly to its county total, and the aggregated statewide party totals and grand total match the report's printed Grand Total line exactly (Dem 495691, Lib 23772, No Labels Kansas 5955, Rep 897243, United Kansas 964, Unaffiliated 575983, Grand Total 1999608)."
KS,20,county,Dickinson,20041,13855,2025-11-01,"high - all 105 counties extracted via PDF text positional parsing; every county's party components sum exactly to its county total, and the aggregated statewide party totals and grand total match the report's printed Grand Total line exactly (Dem 495691, Lib 23772, No Labels Kansas 5955, Rep 897243, United Kansas 964, Unaffiliated 575983, Grand Total 1999608)."
KS,20,county,Doniphan,20043,5032,2025-11-01,"high - all 105 counties extracted via PDF text positional parsing; every county's party components sum exactly to its county total, and the aggregated statewide party totals and grand total match the report's printed Grand Total line exactly (Dem 495691, Lib 23772, No Labels Kansas 5955, Rep 897243, United Kansas 964, Unaffiliated 575983, Grand Total 1999608)."
KS,20,county,Douglas,20045,80376,2025-11-01,"high - all 105 counties extracted via PDF text positional parsing; every county's party components sum exactly to its county total, and the aggregated statewide party totals and grand total match the report's printed Grand Total line exactly (Dem 495691, Lib 23772, No Labels Kansas 5955, Rep 897243, United Kansas 964, Unaffiliated 575983, Grand Total 1999608)."
KS,20,county,Edwards,20047,1829,2025-11-01,"high - all 105 counties extracted via PDF text positional parsing; every county's party components sum exactly to its county total, and the aggregated statewide party totals and grand total match the report's printed Grand Total line exactly (Dem 495691, Lib 23772, No Labels Kansas 5955, Rep 897243, United Kansas 964, Unaffiliated 575983, Grand Total 1999608)."
KS,20,county,Elk,20049,1877,2025-11-01,"high - all 105 counties extracted via PDF text positional parsing; every county's party components sum exactly to its county total, and the aggregated statewide party totals and grand total match the report's printed Grand Total line exactly (Dem 495691, Lib 23772, No Labels Kansas 5955, Rep 897243, United Kansas 964, Unaffiliated 575983, Grand Total 1999608)."
KS,20,county,Ellis,20051,20515,2025-11-01,"high - all 105 counties extracted via PDF text positional parsing; every county's party components sum exactly to its county total, and the aggregated statewide party totals and grand total match the report's printed Grand Total line exactly (Dem 495691, Lib 23772, No Labels Kansas 5955, Rep 897243, United Kansas 964, Unaffiliated 575983, Grand Total 1999608)."
KS,20,county,Ellsworth,20053,3853,2025-11-01,"high - all 105 counties extracted via PDF text positional parsing; every county's party components sum exactly to its county total, and the aggregated statewide party totals and grand total match the report's printed Grand Total line exactly (Dem 495691, Lib 23772, No Labels Kansas 5955, Rep 897243, United Kansas 964, Unaffiliated 575983, Grand Total 1999608)."
KS,20,county,Finney,20055,20811,2025-11-01,"high - all 105 counties extracted via PDF text positional parsing; every county's party components sum exactly to its county total, and the aggregated statewide party totals and grand total match the report's printed Grand Total line exactly (Dem 495691, Lib 23772, No Labels Kansas 5955, Rep 897243, United Kansas 964, Unaffiliated 575983, Grand Total 1999608)."
KS,20,county,Ford,20057,16796,2025-11-01,"high - all 105 counties extracted via PDF text positional parsing; every county's party components sum exactly to its county total, and the aggregated statewide party totals and grand total match the report's printed Grand Total line exactly (Dem 495691, Lib 23772, No Labels Kansas 5955, Rep 897243, United Kansas 964, Unaffiliated 575983, Grand Total 1999608)."
KS,20,county,Franklin,20059,19187,2025-11-01,"high - all 105 counties extracted via PDF text positional parsing; every county's party components sum exactly to its county total, and the aggregated statewide party totals and grand total match the report's printed Grand Total line exactly (Dem 495691, Lib 23772, No Labels Kansas 5955, Rep 897243, United Kansas 964, Unaffiliated 575983, Grand Total 1999608)."
KS,20,county,Geary,20061,18492,2025-11-01,"high - all 105 counties extracted via PDF text positional parsing; every county's party components sum exactly to its county total, and the aggregated statewide party totals and grand total match the report's printed Grand Total line exactly (Dem 495691, Lib 23772, No Labels Kansas 5955, Rep 897243, United Kansas 964, Unaffiliated 575983, Grand Total 1999608)."
KS,20,county,Gove,20063,1893,2025-11-01,"high - all 105 counties extracted via PDF text positional parsing; every county's party components sum exactly to its county total, and the aggregated statewide party totals and grand total match the report's printed Grand Total line exactly (Dem 495691, Lib 23772, No Labels Kansas 5955, Rep 897243, United Kansas 964, Unaffiliated 575983, Grand Total 1999608)."
KS,20,county,Graham,20065,1821,2025-11-01,"high - all 105 counties extracted via PDF text positional parsing; every county's party components sum exactly to its county total, and the aggregated statewide party totals and grand total match the report's printed Grand Total line exactly (Dem 495691, Lib 23772, No Labels Kansas 5955, Rep 897243, United Kansas 964, Unaffiliated 575983, Grand Total 1999608)."
KS,20,county,Grant,20067,3775,2025-11-01,"high - all 105 counties extracted via PDF text positional parsing; every county's party components sum exactly to its county total, and the aggregated statewide party totals and grand total match the report's printed Grand Total line exactly (Dem 495691, Lib 23772, No Labels Kansas 5955, Rep 897243, United Kansas 964, Unaffiliated 575983, Grand Total 1999608)."
KS,20,county,Gray,20069,3395,2025-11-01,"high - all 105 counties extracted via PDF text positional parsing; every county's party components sum exactly to its county total, and the aggregated statewide party totals and grand total match the report's printed Grand Total line exactly (Dem 495691, Lib 23772, No Labels Kansas 5955, Rep 897243, United Kansas 964, Unaffiliated 575983, Grand Total 1999608)."
KS,20,county,Greeley,20071,860,2025-11-01,"high - all 105 counties extracted via PDF text positional parsing; every county's party components sum exactly to its county total, and the aggregated statewide party totals and grand total match the report's printed Grand Total line exactly (Dem 495691, Lib 23772, No Labels Kansas 5955, Rep 897243, United Kansas 964, Unaffiliated 575983, Grand Total 1999608)."
KS,20,county,Greenwood,20073,4638,2025-11-01,"high - all 105 counties extracted via PDF text positional parsing; every county's party components sum exactly to its county total, and the aggregated statewide party totals and grand total match the report's printed Grand Total line exactly (Dem 495691, Lib 23772, No Labels Kansas 5955, Rep 897243, United Kansas 964, Unaffiliated 575983, Grand Total 1999608)."
KS,20,county,Hamilton,20075,1352,2025-11-01,"high - all 105 counties extracted via PDF text positional parsing; every county's party components sum exactly to its county total, and the aggregated statewide party totals and grand total match the report's printed Grand Total line exactly (Dem 495691, Lib 23772, No Labels Kansas 5955, Rep 897243, United Kansas 964, Unaffiliated 575983, Grand Total 1999608)."
KS,20,county,Harper,20077,3879,2025-11-01,"high - all 105 counties extracted via PDF text positional parsing; every county's party components sum exactly to its county total, and the aggregated statewide party totals and grand total match the report's printed Grand Total line exactly (Dem 495691, Lib 23772, No Labels Kansas 5955, Rep 897243, United Kansas 964, Unaffiliated 575983, Grand Total 1999608)."
KS,20,county,Harvey,20079,22948,2025-11-01,"high - all 105 counties extracted via PDF text positional parsing; every county's party components sum exactly to its county total, and the aggregated statewide party totals and grand total match the report's printed Grand Total line exactly (Dem 495691, Lib 23772, No Labels Kansas 5955, Rep 897243, United Kansas 964, Unaffiliated 575983, Grand Total 1999608)."
KS,20,county,Haskell,20081,2221,2025-11-01,"high - all 105 counties extracted via PDF text positional parsing; every county's party components sum exactly to its county total, and the aggregated statewide party totals and grand total match the report's printed Grand Total line exactly (Dem 495691, Lib 23772, No Labels Kansas 5955, Rep 897243, United Kansas 964, Unaffiliated 575983, Grand Total 1999608)."
KS,20,county,Hodgeman,20083,1281,2025-11-01,"high - all 105 counties extracted via PDF text positional parsing; every county's party components sum exactly to its county total, and the aggregated statewide party totals and grand total match the report's printed Grand Total line exactly (Dem 495691, Lib 23772, No Labels Kansas 5955, Rep 897243, United Kansas 964, Unaffiliated 575983, Grand Total 1999608)."
KS,20,county,Jackson,20085,9158,2025-11-01,"high - all 105 counties extracted via PDF text positional parsing; every county's party components sum exactly to its county total, and the aggregated statewide party totals and grand total match the report's printed Grand Total line exactly (Dem 495691, Lib 23772, No Labels Kansas 5955, Rep 897243, United Kansas 964, Unaffiliated 575983, Grand Total 1999608)."
KS,20,county,Jefferson,20087,14009,2025-11-01,"high - all 105 counties extracted via PDF text positional parsing; every county's party components sum exactly to its county total, and the aggregated statewide party totals and grand total match the report's printed Grand Total line exactly (Dem 495691, Lib 23772, No Labels Kansas 5955, Rep 897243, United Kansas 964, Unaffiliated 575983, Grand Total 1999608)."
KS,20,county,Jewell,20089,2212,2025-11-01,"high - all 105 counties extracted via PDF text positional parsing; every county's party components sum exactly to its county total, and the aggregated statewide party totals and grand total match the report's printed Grand Total line exactly (Dem 495691, Lib 23772, No Labels Kansas 5955, Rep 897243, United Kansas 964, Unaffiliated 575983, Grand Total 1999608)."
KS,20,county,Johnson,20091,464235,2025-11-01,"high - all 105 counties extracted via PDF text positional parsing; every county's party components sum exactly to its county total, and the aggregated statewide party totals and grand total match the report's printed Grand Total line exactly (Dem 495691, Lib 23772, No Labels Kansas 5955, Rep 897243, United Kansas 964, Unaffiliated 575983, Grand Total 1999608)."
KS,20,county,Kearny,20093,2214,2025-11-01,"high - all 105 counties extracted via PDF text positional parsing; every county's party components sum exactly to its county total, and the aggregated statewide party totals and grand total match the report's printed Grand Total line exactly (Dem 495691, Lib 23772, No Labels Kansas 5955, Rep 897243, United Kansas 964, Unaffiliated 575983, Grand Total 1999608)."
KS,20,county,Kingman,20095,5615,2025-11-01,"high - all 105 counties extracted via PDF text positional parsing; every county's party components sum exactly to its county total, and the aggregated statewide party totals and grand total match the report's printed Grand Total line exactly (Dem 495691, Lib 23772, No Labels Kansas 5955, Rep 897243, United Kansas 964, Unaffiliated 575983, Grand Total 1999608)."
KS,20,county,Kiowa,20097,1521,2025-11-01,"high - all 105 counties extracted via PDF text positional parsing; every county's party components sum exactly to its county total, and the aggregated statewide party totals and grand total match the report's printed Grand Total line exactly (Dem 495691, Lib 23772, No Labels Kansas 5955, Rep 897243, United Kansas 964, Unaffiliated 575983, Grand Total 1999608)."
KS,20,county,Labette,20099,13709,2025-11-01,"high - all 105 counties extracted via PDF text positional parsing; every county's party components sum exactly to its county total, and the aggregated statewide party totals and grand total match the report's printed Grand Total line exactly (Dem 495691, Lib 23772, No Labels Kansas 5955, Rep 897243, United Kansas 964, Unaffiliated 575983, Grand Total 1999608)."
KS,20,county,Lane,20101,1127,2025-11-01,"high - all 105 counties extracted via PDF text positional parsing; every county's party components sum exactly to its county total, and the aggregated statewide party totals and grand total match the report's printed Grand Total line exactly (Dem 495691, Lib 23772, No Labels Kansas 5955, Rep 897243, United Kansas 964, Unaffiliated 575983, Grand Total 1999608)."
KS,20,county,Leavenworth,20103,57317,2025-11-01,"high - all 105 counties extracted via PDF text positional parsing; every county's party components sum exactly to its county total, and the aggregated statewide party totals and grand total match the report's printed Grand Total line exactly (Dem 495691, Lib 23772, No Labels Kansas 5955, Rep 897243, United Kansas 964, Unaffiliated 575983, Grand Total 1999608)."
KS,20,county,Lincoln,20105,2113,2025-11-01,"high - all 105 counties extracted via PDF text positional parsing; every county's party components sum exactly to its county total, and the aggregated statewide party totals and grand total match the report's printed Grand Total line exactly (Dem 495691, Lib 23772, No Labels Kansas 5955, Rep 897243, United Kansas 964, Unaffiliated 575983, Grand Total 1999608)."
KS,20,county,Linn,20107,7771,2025-11-01,"high - all 105 counties extracted via PDF text positional parsing; every county's party components sum exactly to its county total, and the aggregated statewide party totals and grand total match the report's printed Grand Total line exactly (Dem 495691, Lib 23772, No Labels Kansas 5955, Rep 897243, United Kansas 964, Unaffiliated 575983, Grand Total 1999608)."
KS,20,county,Logan,20109,1894,2025-11-01,"high - all 105 counties extracted via PDF text positional parsing; every county's party components sum exactly to its county total, and the aggregated statewide party totals and grand total match the report's printed Grand Total line exactly (Dem 495691, Lib 23772, No Labels Kansas 5955, Rep 897243, United Kansas 964, Unaffiliated 575983, Grand Total 1999608)."
KS,20,county,Lyon,20111,20561,2025-11-01,"high - all 105 counties extracted via PDF text positional parsing; every county's party components sum exactly to its county total, and the aggregated statewide party totals and grand total match the report's printed Grand Total line exactly (Dem 495691, Lib 23772, No Labels Kansas 5955, Rep 897243, United Kansas 964, Unaffiliated 575983, Grand Total 1999608)."
KS,20,county,Marion,20113,8254,2025-11-01,"high - all 105 counties extracted via PDF text positional parsing; every county's party components sum exactly to its county total, and the aggregated statewide party totals and grand total match the report's printed Grand Total line exactly (Dem 495691, Lib 23772, No Labels Kansas 5955, Rep 897243, United Kansas 964, Unaffiliated 575983, Grand Total 1999608)."
KS,20,county,Marshall,20115,7298,2025-11-01,"high - all 105 counties extracted via PDF text positional parsing; every county's party components sum exactly to its county total, and the aggregated statewide party totals and grand total match the report's printed Grand Total line exactly (Dem 495691, Lib 23772, No Labels Kansas 5955, Rep 897243, United Kansas 964, Unaffiliated 575983, Grand Total 1999608)."
KS,20,county,McPherson,20117,19355,2025-11-01,"high - all 105 counties extracted via PDF text positional parsing; every county's party components sum exactly to its county total, and the aggregated statewide party totals and grand total match the report's printed Grand Total line exactly (Dem 495691, Lib 23772, No Labels Kansas 5955, Rep 897243, United Kansas 964, Unaffiliated 575983, Grand Total 1999608)."
KS,20,county,Meade,20119,3247,2025-11-01,"high - all 105 counties extracted via PDF text positional parsing; every county's party components sum exactly to its county total, and the aggregated statewide party totals and grand total match the report's printed Grand Total line exactly (Dem 495691, Lib 23772, No Labels Kansas 5955, Rep 897243, United Kansas 964, Unaffiliated 575983, Grand Total 1999608)."
KS,20,county,Miami,20121,26029,2025-11-01,"high - all 105 counties extracted via PDF text positional parsing; every county's party components sum exactly to its county total, and the aggregated statewide party totals and grand total match the report's printed Grand Total line exactly (Dem 495691, Lib 23772, No Labels Kansas 5955, Rep 897243, United Kansas 964, Unaffiliated 575983, Grand Total 1999608)."
KS,20,county,Mitchell,20123,4200,2025-11-01,"high - all 105 counties extracted via PDF text positional parsing; every county's party components sum exactly to its county total, and the aggregated statewide party totals and grand total match the report's printed Grand Total line exactly (Dem 495691, Lib 23772, No Labels Kansas 5955, Rep 897243, United Kansas 964, Unaffiliated 575983, Grand Total 1999608)."
KS,20,county,Montgomery,20125,21319,2025-11-01,"high - all 105 counties extracted via PDF text positional parsing; every county's party components sum exactly to its county total, and the aggregated statewide party totals and grand total match the report's printed Grand Total line exactly (Dem 495691, Lib 23772, No Labels Kansas 5955, Rep 897243, United Kansas 964, Unaffiliated 575983, Grand Total 1999608)."
KS,20,county,Morris,20127,4019,2025-11-01,"high - all 105 counties extracted via PDF text positional parsing; every county's party components sum exactly to its county total, and the aggregated statewide party totals and grand total match the report's printed Grand Total line exactly (Dem 495691, Lib 23772, No Labels Kansas 5955, Rep 897243, United Kansas 964, Unaffiliated 575983, Grand Total 1999608)."
KS,20,county,Morton,20129,2039,2025-11-01,"high - all 105 counties extracted via PDF text positional parsing; every county's party components sum exactly to its county total, and the aggregated statewide party totals and grand total match the report's printed Grand Total line exactly (Dem 495691, Lib 23772, No Labels Kansas 5955, Rep 897243, United Kansas 964, Unaffiliated 575983, Grand Total 1999608)."
KS,20,county,Nemaha,20131,7403,2025-11-01,"high - all 105 counties extracted via PDF text positional parsing; every county's party components sum exactly to its county total, and the aggregated statewide party totals and grand total match the report's printed Grand Total line exactly (Dem 495691, Lib 23772, No Labels Kansas 5955, Rep 897243, United Kansas 964, Unaffiliated 575983, Grand Total 1999608)."
KS,20,county,Neosho,20133,11097,2025-11-01,"high - all 105 counties extracted via PDF text positional parsing; every county's party components sum exactly to its county total, and the aggregated statewide party totals and grand total match the report's printed Grand Total line exactly (Dem 495691, Lib 23772, No Labels Kansas 5955, Rep 897243, United Kansas 964, Unaffiliated 575983, Grand Total 1999608)."
KS,20,county,Ness,20135,1961,2025-11-01,"high - all 105 counties extracted via PDF text positional parsing; every county's party components sum exactly to its county total, and the aggregated statewide party totals and grand total match the report's printed Grand Total line exactly (Dem 495691, Lib 23772, No Labels Kansas 5955, Rep 897243, United Kansas 964, Unaffiliated 575983, Grand Total 1999608)."
KS,20,county,Norton,20137,3449,2025-11-01,"high - all 105 counties extracted via PDF text positional parsing; every county's party components sum exactly to its county total, and the aggregated statewide party totals and grand total match the report's printed Grand Total line exactly (Dem 495691, Lib 23772, No Labels Kansas 5955, Rep 897243, United Kansas 964, Unaffiliated 575983, Grand Total 1999608)."
KS,20,county,Osage,20139,12255,2025-11-01,"high - all 105 counties extracted via PDF text positional parsing; every county's party components sum exactly to its county total, and the aggregated statewide party totals and grand total match the report's printed Grand Total line exactly (Dem 495691, Lib 23772, No Labels Kansas 5955, Rep 897243, United Kansas 964, Unaffiliated 575983, Grand Total 1999608)."
KS,20,county,Osborne,20141,2601,2025-11-01,"high - all 105 counties extracted via PDF text positional parsing; every county's party components sum exactly to its county total, and the aggregated statewide party totals and grand total match the report's printed Grand Total line exactly (Dem 495691, Lib 23772, No Labels Kansas 5955, Rep 897243, United Kansas 964, Unaffiliated 575983, Grand Total 1999608)."
KS,20,county,Ottawa,20143,3902,2025-11-01,"high - all 105 counties extracted via PDF text positional parsing; every county's party components sum exactly to its county total, and the aggregated statewide party totals and grand total match the report's printed Grand Total line exactly (Dem 495691, Lib 23772, No Labels Kansas 5955, Rep 897243, United Kansas 964, Unaffiliated 575983, Grand Total 1999608)."
KS,20,county,Pawnee,20145,3669,2025-11-01,"high - all 105 counties extracted via PDF text positional parsing; every county's party components sum exactly to its county total, and the aggregated statewide party totals and grand total match the report's printed Grand Total line exactly (Dem 495691, Lib 23772, No Labels Kansas 5955, Rep 897243, United Kansas 964, Unaffiliated 575983, Grand Total 1999608)."
KS,20,county,Phillips,20147,3995,2025-11-01,"high - all 105 counties extracted via PDF text positional parsing; every county's party components sum exactly to its county total, and the aggregated statewide party totals and grand total match the report's printed Grand Total line exactly (Dem 495691, Lib 23772, No Labels Kansas 5955, Rep 897243, United Kansas 964, Unaffiliated 575983, Grand Total 1999608)."
KS,20,county,Pottawatomie,20149,18798,2025-11-01,"high - all 105 counties extracted via PDF text positional parsing; every county's party components sum exactly to its county total, and the aggregated statewide party totals and grand total match the report's printed Grand Total line exactly (Dem 495691, Lib 23772, No Labels Kansas 5955, Rep 897243, United Kansas 964, Unaffiliated 575983, Grand Total 1999608)."
KS,20,county,Pratt,20151,5702,2025-11-01,"high - all 105 counties extracted via PDF text positional parsing; every county's party components sum exactly to its county total, and the aggregated statewide party totals and grand total match the report's printed Grand Total line exactly (Dem 495691, Lib 23772, No Labels Kansas 5955, Rep 897243, United Kansas 964, Unaffiliated 575983, Grand Total 1999608)."
KS,20,county,Rawlins,20153,1988,2025-11-01,"high - all 105 counties extracted via PDF text positional parsing; every county's party components sum exactly to its county total, and the aggregated statewide party totals and grand total match the report's printed Grand Total line exactly (Dem 495691, Lib 23772, No Labels Kansas 5955, Rep 897243, United Kansas 964, Unaffiliated 575983, Grand Total 1999608)."
KS,20,county,Reno,20155,43118,2025-11-01,"high - all 105 counties extracted via PDF text positional parsing; every county's party components sum exactly to its county total, and the aggregated statewide party totals and grand total match the report's printed Grand Total line exactly (Dem 495691, Lib 23772, No Labels Kansas 5955, Rep 897243, United Kansas 964, Unaffiliated 575983, Grand Total 1999608)."
KS,20,county,Republic,20157,3543,2025-11-01,"high - all 105 counties extracted via PDF text positional parsing; every county's party components sum exactly to its county total, and the aggregated statewide party totals and grand total match the report's printed Grand Total line exactly (Dem 495691, Lib 23772, No Labels Kansas 5955, Rep 897243, United Kansas 964, Unaffiliated 575983, Grand Total 1999608)."
KS,20,county,Rice,20159,6685,2025-11-01,"high - all 105 counties extracted via PDF text positional parsing; every county's party components sum exactly to its county total, and the aggregated statewide party totals and grand total match the report's printed Grand Total line exactly (Dem 495691, Lib 23772, No Labels Kansas 5955, Rep 897243, United Kansas 964, Unaffiliated 575983, Grand Total 1999608)."
KS,20,county,Riley,20161,39653,2025-11-01,"high - all 105 counties extracted via PDF text positional parsing; every county's party components sum exactly to its county total, and the aggregated statewide party totals and grand total match the report's printed Grand Total line exactly (Dem 495691, Lib 23772, No Labels Kansas 5955, Rep 897243, United Kansas 964, Unaffiliated 575983, Grand Total 1999608)."
KS,20,county,Rooks,20163,3596,2025-11-01,"high - all 105 counties extracted via PDF text positional parsing; every county's party components sum exactly to its county total, and the aggregated statewide party totals and grand total match the report's printed Grand Total line exactly (Dem 495691, Lib 23772, No Labels Kansas 5955, Rep 897243, United Kansas 964, Unaffiliated 575983, Grand Total 1999608)."
KS,20,county,Rush,20165,2176,2025-11-01,"high - all 105 counties extracted via PDF text positional parsing; every county's party components sum exactly to its county total, and the aggregated statewide party totals and grand total match the report's printed Grand Total line exactly (Dem 495691, Lib 23772, No Labels Kansas 5955, Rep 897243, United Kansas 964, Unaffiliated 575983, Grand Total 1999608)."
KS,20,county,Russell,20167,4591,2025-11-01,"high - all 105 counties extracted via PDF text positional parsing; every county's party components sum exactly to its county total, and the aggregated statewide party totals and grand total match the report's printed Grand Total line exactly (Dem 495691, Lib 23772, No Labels Kansas 5955, Rep 897243, United Kansas 964, Unaffiliated 575983, Grand Total 1999608)."
KS,20,county,Saline,20169,37719,2025-11-01,"high - all 105 counties extracted via PDF text positional parsing; every county's party components sum exactly to its county total, and the aggregated statewide party totals and grand total match the report's printed Grand Total line exactly (Dem 495691, Lib 23772, No Labels Kansas 5955, Rep 897243, United Kansas 964, Unaffiliated 575983, Grand Total 1999608)."
KS,20,county,Scott,20171,3491,2025-11-01,"high - all 105 counties extracted via PDF text positional parsing; every county's party components sum exactly to its county total, and the aggregated statewide party totals and grand total match the report's printed Grand Total line exactly (Dem 495691, Lib 23772, No Labels Kansas 5955, Rep 897243, United Kansas 964, Unaffiliated 575983, Grand Total 1999608)."
KS,20,county,Sedgwick,20173,343902,2025-11-01,"high - all 105 counties extracted via PDF text positional parsing; every county's party components sum exactly to its county total, and the aggregated statewide party totals and grand total match the report's printed Grand Total line exactly (Dem 495691, Lib 23772, No Labels Kansas 5955, Rep 897243, United Kansas 964, Unaffiliated 575983, Grand Total 1999608)."
KS,20,county,Seward,20175,11267,2025-11-01,"high - all 105 counties extracted via PDF text positional parsing; every county's party components sum exactly to its county total, and the aggregated statewide party totals and grand total match the report's printed Grand Total line exactly (Dem 495691, Lib 23772, No Labels Kansas 5955, Rep 897243, United Kansas 964, Unaffiliated 575983, Grand Total 1999608)."
KS,20,county,Shawnee,20177,115978,2025-11-01,"high - all 105 counties extracted via PDF text positional parsing; every county's party components sum exactly to its county total, and the aggregated statewide party totals and grand total match the report's printed Grand Total line exactly (Dem 495691, Lib 23772, No Labels Kansas 5955, Rep 897243, United Kansas 964, Unaffiliated 575983, Grand Total 1999608)."
KS,20,county,Sheridan,20179,1857,2025-11-01,"high - all 105 counties extracted via PDF text positional parsing; every county's party components sum exactly to its county total, and the aggregated statewide party totals and grand total match the report's printed Grand Total line exactly (Dem 495691, Lib 23772, No Labels Kansas 5955, Rep 897243, United Kansas 964, Unaffiliated 575983, Grand Total 1999608)."
KS,20,county,Sherman,20181,3621,2025-11-01,"high - all 105 counties extracted via PDF text positional parsing; every county's party components sum exactly to its county total, and the aggregated statewide party totals and grand total match the report's printed Grand Total line exactly (Dem 495691, Lib 23772, No Labels Kansas 5955, Rep 897243, United Kansas 964, Unaffiliated 575983, Grand Total 1999608)."
KS,20,county,Smith,20183,2835,2025-11-01,"high - all 105 counties extracted via PDF text positional parsing; every county's party components sum exactly to its county total, and the aggregated statewide party totals and grand total match the report's printed Grand Total line exactly (Dem 495691, Lib 23772, No Labels Kansas 5955, Rep 897243, United Kansas 964, Unaffiliated 575983, Grand Total 1999608)."
KS,20,county,Stafford,20185,2667,2025-11-01,"high - all 105 counties extracted via PDF text positional parsing; every county's party components sum exactly to its county total, and the aggregated statewide party totals and grand total match the report's printed Grand Total line exactly (Dem 495691, Lib 23772, No Labels Kansas 5955, Rep 897243, United Kansas 964, Unaffiliated 575983, Grand Total 1999608)."
KS,20,county,Stanton,20187,1028,2025-11-01,"high - all 105 counties extracted via PDF text positional parsing; every county's party components sum exactly to its county total, and the aggregated statewide party totals and grand total match the report's printed Grand Total line exactly (Dem 495691, Lib 23772, No Labels Kansas 5955, Rep 897243, United Kansas 964, Unaffiliated 575983, Grand Total 1999608)."
KS,20,county,Stevens,20189,3327,2025-11-01,"high - all 105 counties extracted via PDF text positional parsing; every county's party components sum exactly to its county total, and the aggregated statewide party totals and grand total match the report's printed Grand Total line exactly (Dem 495691, Lib 23772, No Labels Kansas 5955, Rep 897243, United Kansas 964, Unaffiliated 575983, Grand Total 1999608)."
KS,20,county,Sumner,20191,15566,2025-11-01,"high - all 105 counties extracted via PDF text positional parsing; every county's party components sum exactly to its county total, and the aggregated statewide party totals and grand total match the report's printed Grand Total line exactly (Dem 495691, Lib 23772, No Labels Kansas 5955, Rep 897243, United Kansas 964, Unaffiliated 575983, Grand Total 1999608)."
KS,20,county,Thomas,20193,5476,2025-11-01,"high - all 105 counties extracted via PDF text positional parsing; every county's party components sum exactly to its county total, and the aggregated statewide party totals and grand total match the report's printed Grand Total line exactly (Dem 495691, Lib 23772, No Labels Kansas 5955, Rep 897243, United Kansas 964, Unaffiliated 575983, Grand Total 1999608)."
KS,20,county,Trego,20195,2048,2025-11-01,"high - all 105 counties extracted via PDF text positional parsing; every county's party components sum exactly to its county total, and the aggregated statewide party totals and grand total match the report's printed Grand Total line exactly (Dem 495691, Lib 23772, No Labels Kansas 5955, Rep 897243, United Kansas 964, Unaffiliated 575983, Grand Total 1999608)."
KS,20,county,Wabaunsee,20197,5362,2025-11-01,"high - all 105 counties extracted via PDF text positional parsing; every county's party components sum exactly to its county total, and the aggregated statewide party totals and grand total match the report's printed Grand Total line exactly (Dem 495691, Lib 23772, No Labels Kansas 5955, Rep 897243, United Kansas 964, Unaffiliated 575983, Grand Total 1999608)."
KS,20,county,Wallace,20199,1159,2025-11-01,"high - all 105 counties extracted via PDF text positional parsing; every county's party components sum exactly to its county total, and the aggregated statewide party totals and grand total match the report's printed Grand Total line exactly (Dem 495691, Lib 23772, No Labels Kansas 5955, Rep 897243, United Kansas 964, Unaffiliated 575983, Grand Total 1999608)."
KS,20,county,Washington,20201,3606,2025-11-01,"high - all 105 counties extracted via PDF text positional parsing; every county's party components sum exactly to its county total, and the aggregated statewide party totals and grand total match the report's printed Grand Total line exactly (Dem 495691, Lib 23772, No Labels Kansas 5955, Rep 897243, United Kansas 964, Unaffiliated 575983, Grand Total 1999608)."
KS,20,county,Wichita,20203,1239,2025-11-01,"high - all 105 counties extracted via PDF text positional parsing; every county's party components sum exactly to its county total, and the aggregated statewide party totals and grand total match the report's printed Grand Total line exactly (Dem 495691, Lib 23772, No Labels Kansas 5955, Rep 897243, United Kansas 964, Unaffiliated 575983, Grand Total 1999608)."
KS,20,county,Wilson,20205,5073,2025-11-01,"high - all 105 counties extracted via PDF text positional parsing; every county's party components sum exactly to its county total, and the aggregated statewide party totals and grand total match the report's printed Grand Total line exactly (Dem 495691, Lib 23772, No Labels Kansas 5955, Rep 897243, United Kansas 964, Unaffiliated 575983, Grand Total 1999608)."
KS,20,county,Woodson,20207,2252,2025-11-01,"high - all 105 counties extracted via PDF text positional parsing; every county's party components sum exactly to its county total, and the aggregated statewide party totals and grand total match the report's printed Grand Total line exactly (Dem 495691, Lib 23772, No Labels Kansas 5955, Rep 897243, United Kansas 964, Unaffiliated 575983, Grand Total 1999608)."
KS,20,county,Wyandotte,20209,92298,2025-11-01,"high - all 105 counties extracted via PDF text positional parsing; every county's party components sum exactly to its county total, and the aggregated statewide party totals and grand total match the report's printed Grand Total line exactly (Dem 495691, Lib 23772, No Labels Kansas 5955, Rep 897243, United Kansas 964, Unaffiliated 575983, Grand Total 1999608)."
KY,21,county,Adair,21001,13820,2026-06-01,"high — extracted directly from the official KY State Board of Elections county-level PDF; all 120 counties present; per-county party sums (Dem+Rep+Other) equal each county's total; county sums equal the PDF's statewide totals line exactly (Dem 1,371,232 + Rep 1,614,657 + Other 379,659 = 3,365,548)."
KY,21,county,Allen,21003,15151,2026-06-01,"high — extracted directly from the official KY State Board of Elections county-level PDF; all 120 counties present; per-county party sums (Dem+Rep+Other) equal each county's total; county sums equal the PDF's statewide totals line exactly (Dem 1,371,232 + Rep 1,614,657 + Other 379,659 = 3,365,548)."
KY,21,county,Anderson,21005,18576,2026-06-01,"high — extracted directly from the official KY State Board of Elections county-level PDF; all 120 counties present; per-county party sums (Dem+Rep+Other) equal each county's total; county sums equal the PDF's statewide totals line exactly (Dem 1,371,232 + Rep 1,614,657 + Other 379,659 = 3,365,548)."
KY,21,county,Ballard,21007,5981,2026-06-01,"high — extracted directly from the official KY State Board of Elections county-level PDF; all 120 counties present; per-county party sums (Dem+Rep+Other) equal each county's total; county sums equal the PDF's statewide totals line exactly (Dem 1,371,232 + Rep 1,614,657 + Other 379,659 = 3,365,548)."
KY,21,county,Barren,21009,31635,2026-06-01,"high — extracted directly from the official KY State Board of Elections county-level PDF; all 120 counties present; per-county party sums (Dem+Rep+Other) equal each county's total; county sums equal the PDF's statewide totals line exactly (Dem 1,371,232 + Rep 1,614,657 + Other 379,659 = 3,365,548)."
KY,21,county,Bath,21011,9279,2026-06-01,"high — extracted directly from the official KY State Board of Elections county-level PDF; all 120 counties present; per-county party sums (Dem+Rep+Other) equal each county's total; county sums equal the PDF's statewide totals line exactly (Dem 1,371,232 + Rep 1,614,657 + Other 379,659 = 3,365,548)."
KY,21,county,Bell,21013,18329,2026-06-01,"high — extracted directly from the official KY State Board of Elections county-level PDF; all 120 counties present; per-county party sums (Dem+Rep+Other) equal each county's total; county sums equal the PDF's statewide totals line exactly (Dem 1,371,232 + Rep 1,614,657 + Other 379,659 = 3,365,548)."
KY,21,county,Boone,21015,104815,2026-06-01,"high — extracted directly from the official KY State Board of Elections county-level PDF; all 120 counties present; per-county party sums (Dem+Rep+Other) equal each county's total; county sums equal the PDF's statewide totals line exactly (Dem 1,371,232 + Rep 1,614,657 + Other 379,659 = 3,365,548)."
KY,21,county,Bourbon,21017,14447,2026-06-01,"high — extracted directly from the official KY State Board of Elections county-level PDF; all 120 counties present; per-county party sums (Dem+Rep+Other) equal each county's total; county sums equal the PDF's statewide totals line exactly (Dem 1,371,232 + Rep 1,614,657 + Other 379,659 = 3,365,548)."
KY,21,county,Boyd,21019,34994,2026-06-01,"high — extracted directly from the official KY State Board of Elections county-level PDF; all 120 counties present; per-county party sums (Dem+Rep+Other) equal each county's total; county sums equal the PDF's statewide totals line exactly (Dem 1,371,232 + Rep 1,614,657 + Other 379,659 = 3,365,548)."
KY,21,county,Boyle,21021,22124,2026-06-01,"high — extracted directly from the official KY State Board of Elections county-level PDF; all 120 counties present; per-county party sums (Dem+Rep+Other) equal each county's total; county sums equal the PDF's statewide totals line exactly (Dem 1,371,232 + Rep 1,614,657 + Other 379,659 = 3,365,548)."
KY,21,county,Bracken,21023,6454,2026-06-01,"high — extracted directly from the official KY State Board of Elections county-level PDF; all 120 counties present; per-county party sums (Dem+Rep+Other) equal each county's total; county sums equal the PDF's statewide totals line exactly (Dem 1,371,232 + Rep 1,614,657 + Other 379,659 = 3,365,548)."
KY,21,county,Breathitt,21025,9729,2026-06-01,"high — extracted directly from the official KY State Board of Elections county-level PDF; all 120 counties present; per-county party sums (Dem+Rep+Other) equal each county's total; county sums equal the PDF's statewide totals line exactly (Dem 1,371,232 + Rep 1,614,657 + Other 379,659 = 3,365,548)."
KY,21,county,Breckinridge,21027,15496,2026-06-01,"high — extracted directly from the official KY State Board of Elections county-level PDF; all 120 counties present; per-county party sums (Dem+Rep+Other) equal each county's total; county sums equal the PDF's statewide totals line exactly (Dem 1,371,232 + Rep 1,614,657 + Other 379,659 = 3,365,548)."
KY,21,county,Bullitt,21029,64685,2026-06-01,"high — extracted directly from the official KY State Board of Elections county-level PDF; all 120 counties present; per-county party sums (Dem+Rep+Other) equal each county's total; county sums equal the PDF's statewide totals line exactly (Dem 1,371,232 + Rep 1,614,657 + Other 379,659 = 3,365,548)."
KY,21,county,Butler,21031,9032,2026-06-01,"high — extracted directly from the official KY State Board of Elections county-level PDF; all 120 counties present; per-county party sums (Dem+Rep+Other) equal each county's total; county sums equal the PDF's statewide totals line exactly (Dem 1,371,232 + Rep 1,614,657 + Other 379,659 = 3,365,548)."
KY,21,county,Caldwell,21033,9420,2026-06-01,"high — extracted directly from the official KY State Board of Elections county-level PDF; all 120 counties present; per-county party sums (Dem+Rep+Other) equal each county's total; county sums equal the PDF's statewide totals line exactly (Dem 1,371,232 + Rep 1,614,657 + Other 379,659 = 3,365,548)."
KY,21,county,Calloway,21035,27847,2026-06-01,"high — extracted directly from the official KY State Board of Elections county-level PDF; all 120 counties present; per-county party sums (Dem+Rep+Other) equal each county's total; county sums equal the PDF's statewide totals line exactly (Dem 1,371,232 + Rep 1,614,657 + Other 379,659 = 3,365,548)."
KY,21,county,Campbell,21037,72580,2026-06-01,"high — extracted directly from the official KY State Board of Elections county-level PDF; all 120 counties present; per-county party sums (Dem+Rep+Other) equal each county's total; county sums equal the PDF's statewide totals line exactly (Dem 1,371,232 + Rep 1,614,657 + Other 379,659 = 3,365,548)."
KY,21,county,Carlisle,21039,3665,2026-06-01,"high — extracted directly from the official KY State Board of Elections county-level PDF; all 120 counties present; per-county party sums (Dem+Rep+Other) equal each county's total; county sums equal the PDF's statewide totals line exactly (Dem 1,371,232 + Rep 1,614,657 + Other 379,659 = 3,365,548)."
KY,21,county,Carroll,21041,7658,2026-06-01,"high — extracted directly from the official KY State Board of Elections county-level PDF; all 120 counties present; per-county party sums (Dem+Rep+Other) equal each county's total; county sums equal the PDF's statewide totals line exactly (Dem 1,371,232 + Rep 1,614,657 + Other 379,659 = 3,365,548)."
KY,21,county,Carter,21043,18736,2026-06-01,"high — extracted directly from the official KY State Board of Elections county-level PDF; all 120 counties present; per-county party sums (Dem+Rep+Other) equal each county's total; county sums equal the PDF's statewide totals line exactly (Dem 1,371,232 + Rep 1,614,657 + Other 379,659 = 3,365,548)."
KY,21,county,Casey,21045,10889,2026-06-01,"high — extracted directly from the official KY State Board of Elections county-level PDF; all 120 counties present; per-county party sums (Dem+Rep+Other) equal each county's total; county sums equal the PDF's statewide totals line exactly (Dem 1,371,232 + Rep 1,614,657 + Other 379,659 = 3,365,548)."
KY,21,county,Christian,21047,45795,2026-06-01,"high — extracted directly from the official KY State Board of Elections county-level PDF; all 120 counties present; per-county party sums (Dem+Rep+Other) equal each county's total; county sums equal the PDF's statewide totals line exactly (Dem 1,371,232 + Rep 1,614,657 + Other 379,659 = 3,365,548)."
KY,21,county,Clark,21049,29011,2026-06-01,"high — extracted directly from the official KY State Board of Elections county-level PDF; all 120 counties present; per-county party sums (Dem+Rep+Other) equal each county's total; county sums equal the PDF's statewide totals line exactly (Dem 1,371,232 + Rep 1,614,657 + Other 379,659 = 3,365,548)."
KY,21,county,Clay,21051,13578,2026-06-01,"high — extracted directly from the official KY State Board of Elections county-level PDF; all 120 counties present; per-county party sums (Dem+Rep+Other) equal each county's total; county sums equal the PDF's statewide totals line exactly (Dem 1,371,232 + Rep 1,614,657 + Other 379,659 = 3,365,548)."
KY,21,county,Clinton,21053,7370,2026-06-01,"high — extracted directly from the official KY State Board of Elections county-level PDF; all 120 counties present; per-county party sums (Dem+Rep+Other) equal each county's total; county sums equal the PDF's statewide totals line exactly (Dem 1,371,232 + Rep 1,614,657 + Other 379,659 = 3,365,548)."
KY,21,county,Crittenden,21055,6408,2026-06-01,"high — extracted directly from the official KY State Board of Elections county-level PDF; all 120 counties present; per-county party sums (Dem+Rep+Other) equal each county's total; county sums equal the PDF's statewide totals line exactly (Dem 1,371,232 + Rep 1,614,657 + Other 379,659 = 3,365,548)."
KY,21,county,Cumberland,21057,5287,2026-06-01,"high — extracted directly from the official KY State Board of Elections county-level PDF; all 120 counties present; per-county party sums (Dem+Rep+Other) equal each county's total; county sums equal the PDF's statewide totals line exactly (Dem 1,371,232 + Rep 1,614,657 + Other 379,659 = 3,365,548)."
KY,21,county,Daviess,21059,75456,2026-06-01,"high — extracted directly from the official KY State Board of Elections county-level PDF; all 120 counties present; per-county party sums (Dem+Rep+Other) equal each county's total; county sums equal the PDF's statewide totals line exactly (Dem 1,371,232 + Rep 1,614,657 + Other 379,659 = 3,365,548)."
KY,21,county,Edmonson,21061,9831,2026-06-01,"high — extracted directly from the official KY State Board of Elections county-level PDF; all 120 counties present; per-county party sums (Dem+Rep+Other) equal each county's total; county sums equal the PDF's statewide totals line exactly (Dem 1,371,232 + Rep 1,614,657 + Other 379,659 = 3,365,548)."
KY,21,county,Elliott,21063,4726,2026-06-01,"high — extracted directly from the official KY State Board of Elections county-level PDF; all 120 counties present; per-county party sums (Dem+Rep+Other) equal each county's total; county sums equal the PDF's statewide totals line exactly (Dem 1,371,232 + Rep 1,614,657 + Other 379,659 = 3,365,548)."
KY,21,county,Estill,21065,10386,2026-06-01,"high — extracted directly from the official KY State Board of Elections county-level PDF; all 120 counties present; per-county party sums (Dem+Rep+Other) equal each county's total; county sums equal the PDF's statewide totals line exactly (Dem 1,371,232 + Rep 1,614,657 + Other 379,659 = 3,365,548)."
KY,21,county,Fayette,21067,224626,2026-06-01,"high — extracted directly from the official KY State Board of Elections county-level PDF; all 120 counties present; per-county party sums (Dem+Rep+Other) equal each county's total; county sums equal the PDF's statewide totals line exactly (Dem 1,371,232 + Rep 1,614,657 + Other 379,659 = 3,365,548)."
KY,21,county,Fleming,21069,10890,2026-06-01,"high — extracted directly from the official KY State Board of Elections county-level PDF; all 120 counties present; per-county party sums (Dem+Rep+Other) equal each county's total; county sums equal the PDF's statewide totals line exactly (Dem 1,371,232 + Rep 1,614,657 + Other 379,659 = 3,365,548)."
KY,21,county,Floyd,21071,26670,2026-06-01,"high — extracted directly from the official KY State Board of Elections county-level PDF; all 120 counties present; per-county party sums (Dem+Rep+Other) equal each county's total; county sums equal the PDF's statewide totals line exactly (Dem 1,371,232 + Rep 1,614,657 + Other 379,659 = 3,365,548)."
KY,21,county,Franklin,21073,38914,2026-06-01,"high — extracted directly from the official KY State Board of Elections county-level PDF; all 120 counties present; per-county party sums (Dem+Rep+Other) equal each county's total; county sums equal the PDF's statewide totals line exactly (Dem 1,371,232 + Rep 1,614,657 + Other 379,659 = 3,365,548)."
KY,21,county,Fulton,21075,4907,2026-06-01,"high — extracted directly from the official KY State Board of Elections county-level PDF; all 120 counties present; per-county party sums (Dem+Rep+Other) equal each county's total; county sums equal the PDF's statewide totals line exactly (Dem 1,371,232 + Rep 1,614,657 + Other 379,659 = 3,365,548)."
KY,21,county,Gallatin,21077,6336,2026-06-01,"high — extracted directly from the official KY State Board of Elections county-level PDF; all 120 counties present; per-county party sums (Dem+Rep+Other) equal each county's total; county sums equal the PDF's statewide totals line exactly (Dem 1,371,232 + Rep 1,614,657 + Other 379,659 = 3,365,548)."
KY,21,county,Garrard,21079,13487,2026-06-01,"high — extracted directly from the official KY State Board of Elections county-level PDF; all 120 counties present; per-county party sums (Dem+Rep+Other) equal each county's total; county sums equal the PDF's statewide totals line exactly (Dem 1,371,232 + Rep 1,614,657 + Other 379,659 = 3,365,548)."
KY,21,county,Grant,21081,18030,2026-06-01,"high — extracted directly from the official KY State Board of Elections county-level PDF; all 120 counties present; per-county party sums (Dem+Rep+Other) equal each county's total; county sums equal the PDF's statewide totals line exactly (Dem 1,371,232 + Rep 1,614,657 + Other 379,659 = 3,365,548)."
KY,21,county,Graves,21083,26724,2026-06-01,"high — extracted directly from the official KY State Board of Elections county-level PDF; all 120 counties present; per-county party sums (Dem+Rep+Other) equal each county's total; county sums equal the PDF's statewide totals line exactly (Dem 1,371,232 + Rep 1,614,657 + Other 379,659 = 3,365,548)."
KY,21,county,Grayson,21085,19157,2026-06-01,"high — extracted directly from the official KY State Board of Elections county-level PDF; all 120 counties present; per-county party sums (Dem+Rep+Other) equal each county's total; county sums equal the PDF's statewide totals line exactly (Dem 1,371,232 + Rep 1,614,657 + Other 379,659 = 3,365,548)."
KY,21,county,Green,21087,8503,2026-06-01,"high — extracted directly from the official KY State Board of Elections county-level PDF; all 120 counties present; per-county party sums (Dem+Rep+Other) equal each county's total; county sums equal the PDF's statewide totals line exactly (Dem 1,371,232 + Rep 1,614,657 + Other 379,659 = 3,365,548)."
KY,21,county,Greenup,21089,28050,2026-06-01,"high — extracted directly from the official KY State Board of Elections county-level PDF; all 120 counties present; per-county party sums (Dem+Rep+Other) equal each county's total; county sums equal the PDF's statewide totals line exactly (Dem 1,371,232 + Rep 1,614,657 + Other 379,659 = 3,365,548)."
KY,21,county,Hancock,21091,6787,2026-06-01,"high — extracted directly from the official KY State Board of Elections county-level PDF; all 120 counties present; per-county party sums (Dem+Rep+Other) equal each county's total; county sums equal the PDF's statewide totals line exactly (Dem 1,371,232 + Rep 1,614,657 + Other 379,659 = 3,365,548)."
KY,21,county,Hardin,21093,82164,2026-06-01,"high — extracted directly from the official KY State Board of Elections county-level PDF; all 120 counties present; per-county party sums (Dem+Rep+Other) equal each county's total; county sums equal the PDF's statewide totals line exactly (Dem 1,371,232 + Rep 1,614,657 + Other 379,659 = 3,365,548)."
KY,21,county,Harlan,21095,18179,2026-06-01,"high — extracted directly from the official KY State Board of Elections county-level PDF; all 120 counties present; per-county party sums (Dem+Rep+Other) equal each county's total; county sums equal the PDF's statewide totals line exactly (Dem 1,371,232 + Rep 1,614,657 + Other 379,659 = 3,365,548)."
KY,21,county,Harrison,21097,14181,2026-06-01,"high — extracted directly from the official KY State Board of Elections county-level PDF; all 120 counties present; per-county party sums (Dem+Rep+Other) equal each county's total; county sums equal the PDF's statewide totals line exactly (Dem 1,371,232 + Rep 1,614,657 + Other 379,659 = 3,365,548)."
KY,21,county,Hart,21099,13520,2026-06-01,"high — extracted directly from the official KY State Board of Elections county-level PDF; all 120 counties present; per-county party sums (Dem+Rep+Other) equal each county's total; county sums equal the PDF's statewide totals line exactly (Dem 1,371,232 + Rep 1,614,657 + Other 379,659 = 3,365,548)."
KY,21,county,Henderson,21101,33425,2026-06-01,"high — extracted directly from the official KY State Board of Elections county-level PDF; all 120 counties present; per-county party sums (Dem+Rep+Other) equal each county's total; county sums equal the PDF's statewide totals line exactly (Dem 1,371,232 + Rep 1,614,657 + Other 379,659 = 3,365,548)."
KY,21,county,Henry,21103,12319,2026-06-01,"high — extracted directly from the official KY State Board of Elections county-level PDF; all 120 counties present; per-county party sums (Dem+Rep+Other) equal each county's total; county sums equal the PDF's statewide totals line exactly (Dem 1,371,232 + Rep 1,614,657 + Other 379,659 = 3,365,548)."
KY,21,county,Hickman,21105,3268,2026-06-01,"high — extracted directly from the official KY State Board of Elections county-level PDF; all 120 counties present; per-county party sums (Dem+Rep+Other) equal each county's total; county sums equal the PDF's statewide totals line exactly (Dem 1,371,232 + Rep 1,614,657 + Other 379,659 = 3,365,548)."
KY,21,county,Hopkins,21107,32751,2026-06-01,"high — extracted directly from the official KY State Board of Elections county-level PDF; all 120 counties present; per-county party sums (Dem+Rep+Other) equal each county's total; county sums equal the PDF's statewide totals line exactly (Dem 1,371,232 + Rep 1,614,657 + Other 379,659 = 3,365,548)."
KY,21,county,Jackson,21109,9927,2026-06-01,"high — extracted directly from the official KY State Board of Elections county-level PDF; all 120 counties present; per-county party sums (Dem+Rep+Other) equal each county's total; county sums equal the PDF's statewide totals line exactly (Dem 1,371,232 + Rep 1,614,657 + Other 379,659 = 3,365,548)."
KY,21,county,Jefferson,21111,584215,2026-06-01,"high — extracted directly from the official KY State Board of Elections county-level PDF; all 120 counties present; per-county party sums (Dem+Rep+Other) equal each county's total; county sums equal the PDF's statewide totals line exactly (Dem 1,371,232 + Rep 1,614,657 + Other 379,659 = 3,365,548)."
KY,21,county,Jessamine,21113,40630,2026-06-01,"high — extracted directly from the official KY State Board of Elections county-level PDF; all 120 counties present; per-county party sums (Dem+Rep+Other) equal each county's total; county sums equal the PDF's statewide totals line exactly (Dem 1,371,232 + Rep 1,614,657 + Other 379,659 = 3,365,548)."
KY,21,county,Johnson,21115,16769,2026-06-01,"high — extracted directly from the official KY State Board of Elections county-level PDF; all 120 counties present; per-county party sums (Dem+Rep+Other) equal each county's total; county sums equal the PDF's statewide totals line exactly (Dem 1,371,232 + Rep 1,614,657 + Other 379,659 = 3,365,548)."
KY,21,county,Kenton,21117,148897,2026-06-01,"high — extracted directly from the official KY State Board of Elections county-level PDF; all 120 counties present; per-county party sums (Dem+Rep+Other) equal each county's total; county sums equal the PDF's statewide totals line exactly (Dem 1,371,232 + Rep 1,614,657 + Other 379,659 = 3,365,548)."
KY,21,county,Knott,21119,10184,2026-06-01,"high — extracted directly from the official KY State Board of Elections county-level PDF; all 120 counties present; per-county party sums (Dem+Rep+Other) equal each county's total; county sums equal the PDF's statewide totals line exactly (Dem 1,371,232 + Rep 1,614,657 + Other 379,659 = 3,365,548)."
KY,21,county,Knox,21121,23082,2026-06-01,"high — extracted directly from the official KY State Board of Elections county-level PDF; all 120 counties present; per-county party sums (Dem+Rep+Other) equal each county's total; county sums equal the PDF's statewide totals line exactly (Dem 1,371,232 + Rep 1,614,657 + Other 379,659 = 3,365,548)."
KY,21,county,LaRue,21123,11685,2026-06-01,"high — extracted directly from the official KY State Board of Elections county-level PDF; all 120 counties present; per-county party sums (Dem+Rep+Other) equal each county's total; county sums equal the PDF's statewide totals line exactly (Dem 1,371,232 + Rep 1,614,657 + Other 379,659 = 3,365,548)."
KY,21,county,Laurel,21125,47044,2026-06-01,"high — extracted directly from the official KY State Board of Elections county-level PDF; all 120 counties present; per-county party sums (Dem+Rep+Other) equal each county's total; county sums equal the PDF's statewide totals line exactly (Dem 1,371,232 + Rep 1,614,657 + Other 379,659 = 3,365,548)."
KY,21,county,Lawrence,21127,11494,2026-06-01,"high — extracted directly from the official KY State Board of Elections county-level PDF; all 120 counties present; per-county party sums (Dem+Rep+Other) equal each county's total; county sums equal the PDF's statewide totals line exactly (Dem 1,371,232 + Rep 1,614,657 + Other 379,659 = 3,365,548)."
KY,21,county,Lee,21129,4806,2026-06-01,"high — extracted directly from the official KY State Board of Elections county-level PDF; all 120 counties present; per-county party sums (Dem+Rep+Other) equal each county's total; county sums equal the PDF's statewide totals line exactly (Dem 1,371,232 + Rep 1,614,657 + Other 379,659 = 3,365,548)."
KY,21,county,Leslie,21131,7236,2026-06-01,"high — extracted directly from the official KY State Board of Elections county-level PDF; all 120 counties present; per-county party sums (Dem+Rep+Other) equal each county's total; county sums equal the PDF's statewide totals line exactly (Dem 1,371,232 + Rep 1,614,657 + Other 379,659 = 3,365,548)."
KY,21,county,Letcher,21133,14746,2026-06-01,"high — extracted directly from the official KY State Board of Elections county-level PDF; all 120 counties present; per-county party sums (Dem+Rep+Other) equal each county's total; county sums equal the PDF's statewide totals line exactly (Dem 1,371,232 + Rep 1,614,657 + Other 379,659 = 3,365,548)."
KY,21,county,Lewis,21135,9845,2026-06-01,"high — extracted directly from the official KY State Board of Elections county-level PDF; all 120 counties present; per-county party sums (Dem+Rep+Other) equal each county's total; county sums equal the PDF's statewide totals line exactly (Dem 1,371,232 + Rep 1,614,657 + Other 379,659 = 3,365,548)."
KY,21,county,Lincoln,21137,18188,2026-06-01,"high — extracted directly from the official KY State Board of Elections county-level PDF; all 120 counties present; per-county party sums (Dem+Rep+Other) equal each county's total; county sums equal the PDF's statewide totals line exactly (Dem 1,371,232 + Rep 1,614,657 + Other 379,659 = 3,365,548)."
KY,21,county,Livingston,21139,7352,2026-06-01,"high — extracted directly from the official KY State Board of Elections county-level PDF; all 120 counties present; per-county party sums (Dem+Rep+Other) equal each county's total; county sums equal the PDF's statewide totals line exactly (Dem 1,371,232 + Rep 1,614,657 + Other 379,659 = 3,365,548)."
KY,21,county,Logan,21141,19489,2026-06-01,"high — extracted directly from the official KY State Board of Elections county-level PDF; all 120 counties present; per-county party sums (Dem+Rep+Other) equal each county's total; county sums equal the PDF's statewide totals line exactly (Dem 1,371,232 + Rep 1,614,657 + Other 379,659 = 3,365,548)."
KY,21,county,Lyon,21143,6332,2026-06-01,"high — extracted directly from the official KY State Board of Elections county-level PDF; all 120 counties present; per-county party sums (Dem+Rep+Other) equal each county's total; county sums equal the PDF's statewide totals line exactly (Dem 1,371,232 + Rep 1,614,657 + Other 379,659 = 3,365,548)."
KY,21,county,McCracken,21145,59823,2026-06-01,"high — extracted directly from the official KY State Board of Elections county-level PDF; all 120 counties present; per-county party sums (Dem+Rep+Other) equal each county's total; county sums equal the PDF's statewide totals line exactly (Dem 1,371,232 + Rep 1,614,657 + Other 379,659 = 3,365,548)."
KY,21,county,McCreary,21147,10621,2026-06-01,"high — extracted directly from the official KY State Board of Elections county-level PDF; all 120 counties present; per-county party sums (Dem+Rep+Other) equal each county's total; county sums equal the PDF's statewide totals line exactly (Dem 1,371,232 + Rep 1,614,657 + Other 379,659 = 3,365,548)."
KY,21,county,McLean,21149,6633,2026-06-01,"high — extracted directly from the official KY State Board of Elections county-level PDF; all 120 counties present; per-county party sums (Dem+Rep+Other) equal each county's total; county sums equal the PDF's statewide totals line exactly (Dem 1,371,232 + Rep 1,614,657 + Other 379,659 = 3,365,548)."
KY,21,county,Madison,21151,71514,2026-06-01,"high — extracted directly from the official KY State Board of Elections county-level PDF; all 120 counties present; per-county party sums (Dem+Rep+Other) equal each county's total; county sums equal the PDF's statewide totals line exactly (Dem 1,371,232 + Rep 1,614,657 + Other 379,659 = 3,365,548)."
KY,21,county,Magoffin,21153,9067,2026-06-01,"high — extracted directly from the official KY State Board of Elections county-level PDF; all 120 counties present; per-county party sums (Dem+Rep+Other) equal each county's total; county sums equal the PDF's statewide totals line exactly (Dem 1,371,232 + Rep 1,614,657 + Other 379,659 = 3,365,548)."
KY,21,county,Marion,21155,13534,2026-06-01,"high — extracted directly from the official KY State Board of Elections county-level PDF; all 120 counties present; per-county party sums (Dem+Rep+Other) equal each county's total; county sums equal the PDF's statewide totals line exactly (Dem 1,371,232 + Rep 1,614,657 + Other 379,659 = 3,365,548)."
KY,21,county,Marshall,21157,24950,2026-06-01,"high — extracted directly from the official KY State Board of Elections county-level PDF; all 120 counties present; per-county party sums (Dem+Rep+Other) equal each county's total; county sums equal the PDF's statewide totals line exactly (Dem 1,371,232 + Rep 1,614,657 + Other 379,659 = 3,365,548)."
KY,21,county,Martin,21159,7029,2026-06-01,"high — extracted directly from the official KY State Board of Elections county-level PDF; all 120 counties present; per-county party sums (Dem+Rep+Other) equal each county's total; county sums equal the PDF's statewide totals line exactly (Dem 1,371,232 + Rep 1,614,657 + Other 379,659 = 3,365,548)."
KY,21,county,Mason,21161,12553,2026-06-01,"high — extracted directly from the official KY State Board of Elections county-level PDF; all 120 counties present; per-county party sums (Dem+Rep+Other) equal each county's total; county sums equal the PDF's statewide totals line exactly (Dem 1,371,232 + Rep 1,614,657 + Other 379,659 = 3,365,548)."
KY,21,county,Meade,21163,22314,2026-06-01,"high — extracted directly from the official KY State Board of Elections county-level PDF; all 120 counties present; per-county party sums (Dem+Rep+Other) equal each county's total; county sums equal the PDF's statewide totals line exactly (Dem 1,371,232 + Rep 1,614,657 + Other 379,659 = 3,365,548)."
KY,21,county,Menifee,21165,5184,2026-06-01,"high — extracted directly from the official KY State Board of Elections county-level PDF; all 120 counties present; per-county party sums (Dem+Rep+Other) equal each county's total; county sums equal the PDF's statewide totals line exactly (Dem 1,371,232 + Rep 1,614,657 + Other 379,659 = 3,365,548)."
KY,21,county,Mercer,21167,18293,2026-06-01,"high — extracted directly from the official KY State Board of Elections county-level PDF; all 120 counties present; per-county party sums (Dem+Rep+Other) equal each county's total; county sums equal the PDF's statewide totals line exactly (Dem 1,371,232 + Rep 1,614,657 + Other 379,659 = 3,365,548)."
KY,21,county,Metcalfe,21169,7966,2026-06-01,"high — extracted directly from the official KY State Board of Elections county-level PDF; all 120 counties present; per-county party sums (Dem+Rep+Other) equal each county's total; county sums equal the PDF's statewide totals line exactly (Dem 1,371,232 + Rep 1,614,657 + Other 379,659 = 3,365,548)."
KY,21,county,Monroe,21171,8034,2026-06-01,"high — extracted directly from the official KY State Board of Elections county-level PDF; all 120 counties present; per-county party sums (Dem+Rep+Other) equal each county's total; county sums equal the PDF's statewide totals line exactly (Dem 1,371,232 + Rep 1,614,657 + Other 379,659 = 3,365,548)."
KY,21,county,Montgomery,21173,20433,2026-06-01,"high — extracted directly from the official KY State Board of Elections county-level PDF; all 120 counties present; per-county party sums (Dem+Rep+Other) equal each county's total; county sums equal the PDF's statewide totals line exactly (Dem 1,371,232 + Rep 1,614,657 + Other 379,659 = 3,365,548)."
KY,21,county,Morgan,21175,8671,2026-06-01,"high — extracted directly from the official KY State Board of Elections county-level PDF; all 120 counties present; per-county party sums (Dem+Rep+Other) equal each county's total; county sums equal the PDF's statewide totals line exactly (Dem 1,371,232 + Rep 1,614,657 + Other 379,659 = 3,365,548)."
KY,21,county,Muhlenberg,21177,21648,2026-06-01,"high — extracted directly from the official KY State Board of Elections county-level PDF; all 120 counties present; per-county party sums (Dem+Rep+Other) equal each county's total; county sums equal the PDF's statewide totals line exactly (Dem 1,371,232 + Rep 1,614,657 + Other 379,659 = 3,365,548)."
KY,21,county,Nelson,21179,35669,2026-06-01,"high — extracted directly from the official KY State Board of Elections county-level PDF; all 120 counties present; per-county party sums (Dem+Rep+Other) equal each county's total; county sums equal the PDF's statewide totals line exactly (Dem 1,371,232 + Rep 1,614,657 + Other 379,659 = 3,365,548)."
KY,21,county,Nicholas,21181,5403,2026-06-01,"high — extracted directly from the official KY State Board of Elections county-level PDF; all 120 counties present; per-county party sums (Dem+Rep+Other) equal each county's total; county sums equal the PDF's statewide totals line exactly (Dem 1,371,232 + Rep 1,614,657 + Other 379,659 = 3,365,548)."
KY,21,county,Ohio,21183,16855,2026-06-01,"high — extracted directly from the official KY State Board of Elections county-level PDF; all 120 counties present; per-county party sums (Dem+Rep+Other) equal each county's total; county sums equal the PDF's statewide totals line exactly (Dem 1,371,232 + Rep 1,614,657 + Other 379,659 = 3,365,548)."
KY,21,county,Oldham,21185,54072,2026-06-01,"high — extracted directly from the official KY State Board of Elections county-level PDF; all 120 counties present; per-county party sums (Dem+Rep+Other) equal each county's total; county sums equal the PDF's statewide totals line exactly (Dem 1,371,232 + Rep 1,614,657 + Other 379,659 = 3,365,548)."
KY,21,county,Owen,21187,8332,2026-06-01,"high — extracted directly from the official KY State Board of Elections county-level PDF; all 120 counties present; per-county party sums (Dem+Rep+Other) equal each county's total; county sums equal the PDF's statewide totals line exactly (Dem 1,371,232 + Rep 1,614,657 + Other 379,659 = 3,365,548)."
KY,21,county,Owsley,21189,3315,2026-06-01,"high — extracted directly from the official KY State Board of Elections county-level PDF; all 120 counties present; per-county party sums (Dem+Rep+Other) equal each county's total; county sums equal the PDF's statewide totals line exactly (Dem 1,371,232 + Rep 1,614,657 + Other 379,659 = 3,365,548)."
KY,21,county,Pendleton,21191,10923,2026-06-01,"high — extracted directly from the official KY State Board of Elections county-level PDF; all 120 counties present; per-county party sums (Dem+Rep+Other) equal each county's total; county sums equal the PDF's statewide totals line exactly (Dem 1,371,232 + Rep 1,614,657 + Other 379,659 = 3,365,548)."
KY,21,county,Perry,21193,18355,2026-06-01,"high — extracted directly from the official KY State Board of Elections county-level PDF; all 120 counties present; per-county party sums (Dem+Rep+Other) equal each county's total; county sums equal the PDF's statewide totals line exactly (Dem 1,371,232 + Rep 1,614,657 + Other 379,659 = 3,365,548)."
KY,21,county,Pike,21195,42203,2026-06-01,"high — extracted directly from the official KY State Board of Elections county-level PDF; all 120 counties present; per-county party sums (Dem+Rep+Other) equal each county's total; county sums equal the PDF's statewide totals line exactly (Dem 1,371,232 + Rep 1,614,657 + Other 379,659 = 3,365,548)."
KY,21,county,Powell,21197,9524,2026-06-01,"high — extracted directly from the official KY State Board of Elections county-level PDF; all 120 counties present; per-county party sums (Dem+Rep+Other) equal each county's total; county sums equal the PDF's statewide totals line exactly (Dem 1,371,232 + Rep 1,614,657 + Other 379,659 = 3,365,548)."
KY,21,county,Pulaski,21199,50961,2026-06-01,"high — extracted directly from the official KY State Board of Elections county-level PDF; all 120 counties present; per-county party sums (Dem+Rep+Other) equal each county's total; county sums equal the PDF's statewide totals line exactly (Dem 1,371,232 + Rep 1,614,657 + Other 379,659 = 3,365,548)."
KY,21,county,Robertson,21201,1734,2026-06-01,"high — extracted directly from the official KY State Board of Elections county-level PDF; all 120 counties present; per-county party sums (Dem+Rep+Other) equal each county's total; county sums equal the PDF's statewide totals line exactly (Dem 1,371,232 + Rep 1,614,657 + Other 379,659 = 3,365,548)."
KY,21,county,Rockcastle,21203,12356,2026-06-01,"high — extracted directly from the official KY State Board of Elections county-level PDF; all 120 counties present; per-county party sums (Dem+Rep+Other) equal each county's total; county sums equal the PDF's statewide totals line exactly (Dem 1,371,232 + Rep 1,614,657 + Other 379,659 = 3,365,548)."
KY,21,county,Rowan,21205,17807,2026-06-01,"high — extracted directly from the official KY State Board of Elections county-level PDF; all 120 counties present; per-county party sums (Dem+Rep+Other) equal each county's total; county sums equal the PDF's statewide totals line exactly (Dem 1,371,232 + Rep 1,614,657 + Other 379,659 = 3,365,548)."
KY,21,county,Russell,21207,13929,2026-06-01,"high — extracted directly from the official KY State Board of Elections county-level PDF; all 120 counties present; per-county party sums (Dem+Rep+Other) equal each county's total; county sums equal the PDF's statewide totals line exactly (Dem 1,371,232 + Rep 1,614,657 + Other 379,659 = 3,365,548)."
KY,21,county,Scott,21209,45150,2026-06-01,"high — extracted directly from the official KY State Board of Elections county-level PDF; all 120 counties present; per-county party sums (Dem+Rep+Other) equal each county's total; county sums equal the PDF's statewide totals line exactly (Dem 1,371,232 + Rep 1,614,657 + Other 379,659 = 3,365,548)."
KY,21,county,Shelby,21211,38696,2026-06-01,"high — extracted directly from the official KY State Board of Elections county-level PDF; all 120 counties present; per-county party sums (Dem+Rep+Other) equal each county's total; county sums equal the PDF's statewide totals line exactly (Dem 1,371,232 + Rep 1,614,657 + Other 379,659 = 3,365,548)."
KY,21,county,Simpson,21213,14634,2026-06-01,"high — extracted directly from the official KY State Board of Elections county-level PDF; all 120 counties present; per-county party sums (Dem+Rep+Other) equal each county's total; county sums equal the PDF's statewide totals line exactly (Dem 1,371,232 + Rep 1,614,657 + Other 379,659 = 3,365,548)."
KY,21,county,Spencer,21215,16607,2026-06-01,"high — extracted directly from the official KY State Board of Elections county-level PDF; all 120 counties present; per-county party sums (Dem+Rep+Other) equal each county's total; county sums equal the PDF's statewide totals line exactly (Dem 1,371,232 + Rep 1,614,657 + Other 379,659 = 3,365,548)."
KY,21,county,Taylor,21217,18707,2026-06-01,"high — extracted directly from the official KY State Board of Elections county-level PDF; all 120 counties present; per-county party sums (Dem+Rep+Other) equal each county's total; county sums equal the PDF's statewide totals line exactly (Dem 1,371,232 + Rep 1,614,657 + Other 379,659 = 3,365,548)."
KY,21,county,Todd,21219,8188,2026-06-01,"high — extracted directly from the official KY State Board of Elections county-level PDF; all 120 counties present; per-county party sums (Dem+Rep+Other) equal each county's total; county sums equal the PDF's statewide totals line exactly (Dem 1,371,232 + Rep 1,614,657 + Other 379,659 = 3,365,548)."
KY,21,county,Trigg,21221,11368,2026-06-01,"high — extracted directly from the official KY State Board of Elections county-level PDF; all 120 counties present; per-county party sums (Dem+Rep+Other) equal each county's total; county sums equal the PDF's statewide totals line exactly (Dem 1,371,232 + Rep 1,614,657 + Other 379,659 = 3,365,548)."
KY,21,county,Trimble,21223,6974,2026-06-01,"high — extracted directly from the official KY State Board of Elections county-level PDF; all 120 counties present; per-county party sums (Dem+Rep+Other) equal each county's total; county sums equal the PDF's statewide totals line exactly (Dem 1,371,232 + Rep 1,614,657 + Other 379,659 = 3,365,548)."
KY,21,county,Union,21225,9829,2026-06-01,"high — extracted directly from the official KY State Board of Elections county-level PDF; all 120 counties present; per-county party sums (Dem+Rep+Other) equal each county's total; county sums equal the PDF's statewide totals line exactly (Dem 1,371,232 + Rep 1,614,657 + Other 379,659 = 3,365,548)."
KY,21,county,Warren,21227,92300,2026-06-01,"high — extracted directly from the official KY State Board of Elections county-level PDF; all 120 counties present; per-county party sums (Dem+Rep+Other) equal each county's total; county sums equal the PDF's statewide totals line exactly (Dem 1,371,232 + Rep 1,614,657 + Other 379,659 = 3,365,548)."
KY,21,county,Washington,21229,9399,2026-06-01,"high — extracted directly from the official KY State Board of Elections county-level PDF; all 120 counties present; per-county party sums (Dem+Rep+Other) equal each county's total; county sums equal the PDF's statewide totals line exactly (Dem 1,371,232 + Rep 1,614,657 + Other 379,659 = 3,365,548)."
KY,21,county,Wayne,21231,14413,2026-06-01,"high — extracted directly from the official KY State Board of Elections county-level PDF; all 120 counties present; per-county party sums (Dem+Rep+Other) equal each county's total; county sums equal the PDF's statewide totals line exactly (Dem 1,371,232 + Rep 1,614,657 + Other 379,659 = 3,365,548)."
KY,21,county,Webster,21233,8715,2026-06-01,"high — extracted directly from the official KY State Board of Elections county-level PDF; all 120 counties present; per-county party sums (Dem+Rep+Other) equal each county's total; county sums equal the PDF's statewide totals line exactly (Dem 1,371,232 + Rep 1,614,657 + Other 379,659 = 3,365,548)."
KY,21,county,Whitley,21235,25923,2026-06-01,"high — extracted directly from the official KY State Board of Elections county-level PDF; all 120 counties present; per-county party sums (Dem+Rep+Other) equal each county's total; county sums equal the PDF's statewide totals line exactly (Dem 1,371,232 + Rep 1,614,657 + Other 379,659 = 3,365,548)."
KY,21,county,Wolfe,21237,5193,2026-06-01,"high — extracted directly from the official KY State Board of Elections county-level PDF; all 120 counties present; per-county party sums (Dem+Rep+Other) equal each county's total; county sums equal the PDF's statewide totals line exactly (Dem 1,371,232 + Rep 1,614,657 + Other 379,659 = 3,365,548)."
KY,21,county,Woodford,21239,21748,2026-06-01,"high — extracted directly from the official KY State Board of Elections county-level PDF; all 120 counties present; per-county party sums (Dem+Rep+Other) equal each county's total; county sums equal the PDF's statewide totals line exactly (Dem 1,371,232 + Rep 1,614,657 + Other 379,659 = 3,365,548)."
LA,22,parish,Acadia,22001,37935,2026-06-01,high
LA,22,parish,Allen,22003,12308,2026-06-01,high
LA,22,parish,Ascension,22005,84661,2026-06-01,high
LA,22,parish,Assumption,22007,13920,2026-06-01,high
LA,22,parish,Avoyelles,22009,23024,2026-06-01,high
LA,22,parish,Beauregard,22011,23358,2026-06-01,high
LA,22,parish,Bienville,22013,8723,2026-06-01,high
LA,22,parish,Bossier,22015,76276,2026-06-01,high
LA,22,parish,Caddo,22017,151469,2026-06-01,high
LA,22,parish,Calcasieu,22019,123860,2026-06-01,high
LA,22,parish,Caldwell,22021,5933,2026-06-01,high
LA,22,parish,Cameron,22023,4349,2026-06-01,high
LA,22,parish,Catahoula,22025,6057,2026-06-01,high
LA,22,parish,Claiborne,22027,8353,2026-06-01,high
LA,22,parish,Concordia,22029,12038,2026-06-01,high
LA,22,parish,De Soto,22031,19729,2026-06-01,high
LA,22,parish,East Baton Rouge,22033,288263,2026-06-01,high
LA,22,parish,East Carroll,22035,4650,2026-06-01,high
LA,22,parish,East Feliciana,22037,13503,2026-06-01,high
LA,22,parish,Evangeline,22039,20697,2026-06-01,high
LA,22,parish,Franklin,22041,13246,2026-06-01,high
LA,22,parish,Grant,22043,12935,2026-06-01,high
LA,22,parish,Iberia,22045,43276,2026-06-01,high
LA,22,parish,Iberville,22047,20290,2026-06-01,high
LA,22,parish,Jackson,22049,9671,2026-06-01,high
LA,22,parish,Jefferson,22051,266949,2026-06-01,high
LA,22,parish,Jefferson Davis,22053,20743,2026-06-01,high
LA,22,parish,Lafayette,22055,162087,2026-06-01,high
LA,22,parish,Lafourche,22057,57848,2026-06-01,high
LA,22,parish,LaSalle,22059,8637,2026-06-01,high
LA,22,parish,Lincoln,22061,27339,2026-06-01,high
LA,22,parish,Livingston,22063,87978,2026-06-01,high
LA,22,parish,Madison,22065,7203,2026-06-01,high
LA,22,parish,Morehouse,22067,16716,2026-06-01,high
LA,22,parish,Natchitoches,22069,23005,2026-06-01,high
LA,22,parish,Orleans,22071,264785,2026-06-01,high
LA,22,parish,Ouachita,22073,102205,2026-06-01,high
LA,22,parish,Plaquemines,22075,14053,2026-06-01,high
LA,22,parish,Pointe Coupee,22077,14685,2026-06-01,high
LA,22,parish,Rapides,22079,80671,2026-06-01,high
LA,22,parish,Red River,22081,5456,2026-06-01,high
LA,22,parish,Richland,22083,13731,2026-06-01,high
LA,22,parish,Sabine,22085,13569,2026-06-01,high
LA,22,parish,St. Bernard,22087,27236,2026-06-01,high
LA,22,parish,St. Charles,22089,35383,2026-06-01,high
LA,22,parish,St. Helena,22091,8530,2026-06-01,high
LA,22,parish,St. James,22093,14862,2026-06-01,high
LA,22,parish,St. John the Baptist,22095,28490,2026-06-01,high
LA,22,parish,St. Landry,22097,55129,2026-06-01,high
LA,22,parish,St. Martin,22099,35284,2026-06-01,high
LA,22,parish,St. Mary,22101,30402,2026-06-01,high
LA,22,parish,St. Tammany,22103,194968,2026-06-01,high
LA,22,parish,Tangipahoa,22105,80327,2026-06-01,high
LA,22,parish,Tensas,22107,3164,2026-06-01,high
LA,22,parish,Terrebonne,22109,59864,2026-06-01,high
LA,22,parish,Union,22111,15283,2026-06-01,high
LA,22,parish,Vermilion,22113,38078,2026-06-01,high
LA,22,parish,Vernon,22115,25519,2026-06-01,high
LA,22,parish,Washington,22117,28248,2026-06-01,high
LA,22,parish,Webster,22119,22605,2026-06-01,high
LA,22,parish,West Baton Rouge,22121,17796,2026-06-01,high
LA,22,parish,West Carroll,22123,6977,2026-06-01,high
LA,22,parish,West Feliciana,22125,7844,2026-06-01,high
LA,22,parish,Winn,22127,8237,2026-06-01,high
MA,25,county,Barnstable,25001,196566,2025-02-01,"high - official state source; county totals and per-party columns sum exactly to the published statewide totals (Total 5,025,826; Dem 1,298,603; Rep 423,387; Unenrolled 3,254,435; Political Designations 49,401); all 14 counties present"
MA,25,county,Berkshire,25003,98423,2025-02-01,"high - official state source; county totals and per-party columns sum exactly to the published statewide totals (Total 5,025,826; Dem 1,298,603; Rep 423,387; Unenrolled 3,254,435; Political Designations 49,401); all 14 counties present"
MA,25,county,Bristol,25005,427089,2025-02-01,"high - official state source; county totals and per-party columns sum exactly to the published statewide totals (Total 5,025,826; Dem 1,298,603; Rep 423,387; Unenrolled 3,254,435; Political Designations 49,401); all 14 counties present"
MA,25,county,Dukes,25007,16795,2025-02-01,"high - official state source; county totals and per-party columns sum exactly to the published statewide totals (Total 5,025,826; Dem 1,298,603; Rep 423,387; Unenrolled 3,254,435; Political Designations 49,401); all 14 counties present"
MA,25,county,Essex,25009,588217,2025-02-01,"high - official state source; county totals and per-party columns sum exactly to the published statewide totals (Total 5,025,826; Dem 1,298,603; Rep 423,387; Unenrolled 3,254,435; Political Designations 49,401); all 14 counties present"
MA,25,county,Franklin,25011,58097,2025-02-01,"high - official state source; county totals and per-party columns sum exactly to the published statewide totals (Total 5,025,826; Dem 1,298,603; Rep 423,387; Unenrolled 3,254,435; Political Designations 49,401); all 14 counties present"
MA,25,county,Hampden,25013,360363,2025-02-01,"high - official state source; county totals and per-party columns sum exactly to the published statewide totals (Total 5,025,826; Dem 1,298,603; Rep 423,387; Unenrolled 3,254,435; Political Designations 49,401); all 14 counties present"
MA,25,county,Hampshire,25015,111861,2025-02-01,"high - official state source; county totals and per-party columns sum exactly to the published statewide totals (Total 5,025,826; Dem 1,298,603; Rep 423,387; Unenrolled 3,254,435; Political Designations 49,401); all 14 counties present"
MA,25,county,Middlesex,25017,1112320,2025-02-01,"high - official state source; county totals and per-party columns sum exactly to the published statewide totals (Total 5,025,826; Dem 1,298,603; Rep 423,387; Unenrolled 3,254,435; Political Designations 49,401); all 14 counties present"
MA,25,county,Nantucket,25019,10007,2025-02-01,"high - official state source; county totals and per-party columns sum exactly to the published statewide totals (Total 5,025,826; Dem 1,298,603; Rep 423,387; Unenrolled 3,254,435; Political Designations 49,401); all 14 counties present"
MA,25,county,Norfolk,25021,534568,2025-02-01,"high - official state source; county totals and per-party columns sum exactly to the published statewide totals (Total 5,025,826; Dem 1,298,603; Rep 423,387; Unenrolled 3,254,435; Political Designations 49,401); all 14 counties present"
MA,25,county,Plymouth,25023,416276,2025-02-01,"high - official state source; county totals and per-party columns sum exactly to the published statewide totals (Total 5,025,826; Dem 1,298,603; Rep 423,387; Unenrolled 3,254,435; Political Designations 49,401); all 14 counties present"
MA,25,county,Suffolk,25025,485472,2025-02-01,"high - official state source; county totals and per-party columns sum exactly to the published statewide totals (Total 5,025,826; Dem 1,298,603; Rep 423,387; Unenrolled 3,254,435; Political Designations 49,401); all 14 counties present"
MA,25,county,Worcester,25027,609772,2025-02-01,"high - official state source; county totals and per-party columns sum exactly to the published statewide totals (Total 5,025,826; Dem 1,298,603; Rep 423,387; Unenrolled 3,254,435; Political Designations 49,401); all 14 counties present"
MD,24,county,Baltimore City,24510,408560,2026-05-31,high
MD,24,county,Allegany,24001,45162,2026-05-31,high
MD,24,county,Anne Arundel,24003,422807,2026-05-31,high
MD,24,county,Baltimore,24005,586389,2026-05-31,high
MD,24,county,Calvert,24009,70874,2026-05-31,high
MD,24,county,Caroline,24011,23040,2026-05-31,high
MD,24,county,Carroll,24013,131771,2026-05-31,high
MD,24,county,Cecil,24015,74494,2026-05-31,high
MD,24,county,Charles,24017,131057,2026-05-31,high
MD,24,county,Dorchester,24019,24388,2026-05-31,high
MD,24,county,Frederick,24021,208827,2026-05-31,high
MD,24,county,Garrett,24023,21192,2026-05-31,high
MD,24,county,Harford,24025,199708,2026-05-31,high
MD,24,county,Howard,24027,243063,2026-05-31,high
MD,24,county,Kent,24029,14428,2026-05-31,high
MD,24,county,Montgomery,24031,707669,2026-05-31,high
MD,24,county,Prince George's,24033,628129,2026-05-31,high
MD,24,county,Queen Anne's,24035,42295,2026-05-31,high
MD,24,county,Somerset,24039,14787,2026-05-31,high
MD,24,county,St. Mary's,24037,79421,2026-05-31,high
MD,24,county,Talbot,24041,29010,2026-05-31,high
MD,24,county,Washington,24043,103915,2026-05-31,high
MD,24,county,Wicomico,24045,67863,2026-05-31,high
MD,24,county,Worcester,24047,44462,2026-05-31,high
ME,23,county,Androscoggin,23001,64194,2026-03-07,"high — official SoS Excel data file parsed directly; all 16 counties present; statewide party sum and county total sum both reconcile exactly to 897,677."
ME,23,county,Aroostook,23003,38909,2026-03-07,"high — official SoS Excel data file parsed directly; all 16 counties present; statewide party sum and county total sum both reconcile exactly to 897,677."
ME,23,county,Cumberland,23005,210754,2026-03-07,"high — official SoS Excel data file parsed directly; all 16 counties present; statewide party sum and county total sum both reconcile exactly to 897,677."
ME,23,county,Franklin,23007,19246,2026-03-07,"high — official SoS Excel data file parsed directly; all 16 counties present; statewide party sum and county total sum both reconcile exactly to 897,677."
ME,23,county,Hancock,23009,40006,2026-03-07,"high — official SoS Excel data file parsed directly; all 16 counties present; statewide party sum and county total sum both reconcile exactly to 897,677."
ME,23,county,Kennebec,23011,78802,2026-03-07,"high — official SoS Excel data file parsed directly; all 16 counties present; statewide party sum and county total sum both reconcile exactly to 897,677."
ME,23,county,Knox,23013,28567,2026-03-07,"high — official SoS Excel data file parsed directly; all 16 counties present; statewide party sum and county total sum both reconcile exactly to 897,677."
ME,23,county,Lincoln,23015,26330,2026-03-07,"high — official SoS Excel data file parsed directly; all 16 counties present; statewide party sum and county total sum both reconcile exactly to 897,677."
ME,23,county,Oxford,23017,37399,2026-03-07,"high — official SoS Excel data file parsed directly; all 16 counties present; statewide party sum and county total sum both reconcile exactly to 897,677."
ME,23,county,Penobscot,23019,93240,2026-03-07,"high — official SoS Excel data file parsed directly; all 16 counties present; statewide party sum and county total sum both reconcile exactly to 897,677."
ME,23,county,Piscataquis,23021,11088,2026-03-07,"high — official SoS Excel data file parsed directly; all 16 counties present; statewide party sum and county total sum both reconcile exactly to 897,677."
ME,23,county,Sagadahoc,23023,26456,2026-03-07,"high — official SoS Excel data file parsed directly; all 16 counties present; statewide party sum and county total sum both reconcile exactly to 897,677."
ME,23,county,Somerset,23025,30613,2026-03-07,"high — official SoS Excel data file parsed directly; all 16 counties present; statewide party sum and county total sum both reconcile exactly to 897,677."
ME,23,county,Waldo,23027,27330,2026-03-07,"high — official SoS Excel data file parsed directly; all 16 counties present; statewide party sum and county total sum both reconcile exactly to 897,677."
ME,23,county,Washington,23029,20057,2026-03-07,"high — official SoS Excel data file parsed directly; all 16 counties present; statewide party sum and county total sum both reconcile exactly to 897,677."
ME,23,county,York,23031,144686,2026-03-07,"high — official SoS Excel data file parsed directly; all 16 counties present; statewide party sum and county total sum both reconcile exactly to 897,677."
MI,26,county,Alcona,26001,10493,2025-11-01,high
MI,26,county,Alger,26003,7493,2025-11-01,high
MI,26,county,Allegan,26005,100803,2025-11-01,high
MI,26,county,Alpena,26007,24427,2025-11-01,high
MI,26,county,Antrim,26009,22987,2025-11-01,high
MI,26,county,Arenac,26011,13328,2025-11-01,high
MI,26,county,Baraga,26013,6812,2025-11-01,high
MI,26,county,Barry,26015,52696,2025-11-01,high
MI,26,county,Bay,26017,86748,2025-11-01,high
MI,26,county,Benzie,26019,16973,2025-11-01,high
MI,26,county,Berrien,26021,132602,2025-11-01,high
MI,26,county,Branch,26023,34647,2025-11-01,high
MI,26,county,Calhoun,26025,111094,2025-11-01,high
MI,26,county,Cass,26027,45316,2025-11-01,high
MI,26,county,Charlevoix,26029,23799,2025-11-01,high
MI,26,county,Cheboygan,26031,23491,2025-11-01,high
MI,26,county,Chippewa,26033,27957,2025-11-01,high
MI,26,county,Clare,26035,26817,2025-11-01,high
MI,26,county,Clinton,26037,64275,2025-11-01,high
MI,26,county,Crawford,26039,12747,2025-11-01,high
MI,26,county,Delta,26041,32421,2025-11-01,high
MI,26,county,Dickinson,26043,22651,2025-11-01,high
MI,26,county,Eaton,26045,88976,2025-11-01,high
MI,26,county,Emmet,26047,30823,2025-11-01,high
MI,26,county,Genesee,26049,346341,2025-11-01,high
MI,26,county,Gladwin,26051,22691,2025-11-01,high
MI,26,county,Gogebic,26053,13287,2025-11-01,high
MI,26,county,Grand Traverse,26055,83155,2025-11-01,high
MI,26,county,Gratiot,26057,29807,2025-11-01,high
MI,26,county,Hillsdale,26059,37427,2025-11-01,high
MI,26,county,Houghton,26061,27082,2025-11-01,high
MI,26,county,Huron,26063,26214,2025-11-01,high
MI,26,county,Ingham,26065,212800,2025-11-01,high
MI,26,county,Ionia,26067,49698,2025-11-01,high
MI,26,county,Iosco,26069,23111,2025-11-01,high
MI,26,county,Iron,26071,10849,2025-11-01,high
MI,26,county,Isabella,26073,47437,2025-11-01,high
MI,26,county,Jackson,26075,126608,2025-11-01,high
MI,26,county,Kalamazoo,26077,209504,2025-11-01,high
MI,26,county,Kalkaska,26079,17388,2025-11-01,high
MI,26,county,Kent,26081,519101,2025-11-01,high
MI,26,county,Keweenaw,26083,2118,2025-11-01,high
MI,26,county,Lake,26085,11048,2025-11-01,high
MI,26,county,Lapeer,26087,74985,2025-11-01,high
MI,26,county,Leelanau,26089,21771,2025-11-01,high
MI,26,county,Lenawee,26091,79740,2025-11-01,high
MI,26,county,Livingston,26093,166678,2025-11-01,high
MI,26,county,Luce,26095,4640,2025-11-01,high
MI,26,county,Mackinac,26097,10501,2025-11-01,high
MI,26,county,Macomb,26099,721723,2025-11-01,high
MI,26,county,Manistee,26101,21699,2025-11-01,high
MI,26,county,Marquette,26103,54993,2025-11-01,high
MI,26,county,Mason,26105,25477,2025-11-01,high
MI,26,county,Mecosta,26107,32414,2025-11-01,high
MI,26,county,Menominee,26109,20918,2025-11-01,high
MI,26,county,Midland,26111,69699,2025-11-01,high
MI,26,county,Missaukee,26113,12947,2025-11-01,high
MI,26,county,Monroe,26115,132767,2025-11-01,high
MI,26,county,Montcalm,26117,52071,2025-11-01,high
MI,26,county,Montmorency,26119,9242,2025-11-01,high
MI,26,county,Muskegon,26121,146266,2025-11-01,high
MI,26,county,Newaygo,26123,42852,2025-11-01,high
MI,26,county,Oakland,26125,1036370,2025-11-01,high
MI,26,county,Oceana,26127,22466,2025-11-01,high
MI,26,county,Ogemaw,26129,18893,2025-11-01,high
MI,26,county,Ontonagon,26131,5592,2025-11-01,high
MI,26,county,Osceola,26133,19381,2025-11-01,high
MI,26,county,Oscoda,26135,7833,2025-11-01,high
MI,26,county,Otsego,26137,23238,2025-11-01,high
MI,26,county,Ottawa,26139,235154,2025-11-01,high
MI,26,county,Presque Isle,26141,12131,2025-11-01,high
MI,26,county,Roscommon,26143,23178,2025-11-01,high
MI,26,county,Saginaw,26145,155960,2025-11-01,high
MI,26,county,St Clair,26147,137410,2025-11-01,high
MI,26,county,St Joseph,26149,48433,2025-11-01,high
MI,26,county,Sanilac,26151,32442,2025-11-01,high
MI,26,county,Schoolcraft,26153,7563,2025-11-01,high
MI,26,county,Shiawassee,26155,57377,2025-11-01,high
MI,26,county,Tuscola,26157,43211,2025-11-01,high
MI,26,county,Van Buren,26159,62816,2025-11-01,high
MI,26,county,Washtenaw,26161,301899,2025-11-01,high
MI,26,county,Wayne,26163,1443156,2025-11-01,high
MI,26,county,Wexford,26165,29063,2025-11-01,high
MN,27,county,Aitkin,27001,12187,2026-04-01,high
MN,27,county,Anoka,27003,249286,2026-04-01,high
MN,27,county,Becker,27005,23275,2026-04-01,high
MN,27,county,Beltrami,27007,29334,2026-04-01,high
MN,27,county,Benton,27009,27364,2026-04-01,high
MN,27,county,Big Stone,27011,3326,2026-04-01,high
MN,27,county,Blue Earth,27013,41898,2026-04-01,high
MN,27,county,Brown,27015,17220,2026-04-01,high
MN,27,county,Carlton,27017,24338,2026-04-01,high
MN,27,county,Carver,27019,79583,2026-04-01,high
MN,27,county,Cass,27021,22483,2026-04-01,high
MN,27,county,Chippewa,27023,7411,2026-04-01,high
MN,27,county,Chisago,27025,41316,2026-04-01,high
MN,27,county,Clay,27027,39929,2026-04-01,high
MN,27,county,Clearwater,27029,5673,2026-04-01,high
MN,27,county,Cook,27031,4030,2026-04-01,high
MN,27,county,Cottonwood,27033,7141,2026-04-01,high
MN,27,county,Crow Wing,27035,49016,2026-04-01,high
MN,27,county,Dakota,27037,305206,2026-04-01,high
MN,27,county,Dodge,27039,14420,2026-04-01,high
MN,27,county,Douglas,27041,29128,2026-04-01,high
MN,27,county,Faribault,27043,9159,2026-04-01,high
MN,27,county,Fillmore,27045,14430,2026-04-01,high
MN,27,county,Freeborn,27047,19785,2026-04-01,high
MN,27,county,Goodhue,27049,33152,2026-04-01,high
MN,27,county,Grant,27051,4121,2026-04-01,high
MN,27,county,Hennepin,27053,842333,2026-04-01,high
MN,27,county,Houston,27055,13121,2026-04-01,high
MN,27,county,Hubbard,27057,15812,2026-04-01,high
MN,27,county,Isanti,27059,30588,2026-04-01,high
MN,27,county,Itasca,27061,31617,2026-04-01,high
MN,27,county,Jackson,27063,6644,2026-04-01,high
MN,27,county,Kanabec,27065,11304,2026-04-01,high
MN,27,county,Kandiyohi,27067,27471,2026-04-01,high
MN,27,county,Kittson,27069,2857,2026-04-01,high
MN,27,county,Koochiching,27071,7862,2026-04-01,high
MN,27,county,Lac Qui Parle,27073,4609,2026-04-01,high
MN,27,county,Lake,27075,7818,2026-04-01,high
MN,27,county,Lake Of The Woods,27077,2778,2026-04-01,high
MN,27,county,Le Sueur,27079,20283,2026-04-01,high
MN,27,county,Lincoln,27081,3787,2026-04-01,high
MN,27,county,Lyon,27083,15699,2026-04-01,high
MN,27,county,McLeod,27085,25046,2026-04-01,high
MN,27,county,Mahnomen,27087,2931,2026-04-01,high
MN,27,county,Marshall,27089,5966,2026-04-01,high
MN,27,county,Martin,27091,12871,2026-04-01,high
MN,27,county,Meeker,27093,15989,2026-04-01,high
MN,27,county,Mille Lacs,27095,18131,2026-04-01,high
MN,27,county,Morrison,27097,23627,2026-04-01,high
MN,27,county,Mower,27099,23444,2026-04-01,high
MN,27,county,Murray,27101,5387,2026-04-01,high
MN,27,county,Nicollet,27103,22385,2026-04-01,high
MN,27,county,Nobles,27105,10377,2026-04-01,high
MN,27,county,Norman,27107,4064,2026-04-01,high
MN,27,county,Olmsted,27109,108416,2026-04-01,high
MN,27,county,Otter Tail,27111,42528,2026-04-01,high
MN,27,county,Pennington,27113,8876,2026-04-01,high
MN,27,county,Pine,27115,19989,2026-04-01,high
MN,27,county,Pipestone,27117,5674,2026-04-01,high
MN,27,county,Polk,27119,18868,2026-04-01,high
MN,27,county,Pope,27121,8322,2026-04-01,high
MN,27,county,Ramsey,27123,337148,2026-04-01,high
MN,27,county,Red Lake,27125,2567,2026-04-01,high
MN,27,county,Redwood,27127,9848,2026-04-01,high
MN,27,county,Renville,27129,9416,2026-04-01,high
MN,27,county,Rice,27131,41812,2026-04-01,high
MN,27,county,Rock,27133,5907,2026-04-01,high
MN,27,county,Roseau,27135,10052,2026-04-01,high
MN,27,county,St. Louis,27137,136423,2026-04-01,high
MN,27,county,Scott,27139,106926,2026-04-01,high
MN,27,county,Sherburne,27141,68346,2026-04-01,high
MN,27,county,Sibley,27143,10038,2026-04-01,high
MN,27,county,Stearns,27145,103316,2026-04-01,high
MN,27,county,Steele,27147,24654,2026-04-01,high
MN,27,county,Stevens,27149,5775,2026-04-01,high
MN,27,county,Swift,27151,6025,2026-04-01,high
MN,27,county,Todd,27153,16037,2026-04-01,high
MN,27,county,Traverse,27155,2097,2026-04-01,high
MN,27,county,Wabasha,27157,15519,2026-04-01,high
MN,27,county,Wadena,27159,9353,2026-04-01,high
MN,27,county,Waseca,27161,12096,2026-04-01,high
MN,27,county,Washington,27163,199435,2026-04-01,high
MN,27,county,Watonwan,27165,5978,2026-04-01,high
MN,27,county,Wilkin,27167,4083,2026-04-01,high
MN,27,county,Winona,27169,31307,2026-04-01,high
MN,27,county,Wright,27171,105045,2026-04-01,high
MN,27,county,Yellow Medicine,27173,6317,2026-04-01,high
MO,29,county,St. Louis City,29510,219641,2024-12-05,high
MO,29,county,Adair,29001,15304,2024-12-05,high
MO,29,county,Andrew,29003,13125,2024-12-05,high
MO,29,county,Atchison,29005,3838,2024-12-05,high
MO,29,county,Audrain,29007,15471,2024-12-05,high
MO,29,county,Barry,29009,23692,2024-12-05,high
MO,29,county,Barton,29011,8966,2024-12-05,high
MO,29,county,Bates,29013,12017,2024-12-05,high
MO,29,county,Benton,29015,15622,2024-12-05,high
MO,29,county,Bollinger,29017,8676,2024-12-05,high
MO,29,county,Boone,29019,130901,2024-12-05,high
MO,29,county,Buchanan,29021,53700,2024-12-05,high
MO,29,county,Butler,29023,28926,2024-12-05,high
MO,29,county,Caldwell,29025,6540,2024-12-05,high
MO,29,county,Callaway,29027,30375,2024-12-05,high
MO,29,county,Camden,29029,34900,2024-12-05,high
MO,29,county,Cape Girardeau,29031,56047,2024-12-05,high
MO,29,county,Carroll,29033,6299,2024-12-05,high
MO,29,county,Carter,29035,3988,2024-12-05,high
MO,29,county,Cass,29037,84464,2024-12-05,high
MO,29,county,Cedar,29039,10202,2024-12-05,high
MO,29,county,Chariton,29041,5404,2024-12-05,high
MO,29,county,Christian,29043,69309,2024-12-05,high
MO,29,county,Clark,29045,5163,2024-12-05,high
MO,29,county,Clay,29047,186903,2024-12-05,high
MO,29,county,Clinton,29049,15923,2024-12-05,high
MO,29,county,Cole,29051,55572,2024-12-05,high
MO,29,county,Cooper,29053,12215,2024-12-05,high
MO,29,county,Crawford,29055,16878,2024-12-05,high
MO,29,county,Dade,29057,5909,2024-12-05,high
MO,29,county,Dallas,29059,11986,2024-12-05,high
MO,29,county,Daviess,29061,5545,2024-12-05,high
MO,29,county,De Kalb,29063,6701,2024-12-05,high
MO,29,county,Dent,29065,10226,2024-12-05,high
MO,29,county,Douglas,29067,10286,2024-12-05,high
MO,29,county,Dunklin,29069,18892,2024-12-05,high
MO,29,county,Franklin,29071,77817,2024-12-05,high
MO,29,county,Gasconade,29073,10869,2024-12-05,high
MO,29,county,Gentry,29075,4778,2024-12-05,high
MO,29,county,Greene,29077,214710,2024-12-05,high
MO,29,county,Grundy,29079,6279,2024-12-05,high
MO,29,county,Harrison,29081,5400,2024-12-05,high
MO,29,county,Henry,29083,16184,2024-12-05,high
MO,29,county,Hickory,29085,7226,2024-12-05,high
MO,29,county,Holt,29087,3244,2024-12-05,high
MO,29,county,Howard,29089,6819,2024-12-05,high
MO,29,county,Howell,29091,28059,2024-12-05,high
MO,29,county,Iron,29093,7002,2024-12-05,high
MO,29,county,Jackson,29095,277889,2024-12-05,high
MO,29,county,Jasper,29097,84774,2024-12-05,high
MO,29,county,Jefferson,29099,166339,2024-12-05,high
MO,29,county,Johnson,29101,35113,2024-12-05,high
MO,29,county,Kansas City,,229293,2024-12-05,high
MO,29,county,Knox,29103,2524,2024-12-05,high
MO,29,county,Laclede,29105,24874,2024-12-05,high
MO,29,county,Lafayette,29107,23494,2024-12-05,high
MO,29,county,Lawrence,29109,26490,2024-12-05,high
MO,29,county,Lewis,29111,5956,2024-12-05,high
MO,29,county,Lincoln,29113,44792,2024-12-05,high
MO,29,county,Linn,29115,8391,2024-12-05,high
MO,29,county,Livingston,29117,9648,2024-12-05,high
MO,29,county,Macon,29121,10986,2024-12-05,high
MO,29,county,Madison,29123,8567,2024-12-05,high
MO,29,county,Maries,29125,6440,2024-12-05,high
MO,29,county,Marion,29127,19777,2024-12-05,high
MO,29,county,McDonald,29119,15679,2024-12-05,high
MO,29,county,Mercer,29129,2517,2024-12-05,high
MO,29,county,Miller,29131,18834,2024-12-05,high
MO,29,county,Mississippi,29133,8056,2024-12-05,high
MO,29,county,Moniteau,29135,9824,2024-12-05,high
MO,29,county,Monroe,29137,6254,2024-12-05,high
MO,29,county,Montgomery,29139,8479,2024-12-05,high
MO,29,county,Morgan,29141,13734,2024-12-05,high
MO,29,county,New Madrid,29143,11532,2024-12-05,high
MO,29,county,Newton,29145,42687,2024-12-05,high
MO,29,county,Nodaway,29147,13613,2024-12-05,high
MO,29,county,Oregon,29149,7412,2024-12-05,high
MO,29,county,Osage,29151,10180,2024-12-05,high
MO,29,county,Ozark,29153,7621,2024-12-05,high
MO,29,county,Pemiscot,29155,10518,2024-12-05,high
MO,29,county,Perry,29157,13541,2024-12-05,high
MO,29,county,Pettis,29159,27189,2024-12-05,high
MO,29,county,Phelps,29161,29854,2024-12-05,high
MO,29,county,Pike,29163,11076,2024-12-05,high
MO,29,county,Platte,29165,81708,2024-12-05,high
MO,29,county,Polk,29167,21779,2024-12-05,high
MO,29,county,Pulaski,29169,27793,2024-12-05,high
MO,29,county,Putnam,29171,3492,2024-12-05,high
MO,29,county,Ralls,29173,7928,2024-12-05,high
MO,29,county,Randolph,29175,16308,2024-12-05,high
MO,29,county,Ray,29177,17188,2024-12-05,high
MO,29,county,Reynolds,29179,4524,2024-12-05,high
MO,29,county,Ripley,29181,9305,2024-12-05,high
MO,29,county,Saline,29195,13833,2024-12-05,high
MO,29,county,Schuyler,29197,2684,2024-12-05,high
MO,29,county,Scotland,29199,2709,2024-12-05,high
MO,29,county,Scott,29201,25888,2024-12-05,high
MO,29,county,Shannon,29203,5885,2024-12-05,high
MO,29,county,Shelby,29205,4316,2024-12-05,high
MO,29,county,St. Charles,29183,301134,2024-12-05,high
MO,29,county,St. Clair,29185,6942,2024-12-05,high
MO,29,county,St. Francois,29187,42940,2024-12-05,high
MO,29,county,St. Louis,29189,745425,2024-12-05,high
MO,29,county,Ste. Genevieve,29186,13659,2024-12-05,high
MO,29,county,Stoddard,29207,20077,2024-12-05,high
MO,29,county,Stone,29209,26245,2024-12-05,high
MO,29,county,Sullivan,29211,3898,2024-12-05,high
MO,29,county,Taney,29213,41006,2024-12-05,high
MO,29,county,Texas,29215,17256,2024-12-05,high
MO,29,county,Vernon,29217,13030,2024-12-05,high
MO,29,county,Warren,29219,28114,2024-12-05,high
MO,29,county,Washington,29221,15567,2024-12-05,high
MO,29,county,Wayne,29223,9183,2024-12-05,high
MO,29,county,Webster,29225,26647,2024-12-05,high
MO,29,county,Worth,29227,1497,2024-12-05,high
MO,29,county,Wright,29229,13483,2024-12-05,high
MS,28,county,Adams,28001,16740,2026-05-04,high
MS,28,county,Alcorn,28003,23951,2026-05-04,high
MS,28,county,Amite,28005,8811,2026-05-04,high
MS,28,county,Attala,28007,10366,2026-05-04,high
MS,28,county,Benton,28009,5861,2026-05-04,high
MS,28,county,Bolivar,28011,17778,2026-05-04,high
MS,28,county,Calhoun,28013,9023,2026-05-04,high
MS,28,county,Carroll,28015,7044,2026-05-04,high
MS,28,county,Chickasaw,28017,10800,2026-05-04,high
MS,28,county,Choctaw,28019,4972,2026-05-04,high
MS,28,county,Claiborne,28021,5968,2026-05-04,high
MS,28,county,Clarke,28023,10877,2026-05-04,high
MS,28,county,Clay,28025,12946,2026-05-04,high
MS,28,county,Coahoma,28027,12966,2026-05-04,high
MS,28,county,Copiah,28029,17451,2026-05-04,high
MS,28,county,Covington,28031,12666,2026-05-04,high
MS,28,county,DeSoto,28033,120184,2026-05-04,high
MS,28,county,Forrest,28035,43865,2026-05-04,high
MS,28,county,Franklin,28037,5299,2026-05-04,high
MS,28,county,George,28039,15593,2026-05-04,high
MS,28,county,Greene,28041,7388,2026-05-04,high
MS,28,county,Grenada,28043,12707,2026-05-04,high
MS,28,county,Hancock,28045,37439,2026-05-04,high
MS,28,county,Harrison,28047,133846,2026-05-04,high
MS,28,county,Hinds,28049,163901,2026-05-04,high
MS,28,county,Holmes,28051,12173,2026-05-04,high
MS,28,county,Humphreys,28053,6367,2026-05-04,high
MS,28,county,Issaquena,28055,772,2026-05-04,high
MS,28,county,Itawamba,28057,14031,2026-05-04,high
MS,28,county,Jackson,28059,86129,2026-05-04,high
MS,28,county,Jasper,28061,10623,2026-05-04,high
MS,28,county,Jefferson,28063,5225,2026-05-04,high
MS,28,county,Jefferson Davis,28065,7769,2026-05-04,high
MS,28,county,Jones,28067,43431,2026-05-04,high
MS,28,county,Kemper,28069,6124,2026-05-04,high
MS,28,county,Lafayette,28071,32748,2026-05-04,high
MS,28,county,Lamar,28073,40052,2026-05-04,high
MS,28,county,Lauderdale,28075,38331,2026-05-04,high
MS,28,county,Lawrence,28077,7666,2026-05-04,high
MS,28,county,Leake,28079,11958,2026-05-04,high
MS,28,county,Lee,28081,49393,2026-05-04,high
MS,28,county,Leflore,28083,18883,2026-05-04,high
MS,28,county,Lincoln,28085,20964,2026-05-04,high
MS,28,county,Lowndes,28087,36638,2026-05-04,high
MS,28,county,Madison,28089,76535,2026-05-04,high
MS,28,county,Marion,28091,15709,2026-05-04,high
MS,28,county,Marshall,28093,24067,2026-05-04,high
MS,28,county,Monroe,28095,23271,2026-05-04,high
MS,28,county,Montgomery,28097,6094,2026-05-04,high
MS,28,county,Neshoba,28099,15999,2026-05-04,high
MS,28,county,Newton,28101,12579,2026-05-04,high
MS,28,county,Noxubee,28103,7049,2026-05-04,high
MS,28,county,Oktibbeha,28105,25962,2026-05-04,high
MS,28,county,Panola,28107,22393,2026-05-04,high
MS,28,county,Pearl River,28109,35888,2026-05-04,high
MS,28,county,Perry,28111,7948,2026-05-04,high
MS,28,county,Pike,28113,24134,2026-05-04,high
MS,28,county,Pontotoc,28115,20310,2026-05-04,high
MS,28,county,Prentiss,28117,13839,2026-05-04,high
MS,28,county,Quitman,28119,4441,2026-05-04,high
MS,28,county,Rankin,28121,98778,2026-05-04,high
MS,28,county,Scott,28123,13480,2026-05-04,high
MS,28,county,Sharkey,28125,2929,2026-05-04,high
MS,28,county,Simpson,28127,16134,2026-05-04,high
MS,28,county,Smith,28129,11035,2026-05-04,high
MS,28,county,Stone,28131,10891,2026-05-04,high
MS,28,county,Sunflower,28133,10368,2026-05-04,high
MS,28,county,Tallahatchie,28135,9503,2026-05-04,high
MS,28,county,Tate,28137,18542,2026-05-04,high
MS,28,county,Tippah,28139,13385,2026-05-04,high
MS,28,county,Tishomingo,28141,12402,2026-05-04,high
MS,28,county,Tunica,28143,5487,2026-05-04,high
MS,28,county,Union,28145,16917,2026-05-04,high
MS,28,county,Walthall,28147,9767,2026-05-04,high
MS,28,county,Warren,28149,23746,2026-05-04,high
MS,28,county,Washington,28151,24054,2026-05-04,high
MS,28,county,Wayne,28153,12759,2026-05-04,high
MS,28,county,Webster,28155,6339,2026-05-04,high
MS,28,county,Wilkinson,28157,5014,2026-05-04,high
MS,28,county,Winston,28159,11656,2026-05-04,high
MS,28,county,Yalobusha,28161,7986,2026-05-04,high
MS,28,county,Yazoo,28163,18719,2026-05-04,high
MT,30,county,Beaverhead,30001,7201,2026-06-14,high
MT,30,county,Big Horn,30003,7481,2026-06-14,high
MT,30,county,Blaine,30005,4047,2026-06-14,high
MT,30,county,Broadwater,30007,6211,2026-06-14,high
MT,30,county,Carbon,30009,9133,2026-06-14,high
MT,30,county,Carter,30011,1003,2026-06-14,high
MT,30,county,Cascade,30013,51615,2026-06-14,high
MT,30,county,Chouteau,30015,3669,2026-06-14,high
MT,30,county,Custer,30017,7412,2026-06-14,high
MT,30,county,Daniels,30019,1145,2026-06-14,high
MT,30,county,Dawson,30021,5646,2026-06-14,high
MT,30,county,Deer Lodge,30023,6179,2026-06-14,high
MT,30,county,Fallon,30025,1804,2026-06-14,high
MT,30,county,Fergus,30027,8108,2026-06-14,high
MT,30,county,Flathead,30029,85676,2026-06-14,high
MT,30,county,Gallatin,30031,96610,2026-06-14,high
MT,30,county,Garfield,30033,864,2026-06-14,high
MT,30,county,Glacier,30035,7792,2026-06-14,high
MT,30,county,Golden Valley,30037,606,2026-06-14,high
MT,30,county,Granite,30039,2751,2026-06-14,high
MT,30,county,Hill,30041,9241,2026-06-14,high
MT,30,county,Jefferson,30043,10132,2026-06-14,high
MT,30,county,Judith Basin,30045,1572,2026-06-14,high
MT,30,county,Lake,30047,22508,2026-06-14,high
MT,30,county,Lewis & Clark,30049,53024,2026-06-14,high
MT,30,county,Liberty,30051,1176,2026-06-14,high
MT,30,county,Lincoln,30053,14841,2026-06-14,high
MT,30,county,Madison,30057,7792,2026-06-14,high
MT,30,county,McCone,30055,1249,2026-06-14,high
MT,30,county,Meagher,30059,1437,2026-06-14,high
MT,30,county,Mineral,30061,4054,2026-06-14,high
MT,30,county,Missoula,30063,91603,2026-06-14,high
MT,30,county,Musselshell,30065,3832,2026-06-14,high
MT,30,county,Park,30067,14531,2026-06-14,high
MT,30,county,Petroleum,30069,368,2026-06-14,high
MT,30,county,Phillips,30071,2633,2026-06-14,high
MT,30,county,Pondera,30073,3785,2026-06-14,high
MT,30,county,Powder River,30075,1237,2026-06-14,high
MT,30,county,Powell,30077,4047,2026-06-14,high
MT,30,county,Prairie,30079,823,2026-06-14,high
MT,30,county,Ravalli,30081,36284,2026-06-14,high
MT,30,county,Richland,30083,7477,2026-06-14,high
MT,30,county,Roosevelt,30085,5952,2026-06-14,high
MT,30,county,Rosebud,30087,4981,2026-06-14,high
MT,30,county,Sanders,30089,10862,2026-06-14,high
MT,30,county,Sheridan,30091,2370,2026-06-14,high
MT,30,county,Silver Bow,30093,23767,2026-06-14,high
MT,30,county,Stillwater,30095,7209,2026-06-14,high
MT,30,county,Sweet Grass,30097,2901,2026-06-14,high
MT,30,county,Teton,30099,4315,2026-06-14,high
MT,30,county,Toole,30101,2602,2026-06-14,high
MT,30,county,Treasure,30103,528,2026-06-14,high
MT,30,county,Valley,30105,5238,2026-06-14,high
MT,30,county,Wheatland,30107,1475,2026-06-14,high
MT,30,county,Wibaux,30109,692,2026-06-14,high
MT,30,county,Yellowstone,30111,109943,2026-06-14,high
NC,37,county,Alamance,37001,120424,2026-06-13,verified
NC,37,county,Alexander,37003,25755,2026-06-13,verified
NC,37,county,Alleghany,37005,8217,2026-06-13,verified
NC,37,county,Anson,37007,15994,2026-06-13,verified
NC,37,county,Ashe,37009,20745,2026-06-13,verified
NC,37,county,Avery,37011,12471,2026-06-13,verified
NC,37,county,Beaufort,37013,33898,2026-06-13,verified
NC,37,county,Bertie,37015,12711,2026-06-13,verified
NC,37,county,Bladen,37017,22932,2026-06-13,verified
NC,37,county,Brunswick,37019,147519,2026-06-13,verified
NC,37,county,Buncombe,37021,217020,2026-06-13,verified
NC,37,county,Burke,37023,60543,2026-06-13,verified
NC,37,county,Cabarrus,37025,162429,2026-06-13,verified
NC,37,county,Caldwell,37027,56022,2026-06-13,verified
NC,37,county,Camden,37029,8626,2026-06-13,verified
NC,37,county,Carteret,37031,57643,2026-06-13,verified
NC,37,county,Caswell,37033,15632,2026-06-13,verified
NC,37,county,Catawba,37035,118525,2026-06-13,verified
NC,37,county,Chatham,37037,64243,2026-06-13,verified
NC,37,county,Cherokee,37039,24878,2026-06-13,verified
NC,37,county,Chowan,37041,10226,2026-06-13,verified
NC,37,county,Clay,37043,10217,2026-06-13,verified
NC,37,county,Cleveland,37045,69555,2026-06-13,verified
NC,37,county,Columbus,37047,37296,2026-06-13,verified
NC,37,county,Craven,37049,77215,2026-06-13,verified
NC,37,county,Cumberland,37051,223836,2026-06-13,verified
NC,37,county,Currituck,37053,24740,2026-06-13,verified
NC,37,county,Dare,37055,32765,2026-06-13,verified
NC,37,county,Davidson,37057,122703,2026-06-13,verified
NC,37,county,Davie,37059,33753,2026-06-13,verified
NC,37,county,Duplin,37061,32352,2026-06-13,verified
NC,37,county,Durham,37063,247119,2026-06-13,verified
NC,37,county,Edgecombe,37065,35885,2026-06-13,verified
NC,37,county,Forsyth,37067,273751,2026-06-13,verified
NC,37,county,Franklin,37069,56753,2026-06-13,verified
NC,37,county,Gaston,37071,164024,2026-06-13,verified
NC,37,county,Gates,37073,8272,2026-06-13,verified
NC,37,county,Graham,37075,6253,2026-06-13,verified
NC,37,county,Granville,37077,41826,2026-06-13,verified
NC,37,county,Greene,37079,11011,2026-06-13,verified
NC,37,county,Guilford,37081,392700,2026-06-13,verified
NC,37,county,Halifax,37083,34644,2026-06-13,verified
NC,37,county,Harnett,37085,95744,2026-06-13,verified
NC,37,county,Haywood,37087,48239,2026-06-13,verified
NC,37,county,Henderson,37089,92127,2026-06-13,verified
NC,37,county,Hertford,37091,13646,2026-06-13,verified
NC,37,county,Hoke,37093,36948,2026-06-13,verified
NC,37,county,Hyde,37095,3039,2026-06-13,verified
NC,37,county,Iredell,37097,149590,2026-06-13,verified
NC,37,county,Jackson,37099,30754,2026-06-13,verified
NC,37,county,Johnston,37101,170337,2026-06-13,verified
NC,37,county,Jones,37103,7055,2026-06-13,verified
NC,37,county,Lee,37105,41586,2026-06-13,verified
NC,37,county,Lenoir,37107,38059,2026-06-13,verified
NC,37,county,Lincoln,37109,70484,2026-06-13,verified
NC,37,county,Macon,37111,29601,2026-06-13,verified
NC,37,county,Madison,37113,17679,2026-06-13,verified
NC,37,county,Martin,37115,16482,2026-06-13,verified
NC,37,county,McDowell,37117,31137,2026-06-13,verified
NC,37,county,Mecklenburg,37119,835413,2026-06-13,verified
NC,37,county,Mitchell,37121,11218,2026-06-13,verified
NC,37,county,Montgomery,37123,17281,2026-06-13,verified
NC,37,county,Moore,37125,81158,2026-06-13,verified
NC,37,county,Nash,37127,71212,2026-06-13,verified
NC,37,county,New Hanover,37129,187938,2026-06-13,verified
NC,37,county,Northampton,37131,12782,2026-06-13,verified
NC,37,county,Onslow,37133,134215,2026-06-13,verified
NC,37,county,Orange,37135,111846,2026-06-13,verified
NC,37,county,Pamlico,37137,10296,2026-06-13,verified
NC,37,county,Pasquotank,37139,31078,2026-06-13,verified
NC,37,county,Pender,37141,54198,2026-06-13,verified
NC,37,county,Perquimans,37143,10648,2026-06-13,verified
NC,37,county,Person,37145,28300,2026-06-13,verified
NC,37,county,Pitt,37147,126258,2026-06-13,verified
NC,37,county,Polk,37149,17280,2026-06-13,verified
NC,37,county,Randolph,37151,99263,2026-06-13,verified
NC,37,county,Richmond,37153,28455,2026-06-13,verified
NC,37,county,Robeson,37155,77115,2026-06-13,verified
NC,37,county,Rockingham,37157,64026,2026-06-13,verified
NC,37,county,Rowan,37159,101498,2026-06-13,verified
NC,37,county,Rutherford,37161,47248,2026-06-13,verified
NC,37,county,Sampson,37163,38707,2026-06-13,verified
NC,37,county,Scotland,37165,21891,2026-06-13,verified
NC,37,county,Stanly,37167,47169,2026-06-13,verified
NC,37,county,Stokes,37169,33767,2026-06-13,verified
NC,37,county,Surry,37171,48759,2026-06-13,verified
NC,37,county,Swain,37173,10060,2026-06-13,verified
NC,37,county,Transylvania,37175,26754,2026-06-13,verified
NC,37,county,Tyrrell,37177,2358,2026-06-13,verified
NC,37,county,Union,37179,184267,2026-06-13,verified
NC,37,county,Vance,37181,28083,2026-06-13,verified
NC,37,county,Wake,37183,855468,2026-06-13,verified
NC,37,county,Warren,37185,13482,2026-06-13,verified
NC,37,county,Washington,37187,8236,2026-06-13,verified
NC,37,county,Watauga,37189,44251,2026-06-13,verified
NC,37,county,Wayne,37191,76898,2026-06-13,verified
NC,37,county,Wilkes,37193,45311,2026-06-13,verified
NC,37,county,Wilson,37195,54919,2026-06-13,verified
NC,37,county,Yadkin,37197,25667,2026-06-13,verified
NC,37,county,Yancey,37199,14470,2026-06-13,verified
NE,31,county,Adams,31001,19210,2026-05-01,"complete; all 93 counties present; every county party breakdown sums to its county total and the sum of all counties matches the report's printed Grand Total exactly (Republican 620689, Democratic 327605, Libertarian 17645, Legal Marijuana NOW 10450, Nonpartisan 280919, Total 1257308)."
NE,31,county,Antelope,31003,4329,2026-05-01,"complete; all 93 counties present; every county party breakdown sums to its county total and the sum of all counties matches the report's printed Grand Total exactly (Republican 620689, Democratic 327605, Libertarian 17645, Legal Marijuana NOW 10450, Nonpartisan 280919, Total 1257308)."
NE,31,county,Arthur,31005,328,2026-05-01,"complete; all 93 counties present; every county party breakdown sums to its county total and the sum of all counties matches the report's printed Grand Total exactly (Republican 620689, Democratic 327605, Libertarian 17645, Legal Marijuana NOW 10450, Nonpartisan 280919, Total 1257308)."
NE,31,county,Banner,31007,523,2026-05-01,"complete; all 93 counties present; every county party breakdown sums to its county total and the sum of all counties matches the report's printed Grand Total exactly (Republican 620689, Democratic 327605, Libertarian 17645, Legal Marijuana NOW 10450, Nonpartisan 280919, Total 1257308)."
NE,31,county,Blaine,31009,354,2026-05-01,"complete; all 93 counties present; every county party breakdown sums to its county total and the sum of all counties matches the report's printed Grand Total exactly (Republican 620689, Democratic 327605, Libertarian 17645, Legal Marijuana NOW 10450, Nonpartisan 280919, Total 1257308)."
NE,31,county,Boone,31011,3612,2026-05-01,"complete; all 93 counties present; every county party breakdown sums to its county total and the sum of all counties matches the report's printed Grand Total exactly (Republican 620689, Democratic 327605, Libertarian 17645, Legal Marijuana NOW 10450, Nonpartisan 280919, Total 1257308)."
NE,31,county,Box Butte,31013,6815,2026-05-01,"complete; all 93 counties present; every county party breakdown sums to its county total and the sum of all counties matches the report's printed Grand Total exactly (Republican 620689, Democratic 327605, Libertarian 17645, Legal Marijuana NOW 10450, Nonpartisan 280919, Total 1257308)."
NE,31,county,Boyd,31015,1247,2026-05-01,"complete; all 93 counties present; every county party breakdown sums to its county total and the sum of all counties matches the report's printed Grand Total exactly (Republican 620689, Democratic 327605, Libertarian 17645, Legal Marijuana NOW 10450, Nonpartisan 280919, Total 1257308)."
NE,31,county,Brown,31017,2053,2026-05-01,"complete; all 93 counties present; every county party breakdown sums to its county total and the sum of all counties matches the report's printed Grand Total exactly (Republican 620689, Democratic 327605, Libertarian 17645, Legal Marijuana NOW 10450, Nonpartisan 280919, Total 1257308)."
NE,31,county,Buffalo,31019,31070,2026-05-01,"complete; all 93 counties present; every county party breakdown sums to its county total and the sum of all counties matches the report's printed Grand Total exactly (Republican 620689, Democratic 327605, Libertarian 17645, Legal Marijuana NOW 10450, Nonpartisan 280919, Total 1257308)."
NE,31,county,Burt,31021,4818,2026-05-01,"complete; all 93 counties present; every county party breakdown sums to its county total and the sum of all counties matches the report's printed Grand Total exactly (Republican 620689, Democratic 327605, Libertarian 17645, Legal Marijuana NOW 10450, Nonpartisan 280919, Total 1257308)."
NE,31,county,Butler,31023,5762,2026-05-01,"complete; all 93 counties present; every county party breakdown sums to its county total and the sum of all counties matches the report's printed Grand Total exactly (Republican 620689, Democratic 327605, Libertarian 17645, Legal Marijuana NOW 10450, Nonpartisan 280919, Total 1257308)."
NE,31,county,Cass,31025,19616,2026-05-01,"complete; all 93 counties present; every county party breakdown sums to its county total and the sum of all counties matches the report's printed Grand Total exactly (Republican 620689, Democratic 327605, Libertarian 17645, Legal Marijuana NOW 10450, Nonpartisan 280919, Total 1257308)."
NE,31,county,Cedar,31027,5758,2026-05-01,"complete; all 93 counties present; every county party breakdown sums to its county total and the sum of all counties matches the report's printed Grand Total exactly (Republican 620689, Democratic 327605, Libertarian 17645, Legal Marijuana NOW 10450, Nonpartisan 280919, Total 1257308)."
NE,31,county,Chase,31029,2384,2026-05-01,"complete; all 93 counties present; every county party breakdown sums to its county total and the sum of all counties matches the report's printed Grand Total exactly (Republican 620689, Democratic 327605, Libertarian 17645, Legal Marijuana NOW 10450, Nonpartisan 280919, Total 1257308)."
NE,31,county,Cherry,31031,3656,2026-05-01,"complete; all 93 counties present; every county party breakdown sums to its county total and the sum of all counties matches the report's printed Grand Total exactly (Republican 620689, Democratic 327605, Libertarian 17645, Legal Marijuana NOW 10450, Nonpartisan 280919, Total 1257308)."
NE,31,county,Cheyenne,31033,6268,2026-05-01,"complete; all 93 counties present; every county party breakdown sums to its county total and the sum of all counties matches the report's printed Grand Total exactly (Republican 620689, Democratic 327605, Libertarian 17645, Legal Marijuana NOW 10450, Nonpartisan 280919, Total 1257308)."
NE,31,county,Clay,31035,4106,2026-05-01,"complete; all 93 counties present; every county party breakdown sums to its county total and the sum of all counties matches the report's printed Grand Total exactly (Republican 620689, Democratic 327605, Libertarian 17645, Legal Marijuana NOW 10450, Nonpartisan 280919, Total 1257308)."
NE,31,county,Colfax,31037,5121,2026-05-01,"complete; all 93 counties present; every county party breakdown sums to its county total and the sum of all counties matches the report's printed Grand Total exactly (Republican 620689, Democratic 327605, Libertarian 17645, Legal Marijuana NOW 10450, Nonpartisan 280919, Total 1257308)."
NE,31,county,Cuming,31039,5782,2026-05-01,"complete; all 93 counties present; every county party breakdown sums to its county total and the sum of all counties matches the report's printed Grand Total exactly (Republican 620689, Democratic 327605, Libertarian 17645, Legal Marijuana NOW 10450, Nonpartisan 280919, Total 1257308)."
NE,31,county,Custer,31041,7672,2026-05-01,"complete; all 93 counties present; every county party breakdown sums to its county total and the sum of all counties matches the report's printed Grand Total exactly (Republican 620689, Democratic 327605, Libertarian 17645, Legal Marijuana NOW 10450, Nonpartisan 280919, Total 1257308)."
NE,31,county,Dakota,31043,10434,2026-05-01,"complete; all 93 counties present; every county party breakdown sums to its county total and the sum of all counties matches the report's printed Grand Total exactly (Republican 620689, Democratic 327605, Libertarian 17645, Legal Marijuana NOW 10450, Nonpartisan 280919, Total 1257308)."
NE,31,county,Dawes,31045,4971,2026-05-01,"complete; all 93 counties present; every county party breakdown sums to its county total and the sum of all counties matches the report's printed Grand Total exactly (Republican 620689, Democratic 327605, Libertarian 17645, Legal Marijuana NOW 10450, Nonpartisan 280919, Total 1257308)."
NE,31,county,Dawson,31047,12854,2026-05-01,"complete; all 93 counties present; every county party breakdown sums to its county total and the sum of all counties matches the report's printed Grand Total exactly (Republican 620689, Democratic 327605, Libertarian 17645, Legal Marijuana NOW 10450, Nonpartisan 280919, Total 1257308)."
NE,31,county,Deuel,31049,1405,2026-05-01,"complete; all 93 counties present; every county party breakdown sums to its county total and the sum of all counties matches the report's printed Grand Total exactly (Republican 620689, Democratic 327605, Libertarian 17645, Legal Marijuana NOW 10450, Nonpartisan 280919, Total 1257308)."
NE,31,county,Dixon,31051,3508,2026-05-01,"complete; all 93 counties present; every county party breakdown sums to its county total and the sum of all counties matches the report's printed Grand Total exactly (Republican 620689, Democratic 327605, Libertarian 17645, Legal Marijuana NOW 10450, Nonpartisan 280919, Total 1257308)."
NE,31,county,Dodge,31053,22219,2026-05-01,"complete; all 93 counties present; every county party breakdown sums to its county total and the sum of all counties matches the report's printed Grand Total exactly (Republican 620689, Democratic 327605, Libertarian 17645, Legal Marijuana NOW 10450, Nonpartisan 280919, Total 1257308)."
NE,31,county,Douglas,31055,367828,2026-05-01,"complete; all 93 counties present; every county party breakdown sums to its county total and the sum of all counties matches the report's printed Grand Total exactly (Republican 620689, Democratic 327605, Libertarian 17645, Legal Marijuana NOW 10450, Nonpartisan 280919, Total 1257308)."
NE,31,county,Dundy,31057,1194,2026-05-01,"complete; all 93 counties present; every county party breakdown sums to its county total and the sum of all counties matches the report's printed Grand Total exactly (Republican 620689, Democratic 327605, Libertarian 17645, Legal Marijuana NOW 10450, Nonpartisan 280919, Total 1257308)."
NE,31,county,Fillmore,31059,3932,2026-05-01,"complete; all 93 counties present; every county party breakdown sums to its county total and the sum of all counties matches the report's printed Grand Total exactly (Republican 620689, Democratic 327605, Libertarian 17645, Legal Marijuana NOW 10450, Nonpartisan 280919, Total 1257308)."
NE,31,county,Franklin,31061,2070,2026-05-01,"complete; all 93 counties present; every county party breakdown sums to its county total and the sum of all counties matches the report's printed Grand Total exactly (Republican 620689, Democratic 327605, Libertarian 17645, Legal Marijuana NOW 10450, Nonpartisan 280919, Total 1257308)."
NE,31,county,Frontier,31063,1781,2026-05-01,"complete; all 93 counties present; every county party breakdown sums to its county total and the sum of all counties matches the report's printed Grand Total exactly (Republican 620689, Democratic 327605, Libertarian 17645, Legal Marijuana NOW 10450, Nonpartisan 280919, Total 1257308)."
NE,31,county,Furnas,31065,3312,2026-05-01,"complete; all 93 counties present; every county party breakdown sums to its county total and the sum of all counties matches the report's printed Grand Total exactly (Republican 620689, Democratic 327605, Libertarian 17645, Legal Marijuana NOW 10450, Nonpartisan 280919, Total 1257308)."
NE,31,county,Gage,31067,14528,2026-05-01,"complete; all 93 counties present; every county party breakdown sums to its county total and the sum of all counties matches the report's printed Grand Total exactly (Republican 620689, Democratic 327605, Libertarian 17645, Legal Marijuana NOW 10450, Nonpartisan 280919, Total 1257308)."
NE,31,county,Garden,31069,1299,2026-05-01,"complete; all 93 counties present; every county party breakdown sums to its county total and the sum of all counties matches the report's printed Grand Total exactly (Republican 620689, Democratic 327605, Libertarian 17645, Legal Marijuana NOW 10450, Nonpartisan 280919, Total 1257308)."
NE,31,county,Garfield,31071,1284,2026-05-01,"complete; all 93 counties present; every county party breakdown sums to its county total and the sum of all counties matches the report's printed Grand Total exactly (Republican 620689, Democratic 327605, Libertarian 17645, Legal Marijuana NOW 10450, Nonpartisan 280919, Total 1257308)."
NE,31,county,Gosper,31073,1403,2026-05-01,"complete; all 93 counties present; every county party breakdown sums to its county total and the sum of all counties matches the report's printed Grand Total exactly (Republican 620689, Democratic 327605, Libertarian 17645, Legal Marijuana NOW 10450, Nonpartisan 280919, Total 1257308)."
NE,31,county,Grant,31075,433,2026-05-01,"complete; all 93 counties present; every county party breakdown sums to its county total and the sum of all counties matches the report's printed Grand Total exactly (Republican 620689, Democratic 327605, Libertarian 17645, Legal Marijuana NOW 10450, Nonpartisan 280919, Total 1257308)."
NE,31,county,Greeley,31077,1552,2026-05-01,"complete; all 93 counties present; every county party breakdown sums to its county total and the sum of all counties matches the report's printed Grand Total exactly (Republican 620689, Democratic 327605, Libertarian 17645, Legal Marijuana NOW 10450, Nonpartisan 280919, Total 1257308)."
NE,31,county,Hall,31079,32799,2026-05-01,"complete; all 93 counties present; every county party breakdown sums to its county total and the sum of all counties matches the report's printed Grand Total exactly (Republican 620689, Democratic 327605, Libertarian 17645, Legal Marijuana NOW 10450, Nonpartisan 280919, Total 1257308)."
NE,31,county,Hamilton,31081,6870,2026-05-01,"complete; all 93 counties present; every county party breakdown sums to its county total and the sum of all counties matches the report's printed Grand Total exactly (Republican 620689, Democratic 327605, Libertarian 17645, Legal Marijuana NOW 10450, Nonpartisan 280919, Total 1257308)."
NE,31,county,Harlan,31083,2318,2026-05-01,"complete; all 93 counties present; every county party breakdown sums to its county total and the sum of all counties matches the report's printed Grand Total exactly (Republican 620689, Democratic 327605, Libertarian 17645, Legal Marijuana NOW 10450, Nonpartisan 280919, Total 1257308)."
NE,31,county,Hayes,31085,611,2026-05-01,"complete; all 93 counties present; every county party breakdown sums to its county total and the sum of all counties matches the report's printed Grand Total exactly (Republican 620689, Democratic 327605, Libertarian 17645, Legal Marijuana NOW 10450, Nonpartisan 280919, Total 1257308)."
NE,31,county,Hitchcock,31087,1852,2026-05-01,"complete; all 93 counties present; every county party breakdown sums to its county total and the sum of all counties matches the report's printed Grand Total exactly (Republican 620689, Democratic 327605, Libertarian 17645, Legal Marijuana NOW 10450, Nonpartisan 280919, Total 1257308)."
NE,31,county,Holt,31089,6986,2026-05-01,"complete; all 93 counties present; every county party breakdown sums to its county total and the sum of all counties matches the report's printed Grand Total exactly (Republican 620689, Democratic 327605, Libertarian 17645, Legal Marijuana NOW 10450, Nonpartisan 280919, Total 1257308)."
NE,31,county,Hooker,31091,534,2026-05-01,"complete; all 93 counties present; every county party breakdown sums to its county total and the sum of all counties matches the report's printed Grand Total exactly (Republican 620689, Democratic 327605, Libertarian 17645, Legal Marijuana NOW 10450, Nonpartisan 280919, Total 1257308)."
NE,31,county,Howard,31093,4660,2026-05-01,"complete; all 93 counties present; every county party breakdown sums to its county total and the sum of all counties matches the report's printed Grand Total exactly (Republican 620689, Democratic 327605, Libertarian 17645, Legal Marijuana NOW 10450, Nonpartisan 280919, Total 1257308)."
NE,31,county,Jefferson,31095,4687,2026-05-01,"complete; all 93 counties present; every county party breakdown sums to its county total and the sum of all counties matches the report's printed Grand Total exactly (Republican 620689, Democratic 327605, Libertarian 17645, Legal Marijuana NOW 10450, Nonpartisan 280919, Total 1257308)."
NE,31,county,Johnson,31097,2775,2026-05-01,"complete; all 93 counties present; every county party breakdown sums to its county total and the sum of all counties matches the report's printed Grand Total exactly (Republican 620689, Democratic 327605, Libertarian 17645, Legal Marijuana NOW 10450, Nonpartisan 280919, Total 1257308)."
NE,31,county,Kearney,31099,4648,2026-05-01,"complete; all 93 counties present; every county party breakdown sums to its county total and the sum of all counties matches the report's printed Grand Total exactly (Republican 620689, Democratic 327605, Libertarian 17645, Legal Marijuana NOW 10450, Nonpartisan 280919, Total 1257308)."
NE,31,county,Keith,31101,5714,2026-05-01,"complete; all 93 counties present; every county party breakdown sums to its county total and the sum of all counties matches the report's printed Grand Total exactly (Republican 620689, Democratic 327605, Libertarian 17645, Legal Marijuana NOW 10450, Nonpartisan 280919, Total 1257308)."
NE,31,county,Keya Paha,31103,618,2026-05-01,"complete; all 93 counties present; every county party breakdown sums to its county total and the sum of all counties matches the report's printed Grand Total exactly (Republican 620689, Democratic 327605, Libertarian 17645, Legal Marijuana NOW 10450, Nonpartisan 280919, Total 1257308)."
NE,31,county,Kimball,31105,2552,2026-05-01,"complete; all 93 counties present; every county party breakdown sums to its county total and the sum of all counties matches the report's printed Grand Total exactly (Republican 620689, Democratic 327605, Libertarian 17645, Legal Marijuana NOW 10450, Nonpartisan 280919, Total 1257308)."
NE,31,county,Knox,31107,5478,2026-05-01,"complete; all 93 counties present; every county party breakdown sums to its county total and the sum of all counties matches the report's printed Grand Total exactly (Republican 620689, Democratic 327605, Libertarian 17645, Legal Marijuana NOW 10450, Nonpartisan 280919, Total 1257308)."
NE,31,county,Lancaster,31109,207598,2026-05-01,"complete; all 93 counties present; every county party breakdown sums to its county total and the sum of all counties matches the report's printed Grand Total exactly (Republican 620689, Democratic 327605, Libertarian 17645, Legal Marijuana NOW 10450, Nonpartisan 280919, Total 1257308)."
NE,31,county,Lincoln,31111,23102,2026-05-01,"complete; all 93 counties present; every county party breakdown sums to its county total and the sum of all counties matches the report's printed Grand Total exactly (Republican 620689, Democratic 327605, Libertarian 17645, Legal Marijuana NOW 10450, Nonpartisan 280919, Total 1257308)."
NE,31,county,Logan,31113,546,2026-05-01,"complete; all 93 counties present; every county party breakdown sums to its county total and the sum of all counties matches the report's printed Grand Total exactly (Republican 620689, Democratic 327605, Libertarian 17645, Legal Marijuana NOW 10450, Nonpartisan 280919, Total 1257308)."
NE,31,county,Loup,31115,508,2026-05-01,"complete; all 93 counties present; every county party breakdown sums to its county total and the sum of all counties matches the report's printed Grand Total exactly (Republican 620689, Democratic 327605, Libertarian 17645, Legal Marijuana NOW 10450, Nonpartisan 280919, Total 1257308)."
NE,31,county,Madison,31119,21091,2026-05-01,"complete; all 93 counties present; every county party breakdown sums to its county total and the sum of all counties matches the report's printed Grand Total exactly (Republican 620689, Democratic 327605, Libertarian 17645, Legal Marijuana NOW 10450, Nonpartisan 280919, Total 1257308)."
NE,31,county,McPherson,31117,329,2026-05-01,"complete; all 93 counties present; every county party breakdown sums to its county total and the sum of all counties matches the report's printed Grand Total exactly (Republican 620689, Democratic 327605, Libertarian 17645, Legal Marijuana NOW 10450, Nonpartisan 280919, Total 1257308)."
NE,31,county,Merrick,31121,5338,2026-05-01,"complete; all 93 counties present; every county party breakdown sums to its county total and the sum of all counties matches the report's printed Grand Total exactly (Republican 620689, Democratic 327605, Libertarian 17645, Legal Marijuana NOW 10450, Nonpartisan 280919, Total 1257308)."
NE,31,county,Morrill,31123,2983,2026-05-01,"complete; all 93 counties present; every county party breakdown sums to its county total and the sum of all counties matches the report's printed Grand Total exactly (Republican 620689, Democratic 327605, Libertarian 17645, Legal Marijuana NOW 10450, Nonpartisan 280919, Total 1257308)."
NE,31,county,Nance,31125,2398,2026-05-01,"complete; all 93 counties present; every county party breakdown sums to its county total and the sum of all counties matches the report's printed Grand Total exactly (Republican 620689, Democratic 327605, Libertarian 17645, Legal Marijuana NOW 10450, Nonpartisan 280919, Total 1257308)."
NE,31,county,Nemaha,31127,4472,2026-05-01,"complete; all 93 counties present; every county party breakdown sums to its county total and the sum of all counties matches the report's printed Grand Total exactly (Republican 620689, Democratic 327605, Libertarian 17645, Legal Marijuana NOW 10450, Nonpartisan 280919, Total 1257308)."
NE,31,county,Nuckolls,31129,3041,2026-05-01,"complete; all 93 counties present; every county party breakdown sums to its county total and the sum of all counties matches the report's printed Grand Total exactly (Republican 620689, Democratic 327605, Libertarian 17645, Legal Marijuana NOW 10450, Nonpartisan 280919, Total 1257308)."
NE,31,county,Otoe,31131,10751,2026-05-01,"complete; all 93 counties present; every county party breakdown sums to its county total and the sum of all counties matches the report's printed Grand Total exactly (Republican 620689, Democratic 327605, Libertarian 17645, Legal Marijuana NOW 10450, Nonpartisan 280919, Total 1257308)."
NE,31,county,Pawnee,31133,1766,2026-05-01,"complete; all 93 counties present; every county party breakdown sums to its county total and the sum of all counties matches the report's printed Grand Total exactly (Republican 620689, Democratic 327605, Libertarian 17645, Legal Marijuana NOW 10450, Nonpartisan 280919, Total 1257308)."
NE,31,county,Perkins,31135,1848,2026-05-01,"complete; all 93 counties present; every county party breakdown sums to its county total and the sum of all counties matches the report's printed Grand Total exactly (Republican 620689, Democratic 327605, Libertarian 17645, Legal Marijuana NOW 10450, Nonpartisan 280919, Total 1257308)."
NE,31,county,Phelps,31137,6130,2026-05-01,"complete; all 93 counties present; every county party breakdown sums to its county total and the sum of all counties matches the report's printed Grand Total exactly (Republican 620689, Democratic 327605, Libertarian 17645, Legal Marijuana NOW 10450, Nonpartisan 280919, Total 1257308)."
NE,31,county,Pierce,31139,5007,2026-05-01,"complete; all 93 counties present; every county party breakdown sums to its county total and the sum of all counties matches the report's printed Grand Total exactly (Republican 620689, Democratic 327605, Libertarian 17645, Legal Marijuana NOW 10450, Nonpartisan 280919, Total 1257308)."
NE,31,county,Platte,31141,20449,2026-05-01,"complete; all 93 counties present; every county party breakdown sums to its county total and the sum of all counties matches the report's printed Grand Total exactly (Republican 620689, Democratic 327605, Libertarian 17645, Legal Marijuana NOW 10450, Nonpartisan 280919, Total 1257308)."
NE,31,county,Polk,31143,3615,2026-05-01,"complete; all 93 counties present; every county party breakdown sums to its county total and the sum of all counties matches the report's printed Grand Total exactly (Republican 620689, Democratic 327605, Libertarian 17645, Legal Marijuana NOW 10450, Nonpartisan 280919, Total 1257308)."
NE,31,county,Red Willow,31145,7005,2026-05-01,"complete; all 93 counties present; every county party breakdown sums to its county total and the sum of all counties matches the report's printed Grand Total exactly (Republican 620689, Democratic 327605, Libertarian 17645, Legal Marijuana NOW 10450, Nonpartisan 280919, Total 1257308)."
NE,31,county,Richardson,31147,5172,2026-05-01,"complete; all 93 counties present; every county party breakdown sums to its county total and the sum of all counties matches the report's printed Grand Total exactly (Republican 620689, Democratic 327605, Libertarian 17645, Legal Marijuana NOW 10450, Nonpartisan 280919, Total 1257308)."
NE,31,county,Rock,31149,1056,2026-05-01,"complete; all 93 counties present; every county party breakdown sums to its county total and the sum of all counties matches the report's printed Grand Total exactly (Republican 620689, Democratic 327605, Libertarian 17645, Legal Marijuana NOW 10450, Nonpartisan 280919, Total 1257308)."
NE,31,county,Saline,31151,7669,2026-05-01,"complete; all 93 counties present; every county party breakdown sums to its county total and the sum of all counties matches the report's printed Grand Total exactly (Republican 620689, Democratic 327605, Libertarian 17645, Legal Marijuana NOW 10450, Nonpartisan 280919, Total 1257308)."
NE,31,county,Sarpy,31153,131399,2026-05-01,"complete; all 93 counties present; every county party breakdown sums to its county total and the sum of all counties matches the report's printed Grand Total exactly (Republican 620689, Democratic 327605, Libertarian 17645, Legal Marijuana NOW 10450, Nonpartisan 280919, Total 1257308)."
NE,31,county,Saunders,31155,16811,2026-05-01,"complete; all 93 counties present; every county party breakdown sums to its county total and the sum of all counties matches the report's printed Grand Total exactly (Republican 620689, Democratic 327605, Libertarian 17645, Legal Marijuana NOW 10450, Nonpartisan 280919, Total 1257308)."
NE,31,county,Scotts Bluff,31157,22485,2026-05-01,"complete; all 93 counties present; every county party breakdown sums to its county total and the sum of all counties matches the report's printed Grand Total exactly (Republican 620689, Democratic 327605, Libertarian 17645, Legal Marijuana NOW 10450, Nonpartisan 280919, Total 1257308)."
NE,31,county,Seward,31159,11591,2026-05-01,"complete; all 93 counties present; every county party breakdown sums to its county total and the sum of all counties matches the report's printed Grand Total exactly (Republican 620689, Democratic 327605, Libertarian 17645, Legal Marijuana NOW 10450, Nonpartisan 280919, Total 1257308)."
NE,31,county,Sheridan,31161,3310,2026-05-01,"complete; all 93 counties present; every county party breakdown sums to its county total and the sum of all counties matches the report's printed Grand Total exactly (Republican 620689, Democratic 327605, Libertarian 17645, Legal Marijuana NOW 10450, Nonpartisan 280919, Total 1257308)."
NE,31,county,Sherman,31163,2077,2026-05-01,"complete; all 93 counties present; every county party breakdown sums to its county total and the sum of all counties matches the report's printed Grand Total exactly (Republican 620689, Democratic 327605, Libertarian 17645, Legal Marijuana NOW 10450, Nonpartisan 280919, Total 1257308)."
NE,31,county,Sioux,31165,840,2026-05-01,"complete; all 93 counties present; every county party breakdown sums to its county total and the sum of all counties matches the report's printed Grand Total exactly (Republican 620689, Democratic 327605, Libertarian 17645, Legal Marijuana NOW 10450, Nonpartisan 280919, Total 1257308)."
NE,31,county,Stanton,31167,3773,2026-05-01,"complete; all 93 counties present; every county party breakdown sums to its county total and the sum of all counties matches the report's printed Grand Total exactly (Republican 620689, Democratic 327605, Libertarian 17645, Legal Marijuana NOW 10450, Nonpartisan 280919, Total 1257308)."
NE,31,county,Thayer,31169,3522,2026-05-01,"complete; all 93 counties present; every county party breakdown sums to its county total and the sum of all counties matches the report's printed Grand Total exactly (Republican 620689, Democratic 327605, Libertarian 17645, Legal Marijuana NOW 10450, Nonpartisan 280919, Total 1257308)."
NE,31,county,Thomas,31171,488,2026-05-01,"complete; all 93 counties present; every county party breakdown sums to its county total and the sum of all counties matches the report's printed Grand Total exactly (Republican 620689, Democratic 327605, Libertarian 17645, Legal Marijuana NOW 10450, Nonpartisan 280919, Total 1257308)."
NE,31,county,Thurston,31173,3769,2026-05-01,"complete; all 93 counties present; every county party breakdown sums to its county total and the sum of all counties matches the report's printed Grand Total exactly (Republican 620689, Democratic 327605, Libertarian 17645, Legal Marijuana NOW 10450, Nonpartisan 280919, Total 1257308)."
NE,31,county,Valley,31175,2976,2026-05-01,"complete; all 93 counties present; every county party breakdown sums to its county total and the sum of all counties matches the report's printed Grand Total exactly (Republican 620689, Democratic 327605, Libertarian 17645, Legal Marijuana NOW 10450, Nonpartisan 280919, Total 1257308)."
NE,31,county,Washington,31177,15459,2026-05-01,"complete; all 93 counties present; every county party breakdown sums to its county total and the sum of all counties matches the report's printed Grand Total exactly (Republican 620689, Democratic 327605, Libertarian 17645, Legal Marijuana NOW 10450, Nonpartisan 280919, Total 1257308)."
NE,31,county,Wayne,31179,5226,2026-05-01,"complete; all 93 counties present; every county party breakdown sums to its county total and the sum of all counties matches the report's printed Grand Total exactly (Republican 620689, Democratic 327605, Libertarian 17645, Legal Marijuana NOW 10450, Nonpartisan 280919, Total 1257308)."
NE,31,county,Webster,31181,2268,2026-05-01,"complete; all 93 counties present; every county party breakdown sums to its county total and the sum of all counties matches the report's printed Grand Total exactly (Republican 620689, Democratic 327605, Libertarian 17645, Legal Marijuana NOW 10450, Nonpartisan 280919, Total 1257308)."
NE,31,county,Wheeler,31183,568,2026-05-01,"complete; all 93 counties present; every county party breakdown sums to its county total and the sum of all counties matches the report's printed Grand Total exactly (Republican 620689, Democratic 327605, Libertarian 17645, Legal Marijuana NOW 10450, Nonpartisan 280919, Total 1257308)."
NE,31,county,York,31185,9279,2026-05-01,"complete; all 93 counties present; every county party breakdown sums to its county total and the sum of all counties matches the report's printed Grand Total exactly (Republican 620689, Democratic 327605, Libertarian 17645, Legal Marijuana NOW 10450, Nonpartisan 280919, Total 1257308)."
NH,33,town,Acworth,,705,2026-05-04,"high — official NH Secretary of State report; all 243 town/city units retained; every unit's party figures sum to its town total; sum of all units matches the statewide grand total (956,346) exactly; 10-county rollup also reconciles to the statewide total."
NH,33,town,Albany,,552,2026-05-04,"high — official NH Secretary of State report; all 243 town/city units retained; every unit's party figures sum to its town total; sum of all units matches the statewide grand total (956,346) exactly; 10-county rollup also reconciles to the statewide total."
NH,33,town,Alexandria,,1296,2026-05-04,"high — official NH Secretary of State report; all 243 town/city units retained; every unit's party figures sum to its town total; sum of all units matches the statewide grand total (956,346) exactly; 10-county rollup also reconciles to the statewide total."
NH,33,town,Allenstown,,3055,2026-05-04,"high — official NH Secretary of State report; all 243 town/city units retained; every unit's party figures sum to its town total; sum of all units matches the statewide grand total (956,346) exactly; 10-county rollup also reconciles to the statewide total."
NH,33,town,Alstead,,1393,2026-05-04,"high — official NH Secretary of State report; all 243 town/city units retained; every unit's party figures sum to its town total; sum of all units matches the statewide grand total (956,346) exactly; 10-county rollup also reconciles to the statewide total."
NH,33,town,Alton,,4774,2026-05-04,"high — official NH Secretary of State report; all 243 town/city units retained; every unit's party figures sum to its town total; sum of all units matches the statewide grand total (956,346) exactly; 10-county rollup also reconciles to the statewide total."
NH,33,town,Amherst,,8921,2026-05-04,"high — official NH Secretary of State report; all 243 town/city units retained; every unit's party figures sum to its town total; sum of all units matches the statewide grand total (956,346) exactly; 10-county rollup also reconciles to the statewide total."
NH,33,town,Andover,,1919,2026-05-04,"high — official NH Secretary of State report; all 243 town/city units retained; every unit's party figures sum to its town total; sum of all units matches the statewide grand total (956,346) exactly; 10-county rollup also reconciles to the statewide total."
NH,33,town,Antrim,,1968,2026-05-04,"high — official NH Secretary of State report; all 243 town/city units retained; every unit's party figures sum to its town total; sum of all units matches the statewide grand total (956,346) exactly; 10-county rollup also reconciles to the statewide total."
NH,33,town,Ashland,,1485,2026-05-04,"high — official NH Secretary of State report; all 243 town/city units retained; every unit's party figures sum to its town total; sum of all units matches the statewide grand total (956,346) exactly; 10-county rollup also reconciles to the statewide total."
NH,33,town,Atkinson,,5822,2026-05-04,"high — official NH Secretary of State report; all 243 town/city units retained; every unit's party figures sum to its town total; sum of all units matches the statewide grand total (956,346) exactly; 10-county rollup also reconciles to the statewide total."
NH,33,town,Auburn,,4560,2026-05-04,"high — official NH Secretary of State report; all 243 town/city units retained; every unit's party figures sum to its town total; sum of all units matches the statewide grand total (956,346) exactly; 10-county rollup also reconciles to the statewide total."
NH,33,town,Barnstead,,3558,2026-05-04,"high — official NH Secretary of State report; all 243 town/city units retained; every unit's party figures sum to its town total; sum of all units matches the statewide grand total (956,346) exactly; 10-county rollup also reconciles to the statewide total."
NH,33,town,Barrington,,7196,2026-05-04,"high — official NH Secretary of State report; all 243 town/city units retained; every unit's party figures sum to its town total; sum of all units matches the statewide grand total (956,346) exactly; 10-county rollup also reconciles to the statewide total."
NH,33,town,Bartlett,,2754,2026-05-04,"high — official NH Secretary of State report; all 243 town/city units retained; every unit's party figures sum to its town total; sum of all units matches the statewide grand total (956,346) exactly; 10-county rollup also reconciles to the statewide total."
NH,33,town,Bath,,775,2026-05-04,"high — official NH Secretary of State report; all 243 town/city units retained; every unit's party figures sum to its town total; sum of all units matches the statewide grand total (956,346) exactly; 10-county rollup also reconciles to the statewide total."
NH,33,town,Bedford,,16891,2026-05-04,"high — official NH Secretary of State report; all 243 town/city units retained; every unit's party figures sum to its town total; sum of all units matches the statewide grand total (956,346) exactly; 10-county rollup also reconciles to the statewide total."
NH,33,town,Belmont,,4938,2026-05-04,"high — official NH Secretary of State report; all 243 town/city units retained; every unit's party figures sum to its town total; sum of all units matches the statewide grand total (956,346) exactly; 10-county rollup also reconciles to the statewide total."
NH,33,town,Bennington,,1030,2026-05-04,"high — official NH Secretary of State report; all 243 town/city units retained; every unit's party figures sum to its town total; sum of all units matches the statewide grand total (956,346) exactly; 10-county rollup also reconciles to the statewide total."
NH,33,town,Benton,,259,2026-05-04,"high — official NH Secretary of State report; all 243 town/city units retained; every unit's party figures sum to its town total; sum of all units matches the statewide grand total (956,346) exactly; 10-county rollup also reconciles to the statewide total."
NH,33,town,Berlin,,4712,2026-05-04,"high — official NH Secretary of State report; all 243 town/city units retained; every unit's party figures sum to its town total; sum of all units matches the statewide grand total (956,346) exactly; 10-county rollup also reconciles to the statewide total."
NH,33,town,Bethlehem,,2044,2026-05-04,"high — official NH Secretary of State report; all 243 town/city units retained; every unit's party figures sum to its town total; sum of all units matches the statewide grand total (956,346) exactly; 10-county rollup also reconciles to the statewide total."
NH,33,town,Boscawen,,2451,2026-05-04,"high — official NH Secretary of State report; all 243 town/city units retained; every unit's party figures sum to its town total; sum of all units matches the statewide grand total (956,346) exactly; 10-county rollup also reconciles to the statewide total."
NH,33,town,Bow,,6247,2026-05-04,"high — official NH Secretary of State report; all 243 town/city units retained; every unit's party figures sum to its town total; sum of all units matches the statewide grand total (956,346) exactly; 10-county rollup also reconciles to the statewide total."
NH,33,town,Bradford,,1246,2026-05-04,"high — official NH Secretary of State report; all 243 town/city units retained; every unit's party figures sum to its town total; sum of all units matches the statewide grand total (956,346) exactly; 10-county rollup also reconciles to the statewide total."
NH,33,town,Brentwood,,3437,2026-05-04,"high — official NH Secretary of State report; all 243 town/city units retained; every unit's party figures sum to its town total; sum of all units matches the statewide grand total (956,346) exactly; 10-county rollup also reconciles to the statewide total."
NH,33,town,Bridgewater,,1029,2026-05-04,"high — official NH Secretary of State report; all 243 town/city units retained; every unit's party figures sum to its town total; sum of all units matches the statewide grand total (956,346) exactly; 10-county rollup also reconciles to the statewide total."
NH,33,town,Bristol,,2297,2026-05-04,"high — official NH Secretary of State report; all 243 town/city units retained; every unit's party figures sum to its town total; sum of all units matches the statewide grand total (956,346) exactly; 10-county rollup also reconciles to the statewide total."
NH,33,town,Brookfield,,614,2026-05-04,"high — official NH Secretary of State report; all 243 town/city units retained; every unit's party figures sum to its town total; sum of all units matches the statewide grand total (956,346) exactly; 10-county rollup also reconciles to the statewide total."
NH,33,town,Brookline,,4086,2026-05-04,"high — official NH Secretary of State report; all 243 town/city units retained; every unit's party figures sum to its town total; sum of all units matches the statewide grand total (956,346) exactly; 10-county rollup also reconciles to the statewide total."
NH,33,town,Cambridge,,8,2026-05-04,"high — official NH Secretary of State report; all 243 town/city units retained; every unit's party figures sum to its town total; sum of all units matches the statewide grand total (956,346) exactly; 10-county rollup also reconciles to the statewide total."
NH,33,town,Campton,,2551,2026-05-04,"high — official NH Secretary of State report; all 243 town/city units retained; every unit's party figures sum to its town total; sum of all units matches the statewide grand total (956,346) exactly; 10-county rollup also reconciles to the statewide total."
NH,33,town,Canaan,,2591,2026-05-04,"high — official NH Secretary of State report; all 243 town/city units retained; every unit's party figures sum to its town total; sum of all units matches the statewide grand total (956,346) exactly; 10-county rollup also reconciles to the statewide total."
NH,33,town,Candia,,3319,2026-05-04,"high — official NH Secretary of State report; all 243 town/city units retained; every unit's party figures sum to its town total; sum of all units matches the statewide grand total (956,346) exactly; 10-county rollup also reconciles to the statewide total."
NH,33,town,Canterbury,,1945,2026-05-04,"high — official NH Secretary of State report; all 243 town/city units retained; every unit's party figures sum to its town total; sum of all units matches the statewide grand total (956,346) exactly; 10-county rollup also reconciles to the statewide total."
NH,33,town,Carroll,,620,2026-05-04,"high — official NH Secretary of State report; all 243 town/city units retained; every unit's party figures sum to its town total; sum of all units matches the statewide grand total (956,346) exactly; 10-county rollup also reconciles to the statewide total."
NH,33,town,Center Harbor,,874,2026-05-04,"high — official NH Secretary of State report; all 243 town/city units retained; every unit's party figures sum to its town total; sum of all units matches the statewide grand total (956,346) exactly; 10-county rollup also reconciles to the statewide total."
NH,33,town,Charlestown,,3036,2026-05-04,"high — official NH Secretary of State report; all 243 town/city units retained; every unit's party figures sum to its town total; sum of all units matches the statewide grand total (956,346) exactly; 10-county rollup also reconciles to the statewide total."
NH,33,town,Chatham,,268,2026-05-04,"high — official NH Secretary of State report; all 243 town/city units retained; every unit's party figures sum to its town total; sum of all units matches the statewide grand total (956,346) exactly; 10-county rollup also reconciles to the statewide total."
NH,33,town,Chester,,4014,2026-05-04,"high — official NH Secretary of State report; all 243 town/city units retained; every unit's party figures sum to its town total; sum of all units matches the statewide grand total (956,346) exactly; 10-county rollup also reconciles to the statewide total."
NH,33,town,Chesterfield,,2812,2026-05-04,"high — official NH Secretary of State report; all 243 town/city units retained; every unit's party figures sum to its town total; sum of all units matches the statewide grand total (956,346) exactly; 10-county rollup also reconciles to the statewide total."
NH,33,town,Chichester,,2054,2026-05-04,"high — official NH Secretary of State report; all 243 town/city units retained; every unit's party figures sum to its town total; sum of all units matches the statewide grand total (956,346) exactly; 10-county rollup also reconciles to the statewide total."
NH,33,town,Claremont,,6750,2026-05-04,"high — official NH Secretary of State report; all 243 town/city units retained; every unit's party figures sum to its town total; sum of all units matches the statewide grand total (956,346) exactly; 10-county rollup also reconciles to the statewide total."
NH,33,town,Clarksville,,216,2026-05-04,"high — official NH Secretary of State report; all 243 town/city units retained; every unit's party figures sum to its town total; sum of all units matches the statewide grand total (956,346) exactly; 10-county rollup also reconciles to the statewide total."
NH,33,town,Colebrook,,1388,2026-05-04,"high — official NH Secretary of State report; all 243 town/city units retained; every unit's party figures sum to its town total; sum of all units matches the statewide grand total (956,346) exactly; 10-county rollup also reconciles to the statewide total."
NH,33,town,Columbia,,454,2026-05-04,"high — official NH Secretary of State report; all 243 town/city units retained; every unit's party figures sum to its town total; sum of all units matches the statewide grand total (956,346) exactly; 10-county rollup also reconciles to the statewide total."
NH,33,town,Concord,,28045,2026-05-04,"high — official NH Secretary of State report; all 243 town/city units retained; every unit's party figures sum to its town total; sum of all units matches the statewide grand total (956,346) exactly; 10-county rollup also reconciles to the statewide total."
NH,33,town,Conway,,7418,2026-05-04,"high — official NH Secretary of State report; all 243 town/city units retained; every unit's party figures sum to its town total; sum of all units matches the statewide grand total (956,346) exactly; 10-county rollup also reconciles to the statewide total."
NH,33,town,Cornish,,1196,2026-05-04,"high — official NH Secretary of State report; all 243 town/city units retained; every unit's party figures sum to its town total; sum of all units matches the statewide grand total (956,346) exactly; 10-county rollup also reconciles to the statewide total."
NH,33,town,Croydon,,644,2026-05-04,"high — official NH Secretary of State report; all 243 town/city units retained; every unit's party figures sum to its town total; sum of all units matches the statewide grand total (956,346) exactly; 10-county rollup also reconciles to the statewide total."
NH,33,town,Dalton,,721,2026-05-04,"high — official NH Secretary of State report; all 243 town/city units retained; every unit's party figures sum to its town total; sum of all units matches the statewide grand total (956,346) exactly; 10-county rollup also reconciles to the statewide total."
NH,33,town,Danbury,,956,2026-05-04,"high — official NH Secretary of State report; all 243 town/city units retained; every unit's party figures sum to its town total; sum of all units matches the statewide grand total (956,346) exactly; 10-county rollup also reconciles to the statewide total."
NH,33,town,Danville,,3271,2026-05-04,"high — official NH Secretary of State report; all 243 town/city units retained; every unit's party figures sum to its town total; sum of all units matches the statewide grand total (956,346) exactly; 10-county rollup also reconciles to the statewide total."
NH,33,town,Deerfield,,3714,2026-05-04,"high — official NH Secretary of State report; all 243 town/city units retained; every unit's party figures sum to its town total; sum of all units matches the statewide grand total (956,346) exactly; 10-county rollup also reconciles to the statewide total."
NH,33,town,Deering,,1334,2026-05-04,"high — official NH Secretary of State report; all 243 town/city units retained; every unit's party figures sum to its town total; sum of all units matches the statewide grand total (956,346) exactly; 10-county rollup also reconciles to the statewide total."
NH,33,town,Derry,,20493,2026-05-04,"high — official NH Secretary of State report; all 243 town/city units retained; every unit's party figures sum to its town total; sum of all units matches the statewide grand total (956,346) exactly; 10-county rollup also reconciles to the statewide total."
NH,33,town,Dixville,,6,2026-05-04,"high — official NH Secretary of State report; all 243 town/city units retained; every unit's party figures sum to its town total; sum of all units matches the statewide grand total (956,346) exactly; 10-county rollup also reconciles to the statewide total."
NH,33,town,Dorchester,,279,2026-05-04,"high — official NH Secretary of State report; all 243 town/city units retained; every unit's party figures sum to its town total; sum of all units matches the statewide grand total (956,346) exactly; 10-county rollup also reconciles to the statewide total."
NH,33,town,Dover,,21958,2026-05-04,"high — official NH Secretary of State report; all 243 town/city units retained; every unit's party figures sum to its town total; sum of all units matches the statewide grand total (956,346) exactly; 10-county rollup also reconciles to the statewide total."
NH,33,town,Dublin,,1280,2026-05-04,"high — official NH Secretary of State report; all 243 town/city units retained; every unit's party figures sum to its town total; sum of all units matches the statewide grand total (956,346) exactly; 10-county rollup also reconciles to the statewide total."
NH,33,town,Dummer,,223,2026-05-04,"high — official NH Secretary of State report; all 243 town/city units retained; every unit's party figures sum to its town total; sum of all units matches the statewide grand total (956,346) exactly; 10-county rollup also reconciles to the statewide total."
NH,33,town,Dunbarton,,2312,2026-05-04,"high — official NH Secretary of State report; all 243 town/city units retained; every unit's party figures sum to its town total; sum of all units matches the statewide grand total (956,346) exactly; 10-county rollup also reconciles to the statewide total."
NH,33,town,Durham,,12588,2026-05-04,"high — official NH Secretary of State report; all 243 town/city units retained; every unit's party figures sum to its town total; sum of all units matches the statewide grand total (956,346) exactly; 10-county rollup also reconciles to the statewide total."
NH,33,town,East Kingston,,1841,2026-05-04,"high — official NH Secretary of State report; all 243 town/city units retained; every unit's party figures sum to its town total; sum of all units matches the statewide grand total (956,346) exactly; 10-county rollup also reconciles to the statewide total."
NH,33,town,Easton,,272,2026-05-04,"high — official NH Secretary of State report; all 243 town/city units retained; every unit's party figures sum to its town total; sum of all units matches the statewide grand total (956,346) exactly; 10-county rollup also reconciles to the statewide total."
NH,33,town,Eaton,,377,2026-05-04,"high — official NH Secretary of State report; all 243 town/city units retained; every unit's party figures sum to its town total; sum of all units matches the statewide grand total (956,346) exactly; 10-county rollup also reconciles to the statewide total."
NH,33,town,Effingham,,1164,2026-05-04,"high — official NH Secretary of State report; all 243 town/city units retained; every unit's party figures sum to its town total; sum of all units matches the statewide grand total (956,346) exactly; 10-county rollup also reconciles to the statewide total."
NH,33,town,Ellsworth,,78,2026-05-04,"high — official NH Secretary of State report; all 243 town/city units retained; every unit's party figures sum to its town total; sum of all units matches the statewide grand total (956,346) exactly; 10-county rollup also reconciles to the statewide total."
NH,33,town,Enfield,,3277,2026-05-04,"high — official NH Secretary of State report; all 243 town/city units retained; every unit's party figures sum to its town total; sum of all units matches the statewide grand total (956,346) exactly; 10-county rollup also reconciles to the statewide total."
NH,33,town,Epping,,5782,2026-05-04,"high — official NH Secretary of State report; all 243 town/city units retained; every unit's party figures sum to its town total; sum of all units matches the statewide grand total (956,346) exactly; 10-county rollup also reconciles to the statewide total."
NH,33,town,Epsom,,3490,2026-05-04,"high — official NH Secretary of State report; all 243 town/city units retained; every unit's party figures sum to its town total; sum of all units matches the statewide grand total (956,346) exactly; 10-county rollup also reconciles to the statewide total."
NH,33,town,Errol,,291,2026-05-04,"high — official NH Secretary of State report; all 243 town/city units retained; every unit's party figures sum to its town total; sum of all units matches the statewide grand total (956,346) exactly; 10-county rollup also reconciles to the statewide total."
NH,33,town,Exeter,,12487,2026-05-04,"high — official NH Secretary of State report; all 243 town/city units retained; every unit's party figures sum to its town total; sum of all units matches the statewide grand total (956,346) exactly; 10-county rollup also reconciles to the statewide total."
NH,33,town,Farmington,,4176,2026-05-04,"high — official NH Secretary of State report; all 243 town/city units retained; every unit's party figures sum to its town total; sum of all units matches the statewide grand total (956,346) exactly; 10-county rollup also reconciles to the statewide total."
NH,33,town,Fitzwilliam,,1706,2026-05-04,"high — official NH Secretary of State report; all 243 town/city units retained; every unit's party figures sum to its town total; sum of all units matches the statewide grand total (956,346) exactly; 10-county rollup also reconciles to the statewide total."
NH,33,town,Francestown,,1361,2026-05-04,"high — official NH Secretary of State report; all 243 town/city units retained; every unit's party figures sum to its town total; sum of all units matches the statewide grand total (956,346) exactly; 10-county rollup also reconciles to the statewide total."
NH,33,town,Franconia,,973,2026-05-04,"high — official NH Secretary of State report; all 243 town/city units retained; every unit's party figures sum to its town total; sum of all units matches the statewide grand total (956,346) exactly; 10-county rollup also reconciles to the statewide total."
NH,33,town,Franklin,,5125,2026-05-04,"high — official NH Secretary of State report; all 243 town/city units retained; every unit's party figures sum to its town total; sum of all units matches the statewide grand total (956,346) exactly; 10-county rollup also reconciles to the statewide total."
NH,33,town,Freedom,,1322,2026-05-04,"high — official NH Secretary of State report; all 243 town/city units retained; every unit's party figures sum to its town total; sum of all units matches the statewide grand total (956,346) exactly; 10-county rollup also reconciles to the statewide total."
NH,33,town,Fremont,,3528,2026-05-04,"high — official NH Secretary of State report; all 243 town/city units retained; every unit's party figures sum to its town total; sum of all units matches the statewide grand total (956,346) exactly; 10-county rollup also reconciles to the statewide total."
NH,33,town,Gilford,,6222,2026-05-04,"high — official NH Secretary of State report; all 243 town/city units retained; every unit's party figures sum to its town total; sum of all units matches the statewide grand total (956,346) exactly; 10-county rollup also reconciles to the statewide total."
NH,33,town,Gilmanton,,3041,2026-05-04,"high — official NH Secretary of State report; all 243 town/city units retained; every unit's party figures sum to its town total; sum of all units matches the statewide grand total (956,346) exactly; 10-county rollup also reconciles to the statewide total."
NH,33,town,Gilsum,,614,2026-05-04,"high — official NH Secretary of State report; all 243 town/city units retained; every unit's party figures sum to its town total; sum of all units matches the statewide grand total (956,346) exactly; 10-county rollup also reconciles to the statewide total."
NH,33,town,Goffstown,,12036,2026-05-04,"high — official NH Secretary of State report; all 243 town/city units retained; every unit's party figures sum to its town total; sum of all units matches the statewide grand total (956,346) exactly; 10-county rollup also reconciles to the statewide total."
NH,33,town,Gorham,,1957,2026-05-04,"high — official NH Secretary of State report; all 243 town/city units retained; every unit's party figures sum to its town total; sum of all units matches the statewide grand total (956,346) exactly; 10-county rollup also reconciles to the statewide total."
NH,33,town,Goshen,,566,2026-05-04,"high — official NH Secretary of State report; all 243 town/city units retained; every unit's party figures sum to its town total; sum of all units matches the statewide grand total (956,346) exactly; 10-county rollup also reconciles to the statewide total."
NH,33,town,Grafton,,943,2026-05-04,"high — official NH Secretary of State report; all 243 town/city units retained; every unit's party figures sum to its town total; sum of all units matches the statewide grand total (956,346) exactly; 10-county rollup also reconciles to the statewide total."
NH,33,town,Grantham,,2955,2026-05-04,"high — official NH Secretary of State report; all 243 town/city units retained; every unit's party figures sum to its town total; sum of all units matches the statewide grand total (956,346) exactly; 10-county rollup also reconciles to the statewide total."
NH,33,town,Green's Grant,,1,2026-05-04,"high — official NH Secretary of State report; all 243 town/city units retained; every unit's party figures sum to its town total; sum of all units matches the statewide grand total (956,346) exactly; 10-county rollup also reconciles to the statewide total."
NH,33,town,Greenfield,,1161,2026-05-04,"high — official NH Secretary of State report; all 243 town/city units retained; every unit's party figures sum to its town total; sum of all units matches the statewide grand total (956,346) exactly; 10-county rollup also reconciles to the statewide total."
NH,33,town,Greenland,,3216,2026-05-04,"high — official NH Secretary of State report; all 243 town/city units retained; every unit's party figures sum to its town total; sum of all units matches the statewide grand total (956,346) exactly; 10-county rollup also reconciles to the statewide total."
NH,33,town,Greenville,,1213,2026-05-04,"high — official NH Secretary of State report; all 243 town/city units retained; every unit's party figures sum to its town total; sum of all units matches the statewide grand total (956,346) exactly; 10-county rollup also reconciles to the statewide total."
NH,33,town,Groton,,438,2026-05-04,"high — official NH Secretary of State report; all 243 town/city units retained; every unit's party figures sum to its town total; sum of all units matches the statewide grand total (956,346) exactly; 10-county rollup also reconciles to the statewide total."
NH,33,town,Hale's Location,,153,2026-05-04,"high — official NH Secretary of State report; all 243 town/city units retained; every unit's party figures sum to its town total; sum of all units matches the statewide grand total (956,346) exactly; 10-county rollup also reconciles to the statewide total."
NH,33,town,Hampstead,,6625,2026-05-04,"high — official NH Secretary of State report; all 243 town/city units retained; every unit's party figures sum to its town total; sum of all units matches the statewide grand total (956,346) exactly; 10-county rollup also reconciles to the statewide total."
NH,33,town,Hampton,,13203,2026-05-04,"high — official NH Secretary of State report; all 243 town/city units retained; every unit's party figures sum to its town total; sum of all units matches the statewide grand total (956,346) exactly; 10-county rollup also reconciles to the statewide total."
NH,33,town,Hampton Falls,,1786,2026-05-04,"high — official NH Secretary of State report; all 243 town/city units retained; every unit's party figures sum to its town total; sum of all units matches the statewide grand total (956,346) exactly; 10-county rollup also reconciles to the statewide total."
NH,33,town,Hancock,,1426,2026-05-04,"high — official NH Secretary of State report; all 243 town/city units retained; every unit's party figures sum to its town total; sum of all units matches the statewide grand total (956,346) exactly; 10-county rollup also reconciles to the statewide total."
NH,33,town,Hanover,,8005,2026-05-04,"high — official NH Secretary of State report; all 243 town/city units retained; every unit's party figures sum to its town total; sum of all units matches the statewide grand total (956,346) exactly; 10-county rollup also reconciles to the statewide total."
NH,33,town,Harrisville,,845,2026-05-04,"high — official NH Secretary of State report; all 243 town/city units retained; every unit's party figures sum to its town total; sum of all units matches the statewide grand total (956,346) exactly; 10-county rollup also reconciles to the statewide total."
NH,33,town,Hart's Location,,49,2026-05-04,"high — official NH Secretary of State report; all 243 town/city units retained; every unit's party figures sum to its town total; sum of all units matches the statewide grand total (956,346) exactly; 10-county rollup also reconciles to the statewide total."
NH,33,town,Haverhill,,2880,2026-05-04,"high — official NH Secretary of State report; all 243 town/city units retained; every unit's party figures sum to its town total; sum of all units matches the statewide grand total (956,346) exactly; 10-county rollup also reconciles to the statewide total."
NH,33,town,Hebron,,601,2026-05-04,"high — official NH Secretary of State report; all 243 town/city units retained; every unit's party figures sum to its town total; sum of all units matches the statewide grand total (956,346) exactly; 10-county rollup also reconciles to the statewide total."
NH,33,town,Henniker,,3557,2026-05-04,"high — official NH Secretary of State report; all 243 town/city units retained; every unit's party figures sum to its town total; sum of all units matches the statewide grand total (956,346) exactly; 10-county rollup also reconciles to the statewide total."
NH,33,town,Hill,,746,2026-05-04,"high — official NH Secretary of State report; all 243 town/city units retained; every unit's party figures sum to its town total; sum of all units matches the statewide grand total (956,346) exactly; 10-county rollup also reconciles to the statewide total."
NH,33,town,Hillsborough,,3947,2026-05-04,"high — official NH Secretary of State report; all 243 town/city units retained; every unit's party figures sum to its town total; sum of all units matches the statewide grand total (956,346) exactly; 10-county rollup also reconciles to the statewide total."
NH,33,town,Hinsdale,,2257,2026-05-04,"high — official NH Secretary of State report; all 243 town/city units retained; every unit's party figures sum to its town total; sum of all units matches the statewide grand total (956,346) exactly; 10-county rollup also reconciles to the statewide total."
NH,33,town,Holderness,,1680,2026-05-04,"high — official NH Secretary of State report; all 243 town/city units retained; every unit's party figures sum to its town total; sum of all units matches the statewide grand total (956,346) exactly; 10-county rollup also reconciles to the statewide total."
NH,33,town,Hollis,,6351,2026-05-04,"high — official NH Secretary of State report; all 243 town/city units retained; every unit's party figures sum to its town total; sum of all units matches the statewide grand total (956,346) exactly; 10-county rollup also reconciles to the statewide total."
NH,33,town,Hooksett,,10300,2026-05-04,"high — official NH Secretary of State report; all 243 town/city units retained; every unit's party figures sum to its town total; sum of all units matches the statewide grand total (956,346) exactly; 10-county rollup also reconciles to the statewide total."
NH,33,town,Hopkinton,,4778,2026-05-04,"high — official NH Secretary of State report; all 243 town/city units retained; every unit's party figures sum to its town total; sum of all units matches the statewide grand total (956,346) exactly; 10-county rollup also reconciles to the statewide total."
NH,33,town,Hudson,,17376,2026-05-04,"high — official NH Secretary of State report; all 243 town/city units retained; every unit's party figures sum to its town total; sum of all units matches the statewide grand total (956,346) exactly; 10-county rollup also reconciles to the statewide total."
NH,33,town,Jackson,,912,2026-05-04,"high — official NH Secretary of State report; all 243 town/city units retained; every unit's party figures sum to its town total; sum of all units matches the statewide grand total (956,346) exactly; 10-county rollup also reconciles to the statewide total."
NH,33,town,Jaffrey,,3730,2026-05-04,"high — official NH Secretary of State report; all 243 town/city units retained; every unit's party figures sum to its town total; sum of all units matches the statewide grand total (956,346) exactly; 10-county rollup also reconciles to the statewide total."
NH,33,town,Jefferson,,753,2026-05-04,"high — official NH Secretary of State report; all 243 town/city units retained; every unit's party figures sum to its town total; sum of all units matches the statewide grand total (956,346) exactly; 10-county rollup also reconciles to the statewide total."
NH,33,town,Keene,,16183,2026-05-04,"high — official NH Secretary of State report; all 243 town/city units retained; every unit's party figures sum to its town total; sum of all units matches the statewide grand total (956,346) exactly; 10-county rollup also reconciles to the statewide total."
NH,33,town,Kensington,,1734,2026-05-04,"high — official NH Secretary of State report; all 243 town/city units retained; every unit's party figures sum to its town total; sum of all units matches the statewide grand total (956,346) exactly; 10-county rollup also reconciles to the statewide total."
NH,33,town,Kingston,,4670,2026-05-04,"high — official NH Secretary of State report; all 243 town/city units retained; every unit's party figures sum to its town total; sum of all units matches the statewide grand total (956,346) exactly; 10-county rollup also reconciles to the statewide total."
NH,33,town,Laconia,,10970,2026-05-04,"high — official NH Secretary of State report; all 243 town/city units retained; every unit's party figures sum to its town total; sum of all units matches the statewide grand total (956,346) exactly; 10-county rollup also reconciles to the statewide total."
NH,33,town,Lancaster,,2057,2026-05-04,"high — official NH Secretary of State report; all 243 town/city units retained; every unit's party figures sum to its town total; sum of all units matches the statewide grand total (956,346) exactly; 10-county rollup also reconciles to the statewide total."
NH,33,town,Landaff,,328,2026-05-04,"high — official NH Secretary of State report; all 243 town/city units retained; every unit's party figures sum to its town total; sum of all units matches the statewide grand total (956,346) exactly; 10-county rollup also reconciles to the statewide total."
NH,33,town,Langdon,,496,2026-05-04,"high — official NH Secretary of State report; all 243 town/city units retained; every unit's party figures sum to its town total; sum of all units matches the statewide grand total (956,346) exactly; 10-county rollup also reconciles to the statewide total."
NH,33,town,Lebanon,,10118,2026-05-04,"high — official NH Secretary of State report; all 243 town/city units retained; every unit's party figures sum to its town total; sum of all units matches the statewide grand total (956,346) exactly; 10-county rollup also reconciles to the statewide total."
NH,33,town,Lee,,3354,2026-05-04,"high — official NH Secretary of State report; all 243 town/city units retained; every unit's party figures sum to its town total; sum of all units matches the statewide grand total (956,346) exactly; 10-county rollup also reconciles to the statewide total."
NH,33,town,Lempster,,906,2026-05-04,"high — official NH Secretary of State report; all 243 town/city units retained; every unit's party figures sum to its town total; sum of all units matches the statewide grand total (956,346) exactly; 10-county rollup also reconciles to the statewide total."
NH,33,town,Lincoln,,1217,2026-05-04,"high — official NH Secretary of State report; all 243 town/city units retained; every unit's party figures sum to its town total; sum of all units matches the statewide grand total (956,346) exactly; 10-county rollup also reconciles to the statewide total."
NH,33,town,Lisbon,,999,2026-05-04,"high — official NH Secretary of State report; all 243 town/city units retained; every unit's party figures sum to its town total; sum of all units matches the statewide grand total (956,346) exactly; 10-county rollup also reconciles to the statewide total."
NH,33,town,Litchfield,,6288,2026-05-04,"high — official NH Secretary of State report; all 243 town/city units retained; every unit's party figures sum to its town total; sum of all units matches the statewide grand total (956,346) exactly; 10-county rollup also reconciles to the statewide total."
NH,33,town,Littleton,,3885,2026-05-04,"high — official NH Secretary of State report; all 243 town/city units retained; every unit's party figures sum to its town total; sum of all units matches the statewide grand total (956,346) exactly; 10-county rollup also reconciles to the statewide total."
NH,33,town,Londonderry,,18402,2026-05-04,"high — official NH Secretary of State report; all 243 town/city units retained; every unit's party figures sum to its town total; sum of all units matches the statewide grand total (956,346) exactly; 10-county rollup also reconciles to the statewide total."
NH,33,town,Loudon,,4139,2026-05-04,"high — official NH Secretary of State report; all 243 town/city units retained; every unit's party figures sum to its town total; sum of all units matches the statewide grand total (956,346) exactly; 10-county rollup also reconciles to the statewide total."
NH,33,town,Lyman,,415,2026-05-04,"high — official NH Secretary of State report; all 243 town/city units retained; every unit's party figures sum to its town total; sum of all units matches the statewide grand total (956,346) exactly; 10-county rollup also reconciles to the statewide total."
NH,33,town,Lyme,,1452,2026-05-04,"high — official NH Secretary of State report; all 243 town/city units retained; every unit's party figures sum to its town total; sum of all units matches the statewide grand total (956,346) exactly; 10-county rollup also reconciles to the statewide total."
NH,33,town,Lyndeborough,,1271,2026-05-04,"high — official NH Secretary of State report; all 243 town/city units retained; every unit's party figures sum to its town total; sum of all units matches the statewide grand total (956,346) exactly; 10-county rollup also reconciles to the statewide total."
NH,33,town,Madbury,,1492,2026-05-04,"high — official NH Secretary of State report; all 243 town/city units retained; every unit's party figures sum to its town total; sum of all units matches the statewide grand total (956,346) exactly; 10-county rollup also reconciles to the statewide total."
NH,33,town,Madison,,2104,2026-05-04,"high — official NH Secretary of State report; all 243 town/city units retained; every unit's party figures sum to its town total; sum of all units matches the statewide grand total (956,346) exactly; 10-county rollup also reconciles to the statewide total."
NH,33,town,Manchester,,62344,2026-05-04,"high — official NH Secretary of State report; all 243 town/city units retained; every unit's party figures sum to its town total; sum of all units matches the statewide grand total (956,346) exactly; 10-county rollup also reconciles to the statewide total."
NH,33,town,Marlborough,,1584,2026-05-04,"high — official NH Secretary of State report; all 243 town/city units retained; every unit's party figures sum to its town total; sum of all units matches the statewide grand total (956,346) exactly; 10-county rollup also reconciles to the statewide total."
NH,33,town,Marlow,,531,2026-05-04,"high — official NH Secretary of State report; all 243 town/city units retained; every unit's party figures sum to its town total; sum of all units matches the statewide grand total (956,346) exactly; 10-county rollup also reconciles to the statewide total."
NH,33,town,Martin's Location,,2,2026-05-04,"high — official NH Secretary of State report; all 243 town/city units retained; every unit's party figures sum to its town total; sum of all units matches the statewide grand total (956,346) exactly; 10-county rollup also reconciles to the statewide total."
NH,33,town,Mason,,1060,2026-05-04,"high — official NH Secretary of State report; all 243 town/city units retained; every unit's party figures sum to its town total; sum of all units matches the statewide grand total (956,346) exactly; 10-county rollup also reconciles to the statewide total."
NH,33,town,Meredith,,5531,2026-05-04,"high — official NH Secretary of State report; all 243 town/city units retained; every unit's party figures sum to its town total; sum of all units matches the statewide grand total (956,346) exactly; 10-county rollup also reconciles to the statewide total."
NH,33,town,Merrimack,,19720,2026-05-04,"high — official NH Secretary of State report; all 243 town/city units retained; every unit's party figures sum to its town total; sum of all units matches the statewide grand total (956,346) exactly; 10-county rollup also reconciles to the statewide total."
NH,33,town,Middleton,,1347,2026-05-04,"high — official NH Secretary of State report; all 243 town/city units retained; every unit's party figures sum to its town total; sum of all units matches the statewide grand total (956,346) exactly; 10-county rollup also reconciles to the statewide total."
NH,33,town,Milan,,892,2026-05-04,"high — official NH Secretary of State report; all 243 town/city units retained; every unit's party figures sum to its town total; sum of all units matches the statewide grand total (956,346) exactly; 10-county rollup also reconciles to the statewide total."
NH,33,town,Milford,,10736,2026-05-04,"high — official NH Secretary of State report; all 243 town/city units retained; every unit's party figures sum to its town total; sum of all units matches the statewide grand total (956,346) exactly; 10-county rollup also reconciles to the statewide total."
NH,33,town,Millsfield,,21,2026-05-04,"high — official NH Secretary of State report; all 243 town/city units retained; every unit's party figures sum to its town total; sum of all units matches the statewide grand total (956,346) exactly; 10-county rollup also reconciles to the statewide total."
NH,33,town,Milton,,3243,2026-05-04,"high — official NH Secretary of State report; all 243 town/city units retained; every unit's party figures sum to its town total; sum of all units matches the statewide grand total (956,346) exactly; 10-county rollup also reconciles to the statewide total."
NH,33,town,Monroe,,647,2026-05-04,"high — official NH Secretary of State report; all 243 town/city units retained; every unit's party figures sum to its town total; sum of all units matches the statewide grand total (956,346) exactly; 10-county rollup also reconciles to the statewide total."
NH,33,town,Mont Vernon,,2095,2026-05-04,"high — official NH Secretary of State report; all 243 town/city units retained; every unit's party figures sum to its town total; sum of all units matches the statewide grand total (956,346) exactly; 10-county rollup also reconciles to the statewide total."
NH,33,town,Moultonborough,,4570,2026-05-04,"high — official NH Secretary of State report; all 243 town/city units retained; every unit's party figures sum to its town total; sum of all units matches the statewide grand total (956,346) exactly; 10-county rollup also reconciles to the statewide total."
NH,33,town,Nashua,,52751,2026-05-04,"high — official NH Secretary of State report; all 243 town/city units retained; every unit's party figures sum to its town total; sum of all units matches the statewide grand total (956,346) exactly; 10-county rollup also reconciles to the statewide total."
NH,33,town,Nelson,,484,2026-05-04,"high — official NH Secretary of State report; all 243 town/city units retained; every unit's party figures sum to its town total; sum of all units matches the statewide grand total (956,346) exactly; 10-county rollup also reconciles to the statewide total."
NH,33,town,New Boston,,4603,2026-05-04,"high — official NH Secretary of State report; all 243 town/city units retained; every unit's party figures sum to its town total; sum of all units matches the statewide grand total (956,346) exactly; 10-county rollup also reconciles to the statewide total."
NH,33,town,New Castle,,1027,2026-05-04,"high — official NH Secretary of State report; all 243 town/city units retained; every unit's party figures sum to its town total; sum of all units matches the statewide grand total (956,346) exactly; 10-county rollup also reconciles to the statewide total."
NH,33,town,New Durham,,2234,2026-05-04,"high — official NH Secretary of State report; all 243 town/city units retained; every unit's party figures sum to its town total; sum of all units matches the statewide grand total (956,346) exactly; 10-county rollup also reconciles to the statewide total."
NH,33,town,New Hampton,,1871,2026-05-04,"high — official NH Secretary of State report; all 243 town/city units retained; every unit's party figures sum to its town total; sum of all units matches the statewide grand total (956,346) exactly; 10-county rollup also reconciles to the statewide total."
NH,33,town,New Ipswich,,3806,2026-05-04,"high — official NH Secretary of State report; all 243 town/city units retained; every unit's party figures sum to its town total; sum of all units matches the statewide grand total (956,346) exactly; 10-county rollup also reconciles to the statewide total."
NH,33,town,New London,,3701,2026-05-04,"high — official NH Secretary of State report; all 243 town/city units retained; every unit's party figures sum to its town total; sum of all units matches the statewide grand total (956,346) exactly; 10-county rollup also reconciles to the statewide total."
NH,33,town,Newbury,,1913,2026-05-04,"high — official NH Secretary of State report; all 243 town/city units retained; every unit's party figures sum to its town total; sum of all units matches the statewide grand total (956,346) exactly; 10-county rollup also reconciles to the statewide total."
NH,33,town,Newfields,,1334,2026-05-04,"high — official NH Secretary of State report; all 243 town/city units retained; every unit's party figures sum to its town total; sum of all units matches the statewide grand total (956,346) exactly; 10-county rollup also reconciles to the statewide total."
NH,33,town,Newington,,702,2026-05-04,"high — official NH Secretary of State report; all 243 town/city units retained; every unit's party figures sum to its town total; sum of all units matches the statewide grand total (956,346) exactly; 10-county rollup also reconciles to the statewide total."
NH,33,town,Newmarket,,6967,2026-05-04,"high — official NH Secretary of State report; all 243 town/city units retained; every unit's party figures sum to its town total; sum of all units matches the statewide grand total (956,346) exactly; 10-county rollup also reconciles to the statewide total."
NH,33,town,Newport,,3935,2026-05-04,"high — official NH Secretary of State report; all 243 town/city units retained; every unit's party figures sum to its town total; sum of all units matches the statewide grand total (956,346) exactly; 10-county rollup also reconciles to the statewide total."
NH,33,town,Newton,,3471,2026-05-04,"high — official NH Secretary of State report; all 243 town/city units retained; every unit's party figures sum to its town total; sum of all units matches the statewide grand total (956,346) exactly; 10-county rollup also reconciles to the statewide total."
NH,33,town,North Hampton,,3836,2026-05-04,"high — official NH Secretary of State report; all 243 town/city units retained; every unit's party figures sum to its town total; sum of all units matches the statewide grand total (956,346) exactly; 10-county rollup also reconciles to the statewide total."
NH,33,town,Northfield,,3182,2026-05-04,"high — official NH Secretary of State report; all 243 town/city units retained; every unit's party figures sum to its town total; sum of all units matches the statewide grand total (956,346) exactly; 10-county rollup also reconciles to the statewide total."
NH,33,town,Northumberland,,1324,2026-05-04,"high — official NH Secretary of State report; all 243 town/city units retained; every unit's party figures sum to its town total; sum of all units matches the statewide grand total (956,346) exactly; 10-county rollup also reconciles to the statewide total."
NH,33,town,Northwood,,3472,2026-05-04,"high — official NH Secretary of State report; all 243 town/city units retained; every unit's party figures sum to its town total; sum of all units matches the statewide grand total (956,346) exactly; 10-county rollup also reconciles to the statewide total."
NH,33,town,Nottingham,,4096,2026-05-04,"high — official NH Secretary of State report; all 243 town/city units retained; every unit's party figures sum to its town total; sum of all units matches the statewide grand total (956,346) exactly; 10-county rollup also reconciles to the statewide total."
NH,33,town,Orange,,220,2026-05-04,"high — official NH Secretary of State report; all 243 town/city units retained; every unit's party figures sum to its town total; sum of all units matches the statewide grand total (956,346) exactly; 10-county rollup also reconciles to the statewide total."
NH,33,town,Orford,,906,2026-05-04,"high — official NH Secretary of State report; all 243 town/city units retained; every unit's party figures sum to its town total; sum of all units matches the statewide grand total (956,346) exactly; 10-county rollup also reconciles to the statewide total."
NH,33,town,Ossipee,,3293,2026-05-04,"high — official NH Secretary of State report; all 243 town/city units retained; every unit's party figures sum to its town total; sum of all units matches the statewide grand total (956,346) exactly; 10-county rollup also reconciles to the statewide total."
NH,33,town,Pelham,,10292,2026-05-04,"high — official NH Secretary of State report; all 243 town/city units retained; every unit's party figures sum to its town total; sum of all units matches the statewide grand total (956,346) exactly; 10-county rollup also reconciles to the statewide total."
NH,33,town,Pembroke,,4893,2026-05-04,"high — official NH Secretary of State report; all 243 town/city units retained; every unit's party figures sum to its town total; sum of all units matches the statewide grand total (956,346) exactly; 10-county rollup also reconciles to the statewide total."
NH,33,town,Peterborough,,5189,2026-05-04,"high — official NH Secretary of State report; all 243 town/city units retained; every unit's party figures sum to its town total; sum of all units matches the statewide grand total (956,346) exactly; 10-county rollup also reconciles to the statewide total."
NH,33,town,Piermont,,519,2026-05-04,"high — official NH Secretary of State report; all 243 town/city units retained; every unit's party figures sum to its town total; sum of all units matches the statewide grand total (956,346) exactly; 10-county rollup also reconciles to the statewide total."
NH,33,town,Pinkham's Grant,,10,2026-05-04,"high — official NH Secretary of State report; all 243 town/city units retained; every unit's party figures sum to its town total; sum of all units matches the statewide grand total (956,346) exactly; 10-county rollup also reconciles to the statewide total."
NH,33,town,Pittsburg,,708,2026-05-04,"high — official NH Secretary of State report; all 243 town/city units retained; every unit's party figures sum to its town total; sum of all units matches the statewide grand total (956,346) exactly; 10-county rollup also reconciles to the statewide total."
NH,33,town,Pittsfield,,2760,2026-05-04,"high — official NH Secretary of State report; all 243 town/city units retained; every unit's party figures sum to its town total; sum of all units matches the statewide grand total (956,346) exactly; 10-county rollup also reconciles to the statewide total."
NH,33,town,Plainfield,,1790,2026-05-04,"high — official NH Secretary of State report; all 243 town/city units retained; every unit's party figures sum to its town total; sum of all units matches the statewide grand total (956,346) exactly; 10-county rollup also reconciles to the statewide total."
NH,33,town,Plaistow,,5329,2026-05-04,"high — official NH Secretary of State report; all 243 town/city units retained; every unit's party figures sum to its town total; sum of all units matches the statewide grand total (956,346) exactly; 10-county rollup also reconciles to the statewide total."
NH,33,town,Plymouth,,5023,2026-05-04,"high — official NH Secretary of State report; all 243 town/city units retained; every unit's party figures sum to its town total; sum of all units matches the statewide grand total (956,346) exactly; 10-county rollup also reconciles to the statewide total."
NH,33,town,Portsmouth,,17173,2026-05-04,"high — official NH Secretary of State report; all 243 town/city units retained; every unit's party figures sum to its town total; sum of all units matches the statewide grand total (956,346) exactly; 10-county rollup also reconciles to the statewide total."
NH,33,town,Randolph,,290,2026-05-04,"high — official NH Secretary of State report; all 243 town/city units retained; every unit's party figures sum to its town total; sum of all units matches the statewide grand total (956,346) exactly; 10-county rollup also reconciles to the statewide total."
NH,33,town,Raymond,,7293,2026-05-04,"high — official NH Secretary of State report; all 243 town/city units retained; every unit's party figures sum to its town total; sum of all units matches the statewide grand total (956,346) exactly; 10-county rollup also reconciles to the statewide total."
NH,33,town,Richmond,,819,2026-05-04,"high — official NH Secretary of State report; all 243 town/city units retained; every unit's party figures sum to its town total; sum of all units matches the statewide grand total (956,346) exactly; 10-county rollup also reconciles to the statewide total."
NH,33,town,Rindge,,4722,2026-05-04,"high — official NH Secretary of State report; all 243 town/city units retained; every unit's party figures sum to its town total; sum of all units matches the statewide grand total (956,346) exactly; 10-county rollup also reconciles to the statewide total."
NH,33,town,Rochester,,20061,2026-05-04,"high — official NH Secretary of State report; all 243 town/city units retained; every unit's party figures sum to its town total; sum of all units matches the statewide grand total (956,346) exactly; 10-county rollup also reconciles to the statewide total."
NH,33,town,Rollinsford,,2073,2026-05-04,"high — official NH Secretary of State report; all 243 town/city units retained; every unit's party figures sum to its town total; sum of all units matches the statewide grand total (956,346) exactly; 10-county rollup also reconciles to the statewide total."
NH,33,town,Roxbury,,185,2026-05-04,"high — official NH Secretary of State report; all 243 town/city units retained; every unit's party figures sum to its town total; sum of all units matches the statewide grand total (956,346) exactly; 10-county rollup also reconciles to the statewide total."
NH,33,town,Rumney,,1160,2026-05-04,"high — official NH Secretary of State report; all 243 town/city units retained; every unit's party figures sum to its town total; sum of all units matches the statewide grand total (956,346) exactly; 10-county rollup also reconciles to the statewide total."
NH,33,town,Rye,,5163,2026-05-04,"high — official NH Secretary of State report; all 243 town/city units retained; every unit's party figures sum to its town total; sum of all units matches the statewide grand total (956,346) exactly; 10-county rollup also reconciles to the statewide total."
NH,33,town,Salem,,21062,2026-05-04,"high — official NH Secretary of State report; all 243 town/city units retained; every unit's party figures sum to its town total; sum of all units matches the statewide grand total (956,346) exactly; 10-county rollup also reconciles to the statewide total."
NH,33,town,Salisbury,,1146,2026-05-04,"high — official NH Secretary of State report; all 243 town/city units retained; every unit's party figures sum to its town total; sum of all units matches the statewide grand total (956,346) exactly; 10-county rollup also reconciles to the statewide total."
NH,33,town,Sanbornton,,2427,2026-05-04,"high — official NH Secretary of State report; all 243 town/city units retained; every unit's party figures sum to its town total; sum of all units matches the statewide grand total (956,346) exactly; 10-county rollup also reconciles to the statewide total."
NH,33,town,Sandown,,4755,2026-05-04,"high — official NH Secretary of State report; all 243 town/city units retained; every unit's party figures sum to its town total; sum of all units matches the statewide grand total (956,346) exactly; 10-county rollup also reconciles to the statewide total."
NH,33,town,Sandwich,,1285,2026-05-04,"high — official NH Secretary of State report; all 243 town/city units retained; every unit's party figures sum to its town total; sum of all units matches the statewide grand total (956,346) exactly; 10-county rollup also reconciles to the statewide total."
NH,33,town,Seabrook,,6246,2026-05-04,"high — official NH Secretary of State report; all 243 town/city units retained; every unit's party figures sum to its town total; sum of all units matches the statewide grand total (956,346) exactly; 10-county rollup also reconciles to the statewide total."
NH,33,town,Sharon,,326,2026-05-04,"high — official NH Secretary of State report; all 243 town/city units retained; every unit's party figures sum to its town total; sum of all units matches the statewide grand total (956,346) exactly; 10-county rollup also reconciles to the statewide total."
NH,33,town,Shelburne,,326,2026-05-04,"high — official NH Secretary of State report; all 243 town/city units retained; every unit's party figures sum to its town total; sum of all units matches the statewide grand total (956,346) exactly; 10-county rollup also reconciles to the statewide total."
NH,33,town,Somersworth,,7492,2026-05-04,"high — official NH Secretary of State report; all 243 town/city units retained; every unit's party figures sum to its town total; sum of all units matches the statewide grand total (956,346) exactly; 10-county rollup also reconciles to the statewide total."
NH,33,town,South Hampton,,679,2026-05-04,"high — official NH Secretary of State report; all 243 town/city units retained; every unit's party figures sum to its town total; sum of all units matches the statewide grand total (956,346) exactly; 10-county rollup also reconciles to the statewide total."
NH,33,town,Springfield,,1066,2026-05-04,"high — official NH Secretary of State report; all 243 town/city units retained; every unit's party figures sum to its town total; sum of all units matches the statewide grand total (956,346) exactly; 10-county rollup also reconciles to the statewide total."
NH,33,town,Stark,,393,2026-05-04,"high — official NH Secretary of State report; all 243 town/city units retained; every unit's party figures sum to its town total; sum of all units matches the statewide grand total (956,346) exactly; 10-county rollup also reconciles to the statewide total."
NH,33,town,Stewartstown,,525,2026-05-04,"high — official NH Secretary of State report; all 243 town/city units retained; every unit's party figures sum to its town total; sum of all units matches the statewide grand total (956,346) exactly; 10-county rollup also reconciles to the statewide total."
NH,33,town,Stoddard,,1088,2026-05-04,"high — official NH Secretary of State report; all 243 town/city units retained; every unit's party figures sum to its town total; sum of all units matches the statewide grand total (956,346) exactly; 10-county rollup also reconciles to the statewide total."
NH,33,town,Strafford,,3413,2026-05-04,"high — official NH Secretary of State report; all 243 town/city units retained; every unit's party figures sum to its town total; sum of all units matches the statewide grand total (956,346) exactly; 10-county rollup also reconciles to the statewide total."
NH,33,town,Stratford,,406,2026-05-04,"high — official NH Secretary of State report; all 243 town/city units retained; every unit's party figures sum to its town total; sum of all units matches the statewide grand total (956,346) exactly; 10-county rollup also reconciles to the statewide total."
NH,33,town,Stratham,,6183,2026-05-04,"high — official NH Secretary of State report; all 243 town/city units retained; every unit's party figures sum to its town total; sum of all units matches the statewide grand total (956,346) exactly; 10-county rollup also reconciles to the statewide total."
NH,33,town,Success,,2,2026-05-04,"high — official NH Secretary of State report; all 243 town/city units retained; every unit's party figures sum to its town total; sum of all units matches the statewide grand total (956,346) exactly; 10-county rollup also reconciles to the statewide total."
NH,33,town,Sugar Hill,,544,2026-05-04,"high — official NH Secretary of State report; all 243 town/city units retained; every unit's party figures sum to its town total; sum of all units matches the statewide grand total (956,346) exactly; 10-county rollup also reconciles to the statewide total."
NH,33,town,Sullivan,,460,2026-05-04,"high — official NH Secretary of State report; all 243 town/city units retained; every unit's party figures sum to its town total; sum of all units matches the statewide grand total (956,346) exactly; 10-county rollup also reconciles to the statewide total."
NH,33,town,Sunapee,,3091,2026-05-04,"high — official NH Secretary of State report; all 243 town/city units retained; every unit's party figures sum to its town total; sum of all units matches the statewide grand total (956,346) exactly; 10-county rollup also reconciles to the statewide total."
NH,33,town,Surry,,652,2026-05-04,"high — official NH Secretary of State report; all 243 town/city units retained; every unit's party figures sum to its town total; sum of all units matches the statewide grand total (956,346) exactly; 10-county rollup also reconciles to the statewide total."
NH,33,town,Sutton,,1682,2026-05-04,"high — official NH Secretary of State report; all 243 town/city units retained; every unit's party figures sum to its town total; sum of all units matches the statewide grand total (956,346) exactly; 10-county rollup also reconciles to the statewide total."
NH,33,town,Swanzey,,4774,2026-05-04,"high — official NH Secretary of State report; all 243 town/city units retained; every unit's party figures sum to its town total; sum of all units matches the statewide grand total (956,346) exactly; 10-county rollup also reconciles to the statewide total."
NH,33,town,Tamworth,,2151,2026-05-04,"high — official NH Secretary of State report; all 243 town/city units retained; every unit's party figures sum to its town total; sum of all units matches the statewide grand total (956,346) exactly; 10-county rollup also reconciles to the statewide total."
NH,33,town,Temple,,1069,2026-05-04,"high — official NH Secretary of State report; all 243 town/city units retained; every unit's party figures sum to its town total; sum of all units matches the statewide grand total (956,346) exactly; 10-county rollup also reconciles to the statewide total."
NH,33,town,Thornton,,2255,2026-05-04,"high — official NH Secretary of State report; all 243 town/city units retained; every unit's party figures sum to its town total; sum of all units matches the statewide grand total (956,346) exactly; 10-county rollup also reconciles to the statewide total."
NH,33,town,Tilton,,2673,2026-05-04,"high — official NH Secretary of State report; all 243 town/city units retained; every unit's party figures sum to its town total; sum of all units matches the statewide grand total (956,346) exactly; 10-county rollup also reconciles to the statewide total."
NH,33,town,Troy,,1483,2026-05-04,"high — official NH Secretary of State report; all 243 town/city units retained; every unit's party figures sum to its town total; sum of all units matches the statewide grand total (956,346) exactly; 10-county rollup also reconciles to the statewide total."
NH,33,town,Tuftonboro,,2214,2026-05-04,"high — official NH Secretary of State report; all 243 town/city units retained; every unit's party figures sum to its town total; sum of all units matches the statewide grand total (956,346) exactly; 10-county rollup also reconciles to the statewide total."
NH,33,town,Unity,,1024,2026-05-04,"high — official NH Secretary of State report; all 243 town/city units retained; every unit's party figures sum to its town total; sum of all units matches the statewide grand total (956,346) exactly; 10-county rollup also reconciles to the statewide total."
NH,33,town,Wakefield,,4125,2026-05-04,"high — official NH Secretary of State report; all 243 town/city units retained; every unit's party figures sum to its town total; sum of all units matches the statewide grand total (956,346) exactly; 10-county rollup also reconciles to the statewide total."
NH,33,town,Walpole,,2705,2026-05-04,"high — official NH Secretary of State report; all 243 town/city units retained; every unit's party figures sum to its town total; sum of all units matches the statewide grand total (956,346) exactly; 10-county rollup also reconciles to the statewide total."
NH,33,town,Warner,,2162,2026-05-04,"high — official NH Secretary of State report; all 243 town/city units retained; every unit's party figures sum to its town total; sum of all units matches the statewide grand total (956,346) exactly; 10-county rollup also reconciles to the statewide total."
NH,33,town,Warren,,601,2026-05-04,"high — official NH Secretary of State report; all 243 town/city units retained; every unit's party figures sum to its town total; sum of all units matches the statewide grand total (956,346) exactly; 10-county rollup also reconciles to the statewide total."
NH,33,town,Washington,,1022,2026-05-04,"high — official NH Secretary of State report; all 243 town/city units retained; every unit's party figures sum to its town total; sum of all units matches the statewide grand total (956,346) exactly; 10-county rollup also reconciles to the statewide total."
NH,33,town,Waterville Valley,,428,2026-05-04,"high — official NH Secretary of State report; all 243 town/city units retained; every unit's party figures sum to its town total; sum of all units matches the statewide grand total (956,346) exactly; 10-county rollup also reconciles to the statewide total."
NH,33,town,Weare,,6443,2026-05-04,"high — official NH Secretary of State report; all 243 town/city units retained; every unit's party figures sum to its town total; sum of all units matches the statewide grand total (956,346) exactly; 10-county rollup also reconciles to the statewide total."
NH,33,town,Webster,,1429,2026-05-04,"high — official NH Secretary of State report; all 243 town/city units retained; every unit's party figures sum to its town total; sum of all units matches the statewide grand total (956,346) exactly; 10-county rollup also reconciles to the statewide total."
NH,33,town,Wentworth,,731,2026-05-04,"high — official NH Secretary of State report; all 243 town/city units retained; every unit's party figures sum to its town total; sum of all units matches the statewide grand total (956,346) exactly; 10-county rollup also reconciles to the statewide total."
NH,33,town,Wentworth's Location,,25,2026-05-04,"high — official NH Secretary of State report; all 243 town/city units retained; every unit's party figures sum to its town total; sum of all units matches the statewide grand total (956,346) exactly; 10-county rollup also reconciles to the statewide total."
NH,33,town,Westmoreland,,1222,2026-05-04,"high — official NH Secretary of State report; all 243 town/city units retained; every unit's party figures sum to its town total; sum of all units matches the statewide grand total (956,346) exactly; 10-county rollup also reconciles to the statewide total."
NH,33,town,Whitefield,,1664,2026-05-04,"high — official NH Secretary of State report; all 243 town/city units retained; every unit's party figures sum to its town total; sum of all units matches the statewide grand total (956,346) exactly; 10-county rollup also reconciles to the statewide total."
NH,33,town,Wilmot,,1078,2026-05-04,"high — official NH Secretary of State report; all 243 town/city units retained; every unit's party figures sum to its town total; sum of all units matches the statewide grand total (956,346) exactly; 10-county rollup also reconciles to the statewide total."
NH,33,town,Wilton,,2900,2026-05-04,"high — official NH Secretary of State report; all 243 town/city units retained; every unit's party figures sum to its town total; sum of all units matches the statewide grand total (956,346) exactly; 10-county rollup also reconciles to the statewide total."
NH,33,town,Winchester,,2563,2026-05-04,"high — official NH Secretary of State report; all 243 town/city units retained; every unit's party figures sum to its town total; sum of all units matches the statewide grand total (956,346) exactly; 10-county rollup also reconciles to the statewide total."
NH,33,town,Windham,,11199,2026-05-04,"high — official NH Secretary of State report; all 243 town/city units retained; every unit's party figures sum to its town total; sum of all units matches the statewide grand total (956,346) exactly; 10-county rollup also reconciles to the statewide total."
NH,33,town,Windsor,,156,2026-05-04,"high — official NH Secretary of State report; all 243 town/city units retained; every unit's party figures sum to its town total; sum of all units matches the statewide grand total (956,346) exactly; 10-county rollup also reconciles to the statewide total."
NH,33,town,Wolfeboro,,5718,2026-05-04,"high — official NH Secretary of State report; all 243 town/city units retained; every unit's party figures sum to its town total; sum of all units matches the statewide grand total (956,346) exactly; 10-county rollup also reconciles to the statewide total."
NH,33,town,Woodstock,,975,2026-05-04,"high — official NH Secretary of State report; all 243 town/city units retained; every unit's party figures sum to its town total; sum of all units matches the statewide grand total (956,346) exactly; 10-county rollup also reconciles to the statewide total."
NJ,34,county,Atlantic,34001,205628,2026-06-01,"high - official NJ Division of Elections monthly PDF; all 21 county rows internally consistent (party columns sum to county totals) and all column totals match the printed statewide TOTAL row exactly (grand total 6,688,363)."
NJ,34,county,Bergen,34003,681746,2026-06-01,"high - official NJ Division of Elections monthly PDF; all 21 county rows internally consistent (party columns sum to county totals) and all column totals match the printed statewide TOTAL row exactly (grand total 6,688,363)."
NJ,34,county,Burlington,34005,373487,2026-06-01,"high - official NJ Division of Elections monthly PDF; all 21 county rows internally consistent (party columns sum to county totals) and all column totals match the printed statewide TOTAL row exactly (grand total 6,688,363)."
NJ,34,county,Camden,34007,393043,2026-06-01,"high - official NJ Division of Elections monthly PDF; all 21 county rows internally consistent (party columns sum to county totals) and all column totals match the printed statewide TOTAL row exactly (grand total 6,688,363)."
NJ,34,county,Cape May,34009,76928,2026-06-01,"high - official NJ Division of Elections monthly PDF; all 21 county rows internally consistent (party columns sum to county totals) and all column totals match the printed statewide TOTAL row exactly (grand total 6,688,363)."
NJ,34,county,Cumberland,34011,97350,2026-06-01,"high - official NJ Division of Elections monthly PDF; all 21 county rows internally consistent (party columns sum to county totals) and all column totals match the printed statewide TOTAL row exactly (grand total 6,688,363)."
NJ,34,county,Essex,34013,573602,2026-06-01,"high - official NJ Division of Elections monthly PDF; all 21 county rows internally consistent (party columns sum to county totals) and all column totals match the printed statewide TOTAL row exactly (grand total 6,688,363)."
NJ,34,county,Gloucester,34015,231858,2026-06-01,"high - official NJ Division of Elections monthly PDF; all 21 county rows internally consistent (party columns sum to county totals) and all column totals match the printed statewide TOTAL row exactly (grand total 6,688,363)."
NJ,34,county,Hudson,34017,434278,2026-06-01,"high - official NJ Division of Elections monthly PDF; all 21 county rows internally consistent (party columns sum to county totals) and all column totals match the printed statewide TOTAL row exactly (grand total 6,688,363)."
NJ,34,county,Hunterdon,34019,107877,2026-06-01,"high - official NJ Division of Elections monthly PDF; all 21 county rows internally consistent (party columns sum to county totals) and all column totals match the printed statewide TOTAL row exactly (grand total 6,688,363)."
NJ,34,county,Mercer,34021,271475,2026-06-01,"high - official NJ Division of Elections monthly PDF; all 21 county rows internally consistent (party columns sum to county totals) and all column totals match the printed statewide TOTAL row exactly (grand total 6,688,363)."
NJ,34,county,Middlesex,34023,592094,2026-06-01,"high - official NJ Division of Elections monthly PDF; all 21 county rows internally consistent (party columns sum to county totals) and all column totals match the printed statewide TOTAL row exactly (grand total 6,688,363)."
NJ,34,county,Monmouth,34025,508653,2026-06-01,"high - official NJ Division of Elections monthly PDF; all 21 county rows internally consistent (party columns sum to county totals) and all column totals match the printed statewide TOTAL row exactly (grand total 6,688,363)."
NJ,34,county,Morris,34027,393141,2026-06-01,"high - official NJ Division of Elections monthly PDF; all 21 county rows internally consistent (party columns sum to county totals) and all column totals match the printed statewide TOTAL row exactly (grand total 6,688,363)."
NJ,34,county,Ocean,34029,482549,2026-06-01,"high - official NJ Division of Elections monthly PDF; all 21 county rows internally consistent (party columns sum to county totals) and all column totals match the printed statewide TOTAL row exactly (grand total 6,688,363)."
NJ,34,county,Passaic,34031,343350,2026-06-01,"high - official NJ Division of Elections monthly PDF; all 21 county rows internally consistent (party columns sum to county totals) and all column totals match the printed statewide TOTAL row exactly (grand total 6,688,363)."
NJ,34,county,Salem,34033,50399,2026-06-01,"high - official NJ Division of Elections monthly PDF; all 21 county rows internally consistent (party columns sum to county totals) and all column totals match the printed statewide TOTAL row exactly (grand total 6,688,363)."
NJ,34,county,Somerset,34035,261705,2026-06-01,"high - official NJ Division of Elections monthly PDF; all 21 county rows internally consistent (party columns sum to county totals) and all column totals match the printed statewide TOTAL row exactly (grand total 6,688,363)."
NJ,34,county,Sussex,34037,121965,2026-06-01,"high - official NJ Division of Elections monthly PDF; all 21 county rows internally consistent (party columns sum to county totals) and all column totals match the printed statewide TOTAL row exactly (grand total 6,688,363)."
NJ,34,county,Union,34039,395597,2026-06-01,"high - official NJ Division of Elections monthly PDF; all 21 county rows internally consistent (party columns sum to county totals) and all column totals match the printed statewide TOTAL row exactly (grand total 6,688,363)."
NJ,34,county,Warren,34041,91638,2026-06-01,"high - official NJ Division of Elections monthly PDF; all 21 county rows internally consistent (party columns sum to county totals) and all column totals match the printed statewide TOTAL row exactly (grand total 6,688,363)."
NM,35,county,Bernalillo,35001,447967,2026-05-31,high
NM,35,county,Catron,35003,3313,2026-05-31,high
NM,35,county,Chaves,35005,37547,2026-05-31,high
NM,35,county,Cibola,35006,16623,2026-05-31,high
NM,35,county,Colfax,35007,8539,2026-05-31,high
NM,35,county,Curry,35009,26456,2026-05-31,high
NM,35,county,De Baca,35011,1318,2026-05-31,high
NM,35,county,Dona Ana,35013,146761,2026-05-31,high
NM,35,county,Eddy,35015,37625,2026-05-31,high
NM,35,county,Grant,35017,21652,2026-05-31,high
NM,35,county,Guadalupe,35019,3051,2026-05-31,high
NM,35,county,Harding,35021,570,2026-05-31,high
NM,35,county,Hidalgo,35023,2988,2026-05-31,high
NM,35,county,Lea,35025,39231,2026-05-31,high
NM,35,county,Lincoln,35027,14693,2026-05-31,high
NM,35,county,Los Alamos,35028,16374,2026-05-31,high
NM,35,county,Luna,35029,14258,2026-05-31,high
NM,35,county,McKinley,35031,46954,2026-05-31,high
NM,35,county,Mora,35033,3873,2026-05-31,high
NM,35,county,Otero,35035,41835,2026-05-31,high
NM,35,county,Quay,35037,5967,2026-05-31,high
NM,35,county,Rio Arriba,35039,26851,2026-05-31,high
NM,35,county,Roosevelt,35041,11673,2026-05-31,high
NM,35,county,San Juan,35045,84598,2026-05-31,high
NM,35,county,San Miguel,35047,18116,2026-05-31,high
NM,35,county,Sandoval,35043,116985,2026-05-31,high
NM,35,county,Santa Fe,35049,116391,2026-05-31,high
NM,35,county,Sierra,35051,8612,2026-05-31,high
NM,35,county,Socorro,35053,11237,2026-05-31,high
NM,35,county,Taos,35055,26641,2026-05-31,high
NM,35,county,Torrance,35057,11316,2026-05-31,high
NM,35,county,Union,35059,2532,2026-05-31,high
NM,35,county,Valencia,35061,51187,2026-05-31,high
NV,32,county,Carson City,32510,47885,2026-06-01,"high - official Nevada Secretary of State PDF; all 17 county-unit rows captured; every county row sum and all six party column sums independently verified to equal the reported statewide totals (Dem 669,779 + Rep 658,601 + Nonpartisan 964,572 + IndependentAmerican 103,402 + Libertarian 18,180 + Other 40,847 = 2,455,381)."
NV,32,county,Churchill,32001,21014,2026-06-01,"high - official Nevada Secretary of State PDF; all 17 county-unit rows captured; every county row sum and all six party column sums independently verified to equal the reported statewide totals (Dem 669,779 + Rep 658,601 + Nonpartisan 964,572 + IndependentAmerican 103,402 + Libertarian 18,180 + Other 40,847 = 2,455,381)."
NV,32,county,Clark,32003,1769381,2026-06-01,"high - official Nevada Secretary of State PDF; all 17 county-unit rows captured; every county row sum and all six party column sums independently verified to equal the reported statewide totals (Dem 669,779 + Rep 658,601 + Nonpartisan 964,572 + IndependentAmerican 103,402 + Libertarian 18,180 + Other 40,847 = 2,455,381)."
NV,32,county,Douglas,32005,47486,2026-06-01,"high - official Nevada Secretary of State PDF; all 17 county-unit rows captured; every county row sum and all six party column sums independently verified to equal the reported statewide totals (Dem 669,779 + Rep 658,601 + Nonpartisan 964,572 + IndependentAmerican 103,402 + Libertarian 18,180 + Other 40,847 = 2,455,381)."
NV,32,county,Elko,32007,36844,2026-06-01,"high - official Nevada Secretary of State PDF; all 17 county-unit rows captured; every county row sum and all six party column sums independently verified to equal the reported statewide totals (Dem 669,779 + Rep 658,601 + Nonpartisan 964,572 + IndependentAmerican 103,402 + Libertarian 18,180 + Other 40,847 = 2,455,381)."
NV,32,county,Esmeralda,32009,712,2026-06-01,"high - official Nevada Secretary of State PDF; all 17 county-unit rows captured; every county row sum and all six party column sums independently verified to equal the reported statewide totals (Dem 669,779 + Rep 658,601 + Nonpartisan 964,572 + IndependentAmerican 103,402 + Libertarian 18,180 + Other 40,847 = 2,455,381)."
NV,32,county,Eureka,32011,1280,2026-06-01,"high - official Nevada Secretary of State PDF; all 17 county-unit rows captured; every county row sum and all six party column sums independently verified to equal the reported statewide totals (Dem 669,779 + Rep 658,601 + Nonpartisan 964,572 + IndependentAmerican 103,402 + Libertarian 18,180 + Other 40,847 = 2,455,381)."
NV,32,county,Humboldt,32013,12604,2026-06-01,"high - official Nevada Secretary of State PDF; all 17 county-unit rows captured; every county row sum and all six party column sums independently verified to equal the reported statewide totals (Dem 669,779 + Rep 658,601 + Nonpartisan 964,572 + IndependentAmerican 103,402 + Libertarian 18,180 + Other 40,847 = 2,455,381)."
NV,32,county,Lander,32015,4192,2026-06-01,"high - official Nevada Secretary of State PDF; all 17 county-unit rows captured; every county row sum and all six party column sums independently verified to equal the reported statewide totals (Dem 669,779 + Rep 658,601 + Nonpartisan 964,572 + IndependentAmerican 103,402 + Libertarian 18,180 + Other 40,847 = 2,455,381)."
NV,32,county,Lincoln,32017,3303,2026-06-01,"high - official Nevada Secretary of State PDF; all 17 county-unit rows captured; every county row sum and all six party column sums independently verified to equal the reported statewide totals (Dem 669,779 + Rep 658,601 + Nonpartisan 964,572 + IndependentAmerican 103,402 + Libertarian 18,180 + Other 40,847 = 2,455,381)."
NV,32,county,Lyon,32019,56229,2026-06-01,"high - official Nevada Secretary of State PDF; all 17 county-unit rows captured; every county row sum and all six party column sums independently verified to equal the reported statewide totals (Dem 669,779 + Rep 658,601 + Nonpartisan 964,572 + IndependentAmerican 103,402 + Libertarian 18,180 + Other 40,847 = 2,455,381)."
NV,32,county,Mineral,32021,3273,2026-06-01,"high - official Nevada Secretary of State PDF; all 17 county-unit rows captured; every county row sum and all six party column sums independently verified to equal the reported statewide totals (Dem 669,779 + Rep 658,601 + Nonpartisan 964,572 + IndependentAmerican 103,402 + Libertarian 18,180 + Other 40,847 = 2,455,381)."
NV,32,county,Nye,32023,47131,2026-06-01,"high - official Nevada Secretary of State PDF; all 17 county-unit rows captured; every county row sum and all six party column sums independently verified to equal the reported statewide totals (Dem 669,779 + Rep 658,601 + Nonpartisan 964,572 + IndependentAmerican 103,402 + Libertarian 18,180 + Other 40,847 = 2,455,381)."
NV,32,county,Pershing,32027,3841,2026-06-01,"high - official Nevada Secretary of State PDF; all 17 county-unit rows captured; every county row sum and all six party column sums independently verified to equal the reported statewide totals (Dem 669,779 + Rep 658,601 + Nonpartisan 964,572 + IndependentAmerican 103,402 + Libertarian 18,180 + Other 40,847 = 2,455,381)."
NV,32,county,Storey,32029,4255,2026-06-01,"high - official Nevada Secretary of State PDF; all 17 county-unit rows captured; every county row sum and all six party column sums independently verified to equal the reported statewide totals (Dem 669,779 + Rep 658,601 + Nonpartisan 964,572 + IndependentAmerican 103,402 + Libertarian 18,180 + Other 40,847 = 2,455,381)."
NV,32,county,Washoe,32031,389709,2026-06-01,"high - official Nevada Secretary of State PDF; all 17 county-unit rows captured; every county row sum and all six party column sums independently verified to equal the reported statewide totals (Dem 669,779 + Rep 658,601 + Nonpartisan 964,572 + IndependentAmerican 103,402 + Libertarian 18,180 + Other 40,847 = 2,455,381)."
NV,32,county,White Pine,32033,6242,2026-06-01,"high - official Nevada Secretary of State PDF; all 17 county-unit rows captured; every county row sum and all six party column sums independently verified to equal the reported statewide totals (Dem 669,779 + Rep 658,601 + Nonpartisan 964,572 + IndependentAmerican 103,402 + Libertarian 18,180 + Other 40,847 = 2,455,381)."
NY,36,county,Albany,36001,207487,2026-02-20,high
NY,36,county,Allegany,36003,26905,2026-02-20,high
NY,36,county,Bronx,36005,738409,2026-02-20,high
NY,36,county,Broome,36007,126984,2026-02-20,high
NY,36,county,Cattaraugus,36009,48099,2026-02-20,high
NY,36,county,Cayuga,36011,48464,2026-02-20,high
NY,36,county,Chautauqua,36013,79724,2026-02-20,high
NY,36,county,Chemung,36015,51918,2026-02-20,high
NY,36,county,Chenango,36017,30547,2026-02-20,high
NY,36,county,Clinton,36019,50297,2026-02-20,high
NY,36,county,Columbia,36021,46649,2026-02-20,high
NY,36,county,Cortland,36023,28713,2026-02-20,high
NY,36,county,Delaware,36025,30272,2026-02-20,high
NY,36,county,Dutchess,36027,204858,2026-02-20,high
NY,36,county,Erie,36029,621485,2026-02-20,high
NY,36,county,Essex,36031,25930,2026-02-20,high
NY,36,county,Franklin,36033,27365,2026-02-20,high
NY,36,county,Fulton,36035,34300,2026-02-20,high
NY,36,county,Genesee,36037,38932,2026-02-20,high
NY,36,county,Greene,36039,32975,2026-02-20,high
NY,36,county,Hamilton,36041,4182,2026-02-20,high
NY,36,county,Herkimer,36043,39875,2026-02-20,high
NY,36,county,Jefferson,36045,62247,2026-02-20,high
NY,36,county,Kings,36047,1565595,2026-02-20,high
NY,36,county,Lewis,36049,17631,2026-02-20,high
NY,36,county,Livingston,36051,40661,2026-02-20,high
NY,36,county,Madison,36053,44228,2026-02-20,high
NY,36,county,Monroe,36055,494974,2026-02-20,high
NY,36,county,Montgomery,36057,29966,2026-02-20,high
NY,36,county,Nassau,36059,1002784,2026-02-20,high
NY,36,county,New York,36061,1054808,2026-02-20,high
NY,36,county,Niagara,36063,142821,2026-02-20,high
NY,36,county,Oneida,36065,136887,2026-02-20,high
NY,36,county,Onondaga,36067,308109,2026-02-20,high
NY,36,county,Ontario,36069,78746,2026-02-20,high
NY,36,county,Orange,36071,251095,2026-02-20,high
NY,36,county,Orleans,36073,25697,2026-02-20,high
NY,36,county,Oswego,36075,75179,2026-02-20,high
NY,36,county,Otsego,36077,37388,2026-02-20,high
NY,36,county,Putnam,36079,72796,2026-02-20,high
NY,36,county,Queens,36081,1283255,2026-02-20,high
NY,36,county,Rensselaer,36083,108733,2026-02-20,high
NY,36,county,Richmond,36085,318166,2026-02-20,high
NY,36,county,Rockland,36087,211600,2026-02-20,high
NY,36,county,St. Lawrence,36089,62377,2026-02-20,high
NY,36,county,Saratoga,36091,180683,2026-02-20,high
NY,36,county,Schenectady,36093,101600,2026-02-20,high
NY,36,county,Schoharie,36095,21003,2026-02-20,high
NY,36,county,Schuyler,36097,12705,2026-02-20,high
NY,36,county,Seneca,36099,20650,2026-02-20,high
NY,36,county,Steuben,36101,62026,2026-02-20,high
NY,36,county,Suffolk,36103,1077633,2026-02-20,high
NY,36,county,Sullivan,36105,51587,2026-02-20,high
NY,36,county,Tioga,36107,32805,2026-02-20,high
NY,36,county,Tompkins,36109,59839,2026-02-20,high
NY,36,county,Ulster,36111,128819,2026-02-20,high
NY,36,county,Warren,36113,47218,2026-02-20,high
NY,36,county,Washington,36115,39334,2026-02-20,high
NY,36,county,Wayne,36117,60148,2026-02-20,high
NY,36,county,Westchester,36119,641819,2026-02-20,high
NY,36,county,Wyoming,36121,24949,2026-02-20,high
NY,36,county,Yates,36123,14211,2026-02-20,high
OH,39,county,Adams,39001,17674,2024-11-05,partial
OH,39,county,Allen,39003,66201,2024-11-05,partial
OH,39,county,Ashland,39005,34756,2024-11-05,partial
OH,39,county,Ashtabula,39007,61356,2024-11-05,partial
OH,39,county,Athens,39009,32900,2024-11-05,partial
OH,39,county,Auglaize,39011,32887,2024-11-05,partial
OH,39,county,Belmont,39013,44628,2024-11-05,partial
OH,39,county,Brown,39015,29541,2024-11-05,partial
OH,39,county,Butler,39017,255570,2024-11-05,partial
OH,39,county,Carroll,39019,18409,2024-11-05,partial
OH,39,county,Champaign,39021,27055,2024-11-05,partial
OH,39,county,Clark,39023,87957,2024-11-05,partial
OH,39,county,Clermont,39025,151043,2024-11-05,partial
OH,39,county,Clinton,39027,27898,2024-11-05,partial
OH,39,county,Columbiana,39029,65979,2024-11-05,partial
OH,39,county,Coshocton,39031,22494,2024-11-05,partial
OH,39,county,Crawford,39033,28064,2024-11-05,partial
OH,39,county,Cuyahoga,39035,893801,2024-11-05,partial
OH,39,county,Darke,39037,35030,2024-11-05,partial
OH,39,county,Defiance,39039,22248,2024-11-05,partial
OH,39,county,Delaware,39041,165371,2024-11-05,partial
OH,39,county,Erie,39043,54260,2024-11-05,partial
OH,39,county,Fairfield,39045,112016,2024-11-05,partial
OH,39,county,Fayette,39047,17449,2024-11-05,partial
OH,39,county,Franklin,39049,903248,2024-11-05,partial
OH,39,county,Fulton,39051,29566,2024-11-05,partial
OH,39,county,Gallia,39053,19031,2024-11-05,partial
OH,39,county,Geauga,39055,69032,2024-11-05,partial
OH,39,county,Greene,39057,122193,2024-11-05,partial
OH,39,county,Guernsey,39059,24501,2024-11-05,partial
OH,39,county,Hamilton,39061,604199,2024-11-05,partial
OH,39,county,Hancock,39063,51936,2024-11-05,partial
OH,39,county,Hardin,39065,17922,2024-11-05,partial
OH,39,county,Harrison,39067,9890,2024-11-05,partial
OH,39,county,Henry,39069,19433,2024-11-05,partial
OH,39,county,Highland,39071,27611,2024-11-05,partial
OH,39,county,Hocking,39073,18430,2024-11-05,partial
OH,39,county,Holmes,39075,18085,2024-11-05,partial
OH,39,county,Huron,39077,36967,2024-11-05,partial
OH,39,county,Jackson,39079,20694,2024-11-05,partial
OH,39,county,Jefferson,39081,45726,2024-11-05,partial
OH,39,county,Knox,39083,43806,2024-11-05,partial
OH,39,county,Lake,39085,165578,2024-11-05,partial
OH,39,county,Lawrence,39087,43020,2024-11-05,partial
OH,39,county,Licking,39089,128657,2024-11-05,partial
OH,39,county,Logan,39091,32330,2024-11-05,partial
OH,39,county,Lorain,39093,221647,2024-11-05,partial
OH,39,county,Lucas,39095,251632,2024-11-05,partial
OH,39,county,Madison,39097,27191,2024-11-05,partial
OH,39,county,Mahoning,39099,163093,2024-11-05,partial
OH,39,county,Marion,39101,39576,2024-11-05,partial
OH,39,county,Medina,39103,134574,2024-11-05,partial
OH,39,county,Meigs,39105,14916,2024-11-05,partial
OH,39,county,Mercer,39107,29691,2024-11-05,partial
OH,39,county,Miami,39109,78731,2024-11-05,partial
OH,39,county,Monroe,39111,9326,2024-11-05,partial
OH,39,county,Montgomery,39113,373580,2024-11-05,partial
OH,39,county,Morgan,39115,9188,2024-11-05,partial
OH,39,county,Morrow,39117,24667,2024-11-05,partial
OH,39,county,Muskingum,39119,54637,2024-11-05,partial
OH,39,county,Noble,39121,8081,2024-11-05,partial
OH,39,county,Ottawa,39123,30695,2024-11-05,partial
OH,39,county,Paulding,39125,12665,2024-11-05,partial
OH,39,county,Perry,39127,22901,2024-11-05,partial
OH,39,county,Pickaway,39129,38574,2024-11-05,partial
OH,39,county,Pike,39131,18011,2024-11-05,partial
OH,39,county,Portage,39133,111135,2024-11-05,partial
OH,39,county,Preble,39135,28920,2024-11-05,partial
OH,39,county,Putnam,39137,24016,2024-11-05,partial
OH,39,county,Richland,39139,80649,2024-11-05,partial
OH,39,county,Ross,39141,39883,2024-11-05,partial
OH,39,county,Sandusky,39143,40511,2024-11-05,partial
OH,39,county,Scioto,39145,44713,2024-11-05,partial
OH,39,county,Seneca,39147,34779,2024-11-05,partial
OH,39,county,Shelby,39149,32947,2024-11-05,partial
OH,39,county,Stark,39151,253599,2024-11-05,partial
OH,39,county,Summit,39153,382722,2024-11-05,partial
OH,39,county,Trumbull,39155,137685,2024-11-05,partial
OH,39,county,Tuscarawas,39157,44321,2024-11-05,partial
OH,39,county,Union,39159,47353,2024-11-05,partial
OH,39,county,Van Wert,39161,20490,2024-11-05,partial
OH,39,county,Vinton,39163,7812,2024-11-05,partial
OH,39,county,Warren,39165,178612,2024-11-05,partial
OH,39,county,Washington,39167,42814,2024-11-05,partial
OH,39,county,Wayne,39169,70625,2024-11-05,partial
OH,39,county,Williams,39171,25160,2024-11-05,partial
OH,39,county,Wood,39173,90695,2024-11-05,partial
OH,39,county,Wyandot,39175,14839,2024-11-05,partial
OK,40,county,Adair,40001,11607,2026-05-31,"high — extracted directly from official Oklahoma State Election Board PDF; all 77 counties present; every county row sums exactly to its stated total; county party totals sum exactly to the published statewide grand total (Lib 23,536; Rep 1,290,034; Dem 613,532; Ind 495,471; Total 2,422,573)."
OK,40,county,Alfalfa,40003,3010,2026-05-31,"high — extracted directly from official Oklahoma State Election Board PDF; all 77 counties present; every county row sums exactly to its stated total; county party totals sum exactly to the published statewide grand total (Lib 23,536; Rep 1,290,034; Dem 613,532; Ind 495,471; Total 2,422,573)."
OK,40,county,Atoka,40005,8344,2026-05-31,"high — extracted directly from official Oklahoma State Election Board PDF; all 77 counties present; every county row sums exactly to its stated total; county party totals sum exactly to the published statewide grand total (Lib 23,536; Rep 1,290,034; Dem 613,532; Ind 495,471; Total 2,422,573)."
OK,40,county,Beaver,40007,3172,2026-05-31,"high — extracted directly from official Oklahoma State Election Board PDF; all 77 counties present; every county row sums exactly to its stated total; county party totals sum exactly to the published statewide grand total (Lib 23,536; Rep 1,290,034; Dem 613,532; Ind 495,471; Total 2,422,573)."
OK,40,county,Beckham,40009,11796,2026-05-31,"high — extracted directly from official Oklahoma State Election Board PDF; all 77 counties present; every county row sums exactly to its stated total; county party totals sum exactly to the published statewide grand total (Lib 23,536; Rep 1,290,034; Dem 613,532; Ind 495,471; Total 2,422,573)."
OK,40,county,Blaine,40011,5628,2026-05-31,"high — extracted directly from official Oklahoma State Election Board PDF; all 77 counties present; every county row sums exactly to its stated total; county party totals sum exactly to the published statewide grand total (Lib 23,536; Rep 1,290,034; Dem 613,532; Ind 495,471; Total 2,422,573)."
OK,40,county,Bryan,40013,30302,2026-05-31,"high — extracted directly from official Oklahoma State Election Board PDF; all 77 counties present; every county row sums exactly to its stated total; county party totals sum exactly to the published statewide grand total (Lib 23,536; Rep 1,290,034; Dem 613,532; Ind 495,471; Total 2,422,573)."
OK,40,county,Caddo,40015,14314,2026-05-31,"high — extracted directly from official Oklahoma State Election Board PDF; all 77 counties present; every county row sums exactly to its stated total; county party totals sum exactly to the published statewide grand total (Lib 23,536; Rep 1,290,034; Dem 613,532; Ind 495,471; Total 2,422,573)."
OK,40,county,Canadian,40017,111075,2026-05-31,"high — extracted directly from official Oklahoma State Election Board PDF; all 77 counties present; every county row sums exactly to its stated total; county party totals sum exactly to the published statewide grand total (Lib 23,536; Rep 1,290,034; Dem 613,532; Ind 495,471; Total 2,422,573)."
OK,40,county,Carter,40019,31485,2026-05-31,"high — extracted directly from official Oklahoma State Election Board PDF; all 77 counties present; every county row sums exactly to its stated total; county party totals sum exactly to the published statewide grand total (Lib 23,536; Rep 1,290,034; Dem 613,532; Ind 495,471; Total 2,422,573)."
OK,40,county,Cherokee,40021,28565,2026-05-31,"high — extracted directly from official Oklahoma State Election Board PDF; all 77 counties present; every county row sums exactly to its stated total; county party totals sum exactly to the published statewide grand total (Lib 23,536; Rep 1,290,034; Dem 613,532; Ind 495,471; Total 2,422,573)."
OK,40,county,Choctaw,40023,9204,2026-05-31,"high — extracted directly from official Oklahoma State Election Board PDF; all 77 counties present; every county row sums exactly to its stated total; county party totals sum exactly to the published statewide grand total (Lib 23,536; Rep 1,290,034; Dem 613,532; Ind 495,471; Total 2,422,573)."
OK,40,county,Cimarron,40025,1347,2026-05-31,"high — extracted directly from official Oklahoma State Election Board PDF; all 77 counties present; every county row sums exactly to its stated total; county party totals sum exactly to the published statewide grand total (Lib 23,536; Rep 1,290,034; Dem 613,532; Ind 495,471; Total 2,422,573)."
OK,40,county,Cleveland,40027,180667,2026-05-31,"high — extracted directly from official Oklahoma State Election Board PDF; all 77 counties present; every county row sums exactly to its stated total; county party totals sum exactly to the published statewide grand total (Lib 23,536; Rep 1,290,034; Dem 613,532; Ind 495,471; Total 2,422,573)."
OK,40,county,Coal,40029,3837,2026-05-31,"high — extracted directly from official Oklahoma State Election Board PDF; all 77 counties present; every county row sums exactly to its stated total; county party totals sum exactly to the published statewide grand total (Lib 23,536; Rep 1,290,034; Dem 613,532; Ind 495,471; Total 2,422,573)."
OK,40,county,Comanche,40031,62430,2026-05-31,"high — extracted directly from official Oklahoma State Election Board PDF; all 77 counties present; every county row sums exactly to its stated total; county party totals sum exactly to the published statewide grand total (Lib 23,536; Rep 1,290,034; Dem 613,532; Ind 495,471; Total 2,422,573)."
OK,40,county,Cotton,40033,3782,2026-05-31,"high — extracted directly from official Oklahoma State Election Board PDF; all 77 counties present; every county row sums exactly to its stated total; county party totals sum exactly to the published statewide grand total (Lib 23,536; Rep 1,290,034; Dem 613,532; Ind 495,471; Total 2,422,573)."
OK,40,county,Craig,40035,8557,2026-05-31,"high — extracted directly from official Oklahoma State Election Board PDF; all 77 counties present; every county row sums exactly to its stated total; county party totals sum exactly to the published statewide grand total (Lib 23,536; Rep 1,290,034; Dem 613,532; Ind 495,471; Total 2,422,573)."
OK,40,county,Creek,40037,45754,2026-05-31,"high — extracted directly from official Oklahoma State Election Board PDF; all 77 counties present; every county row sums exactly to its stated total; county party totals sum exactly to the published statewide grand total (Lib 23,536; Rep 1,290,034; Dem 613,532; Ind 495,471; Total 2,422,573)."
OK,40,county,Custer,40039,15478,2026-05-31,"high — extracted directly from official Oklahoma State Election Board PDF; all 77 counties present; every county row sums exactly to its stated total; county party totals sum exactly to the published statewide grand total (Lib 23,536; Rep 1,290,034; Dem 613,532; Ind 495,471; Total 2,422,573)."
OK,40,county,Delaware,40041,28383,2026-05-31,"high — extracted directly from official Oklahoma State Election Board PDF; all 77 counties present; every county row sums exactly to its stated total; county party totals sum exactly to the published statewide grand total (Lib 23,536; Rep 1,290,034; Dem 613,532; Ind 495,471; Total 2,422,573)."
OK,40,county,Dewey,40043,3048,2026-05-31,"high — extracted directly from official Oklahoma State Election Board PDF; all 77 counties present; every county row sums exactly to its stated total; county party totals sum exactly to the published statewide grand total (Lib 23,536; Rep 1,290,034; Dem 613,532; Ind 495,471; Total 2,422,573)."
OK,40,county,Ellis,40045,2524,2026-05-31,"high — extracted directly from official Oklahoma State Election Board PDF; all 77 counties present; every county row sums exactly to its stated total; county party totals sum exactly to the published statewide grand total (Lib 23,536; Rep 1,290,034; Dem 613,532; Ind 495,471; Total 2,422,573)."
OK,40,county,Garfield,40047,34300,2026-05-31,"high — extracted directly from official Oklahoma State Election Board PDF; all 77 counties present; every county row sums exactly to its stated total; county party totals sum exactly to the published statewide grand total (Lib 23,536; Rep 1,290,034; Dem 613,532; Ind 495,471; Total 2,422,573)."
OK,40,county,Garvin,40049,16477,2026-05-31,"high — extracted directly from official Oklahoma State Election Board PDF; all 77 counties present; every county row sums exactly to its stated total; county party totals sum exactly to the published statewide grand total (Lib 23,536; Rep 1,290,034; Dem 613,532; Ind 495,471; Total 2,422,573)."
OK,40,county,Grady,40051,36922,2026-05-31,"high — extracted directly from official Oklahoma State Election Board PDF; all 77 counties present; every county row sums exactly to its stated total; county party totals sum exactly to the published statewide grand total (Lib 23,536; Rep 1,290,034; Dem 613,532; Ind 495,471; Total 2,422,573)."
OK,40,county,Grant,40053,2887,2026-05-31,"high — extracted directly from official Oklahoma State Election Board PDF; all 77 counties present; every county row sums exactly to its stated total; county party totals sum exactly to the published statewide grand total (Lib 23,536; Rep 1,290,034; Dem 613,532; Ind 495,471; Total 2,422,573)."
OK,40,county,Greer,40055,2920,2026-05-31,"high — extracted directly from official Oklahoma State Election Board PDF; all 77 counties present; every county row sums exactly to its stated total; county party totals sum exactly to the published statewide grand total (Lib 23,536; Rep 1,290,034; Dem 613,532; Ind 495,471; Total 2,422,573)."
OK,40,county,Harmon,40057,1389,2026-05-31,"high — extracted directly from official Oklahoma State Election Board PDF; all 77 counties present; every county row sums exactly to its stated total; county party totals sum exactly to the published statewide grand total (Lib 23,536; Rep 1,290,034; Dem 613,532; Ind 495,471; Total 2,422,573)."
OK,40,county,Harper,40059,1905,2026-05-31,"high — extracted directly from official Oklahoma State Election Board PDF; all 77 counties present; every county row sums exactly to its stated total; county party totals sum exactly to the published statewide grand total (Lib 23,536; Rep 1,290,034; Dem 613,532; Ind 495,471; Total 2,422,573)."
OK,40,county,Haskell,40061,7064,2026-05-31,"high — extracted directly from official Oklahoma State Election Board PDF; all 77 counties present; every county row sums exactly to its stated total; county party totals sum exactly to the published statewide grand total (Lib 23,536; Rep 1,290,034; Dem 613,532; Ind 495,471; Total 2,422,573)."
OK,40,county,Hughes,40063,7126,2026-05-31,"high — extracted directly from official Oklahoma State Election Board PDF; all 77 counties present; every county row sums exactly to its stated total; county party totals sum exactly to the published statewide grand total (Lib 23,536; Rep 1,290,034; Dem 613,532; Ind 495,471; Total 2,422,573)."
OK,40,county,Jackson,40065,13514,2026-05-31,"high — extracted directly from official Oklahoma State Election Board PDF; all 77 counties present; every county row sums exactly to its stated total; county party totals sum exactly to the published statewide grand total (Lib 23,536; Rep 1,290,034; Dem 613,532; Ind 495,471; Total 2,422,573)."
OK,40,county,Jefferson,40067,3540,2026-05-31,"high — extracted directly from official Oklahoma State Election Board PDF; all 77 counties present; every county row sums exactly to its stated total; county party totals sum exactly to the published statewide grand total (Lib 23,536; Rep 1,290,034; Dem 613,532; Ind 495,471; Total 2,422,573)."
OK,40,county,Johnston,40069,6198,2026-05-31,"high — extracted directly from official Oklahoma State Election Board PDF; all 77 counties present; every county row sums exactly to its stated total; county party totals sum exactly to the published statewide grand total (Lib 23,536; Rep 1,290,034; Dem 613,532; Ind 495,471; Total 2,422,573)."
OK,40,county,Kay,40071,26201,2026-05-31,"high — extracted directly from official Oklahoma State Election Board PDF; all 77 counties present; every county row sums exactly to its stated total; county party totals sum exactly to the published statewide grand total (Lib 23,536; Rep 1,290,034; Dem 613,532; Ind 495,471; Total 2,422,573)."
OK,40,county,Kingfisher,40073,9457,2026-05-31,"high — extracted directly from official Oklahoma State Election Board PDF; all 77 counties present; every county row sums exactly to its stated total; county party totals sum exactly to the published statewide grand total (Lib 23,536; Rep 1,290,034; Dem 613,532; Ind 495,471; Total 2,422,573)."
OK,40,county,Kiowa,40075,4867,2026-05-31,"high — extracted directly from official Oklahoma State Election Board PDF; all 77 counties present; every county row sums exactly to its stated total; county party totals sum exactly to the published statewide grand total (Lib 23,536; Rep 1,290,034; Dem 613,532; Ind 495,471; Total 2,422,573)."
OK,40,county,Latimer,40077,6177,2026-05-31,"high — extracted directly from official Oklahoma State Election Board PDF; all 77 counties present; every county row sums exactly to its stated total; county party totals sum exactly to the published statewide grand total (Lib 23,536; Rep 1,290,034; Dem 613,532; Ind 495,471; Total 2,422,573)."
OK,40,county,Le Flore,40079,30264,2026-05-31,"high — extracted directly from official Oklahoma State Election Board PDF; all 77 counties present; every county row sums exactly to its stated total; county party totals sum exactly to the published statewide grand total (Lib 23,536; Rep 1,290,034; Dem 613,532; Ind 495,471; Total 2,422,573)."
OK,40,county,Lincoln,40081,22151,2026-05-31,"high — extracted directly from official Oklahoma State Election Board PDF; all 77 counties present; every county row sums exactly to its stated total; county party totals sum exactly to the published statewide grand total (Lib 23,536; Rep 1,290,034; Dem 613,532; Ind 495,471; Total 2,422,573)."
OK,40,county,Logan,40083,35519,2026-05-31,"high — extracted directly from official Oklahoma State Election Board PDF; all 77 counties present; every county row sums exactly to its stated total; county party totals sum exactly to the published statewide grand total (Lib 23,536; Rep 1,290,034; Dem 613,532; Ind 495,471; Total 2,422,573)."
OK,40,county,Love,40085,6824,2026-05-31,"high — extracted directly from official Oklahoma State Election Board PDF; all 77 counties present; every county row sums exactly to its stated total; county party totals sum exactly to the published statewide grand total (Lib 23,536; Rep 1,290,034; Dem 613,532; Ind 495,471; Total 2,422,573)."
OK,40,county,McClain,40087,30575,2026-05-31,"high — extracted directly from official Oklahoma State Election Board PDF; all 77 counties present; every county row sums exactly to its stated total; county party totals sum exactly to the published statewide grand total (Lib 23,536; Rep 1,290,034; Dem 613,532; Ind 495,471; Total 2,422,573)."
OK,40,county,McCurtain,40089,17739,2026-05-31,"high — extracted directly from official Oklahoma State Election Board PDF; all 77 counties present; every county row sums exactly to its stated total; county party totals sum exactly to the published statewide grand total (Lib 23,536; Rep 1,290,034; Dem 613,532; Ind 495,471; Total 2,422,573)."
OK,40,county,McIntosh,40091,12884,2026-05-31,"high — extracted directly from official Oklahoma State Election Board PDF; all 77 counties present; every county row sums exactly to its stated total; county party totals sum exactly to the published statewide grand total (Lib 23,536; Rep 1,290,034; Dem 613,532; Ind 495,471; Total 2,422,573)."
OK,40,county,Major,40093,4675,2026-05-31,"high — extracted directly from official Oklahoma State Election Board PDF; all 77 counties present; every county row sums exactly to its stated total; county party totals sum exactly to the published statewide grand total (Lib 23,536; Rep 1,290,034; Dem 613,532; Ind 495,471; Total 2,422,573)."
OK,40,county,Marshall,40095,10444,2026-05-31,"high — extracted directly from official Oklahoma State Election Board PDF; all 77 counties present; every county row sums exactly to its stated total; county party totals sum exactly to the published statewide grand total (Lib 23,536; Rep 1,290,034; Dem 613,532; Ind 495,471; Total 2,422,573)."
OK,40,county,Mayes,40097,25594,2026-05-31,"high — extracted directly from official Oklahoma State Election Board PDF; all 77 counties present; every county row sums exactly to its stated total; county party totals sum exactly to the published statewide grand total (Lib 23,536; Rep 1,290,034; Dem 613,532; Ind 495,471; Total 2,422,573)."
OK,40,county,Murray,40099,8734,2026-05-31,"high — extracted directly from official Oklahoma State Election Board PDF; all 77 counties present; every county row sums exactly to its stated total; county party totals sum exactly to the published statewide grand total (Lib 23,536; Rep 1,290,034; Dem 613,532; Ind 495,471; Total 2,422,573)."
OK,40,county,Muskogee,40101,38544,2026-05-31,"high — extracted directly from official Oklahoma State Election Board PDF; all 77 counties present; every county row sums exactly to its stated total; county party totals sum exactly to the published statewide grand total (Lib 23,536; Rep 1,290,034; Dem 613,532; Ind 495,471; Total 2,422,573)."
OK,40,county,Noble,40103,6966,2026-05-31,"high — extracted directly from official Oklahoma State Election Board PDF; all 77 counties present; every county row sums exactly to its stated total; county party totals sum exactly to the published statewide grand total (Lib 23,536; Rep 1,290,034; Dem 613,532; Ind 495,471; Total 2,422,573)."
OK,40,county,Nowata,40105,6733,2026-05-31,"high — extracted directly from official Oklahoma State Election Board PDF; all 77 counties present; every county row sums exactly to its stated total; county party totals sum exactly to the published statewide grand total (Lib 23,536; Rep 1,290,034; Dem 613,532; Ind 495,471; Total 2,422,573)."
OK,40,county,Okfuskee,40107,6097,2026-05-31,"high — extracted directly from official Oklahoma State Election Board PDF; all 77 counties present; every county row sums exactly to its stated total; county party totals sum exactly to the published statewide grand total (Lib 23,536; Rep 1,290,034; Dem 613,532; Ind 495,471; Total 2,422,573)."
OK,40,county,Oklahoma,40109,465016,2026-05-31,"high — extracted directly from official Oklahoma State Election Board PDF; all 77 counties present; every county row sums exactly to its stated total; county party totals sum exactly to the published statewide grand total (Lib 23,536; Rep 1,290,034; Dem 613,532; Ind 495,471; Total 2,422,573)."
OK,40,county,Okmulgee,40111,22145,2026-05-31,"high — extracted directly from official Oklahoma State Election Board PDF; all 77 counties present; every county row sums exactly to its stated total; county party totals sum exactly to the published statewide grand total (Lib 23,536; Rep 1,290,034; Dem 613,532; Ind 495,471; Total 2,422,573)."
OK,40,county,Osage,40113,29892,2026-05-31,"high — extracted directly from official Oklahoma State Election Board PDF; all 77 counties present; every county row sums exactly to its stated total; county party totals sum exactly to the published statewide grand total (Lib 23,536; Rep 1,290,034; Dem 613,532; Ind 495,471; Total 2,422,573)."
OK,40,county,Ottawa,40115,18725,2026-05-31,"high — extracted directly from official Oklahoma State Election Board PDF; all 77 counties present; every county row sums exactly to its stated total; county party totals sum exactly to the published statewide grand total (Lib 23,536; Rep 1,290,034; Dem 613,532; Ind 495,471; Total 2,422,573)."
OK,40,county,Pawnee,40117,10135,2026-05-31,"high — extracted directly from official Oklahoma State Election Board PDF; all 77 counties present; every county row sums exactly to its stated total; county party totals sum exactly to the published statewide grand total (Lib 23,536; Rep 1,290,034; Dem 613,532; Ind 495,471; Total 2,422,573)."
OK,40,county,Payne,40119,45453,2026-05-31,"high — extracted directly from official Oklahoma State Election Board PDF; all 77 counties present; every county row sums exactly to its stated total; county party totals sum exactly to the published statewide grand total (Lib 23,536; Rep 1,290,034; Dem 613,532; Ind 495,471; Total 2,422,573)."
OK,40,county,Pittsburg,40121,27590,2026-05-31,"high — extracted directly from official Oklahoma State Election Board PDF; all 77 counties present; every county row sums exactly to its stated total; county party totals sum exactly to the published statewide grand total (Lib 23,536; Rep 1,290,034; Dem 613,532; Ind 495,471; Total 2,422,573)."
OK,40,county,Pontotoc,40123,23527,2026-05-31,"high — extracted directly from official Oklahoma State Election Board PDF; all 77 counties present; every county row sums exactly to its stated total; county party totals sum exactly to the published statewide grand total (Lib 23,536; Rep 1,290,034; Dem 613,532; Ind 495,471; Total 2,422,573)."
OK,40,county,Pottawatomie,40125,43708,2026-05-31,"high — extracted directly from official Oklahoma State Election Board PDF; all 77 counties present; every county row sums exactly to its stated total; county party totals sum exactly to the published statewide grand total (Lib 23,536; Rep 1,290,034; Dem 613,532; Ind 495,471; Total 2,422,573)."
OK,40,county,Pushmataha,40127,7176,2026-05-31,"high — extracted directly from official Oklahoma State Election Board PDF; all 77 counties present; every county row sums exactly to its stated total; county party totals sum exactly to the published statewide grand total (Lib 23,536; Rep 1,290,034; Dem 613,532; Ind 495,471; Total 2,422,573)."
OK,40,county,Roger Mills,40129,2355,2026-05-31,"high — extracted directly from official Oklahoma State Election Board PDF; all 77 counties present; every county row sums exactly to its stated total; county party totals sum exactly to the published statewide grand total (Lib 23,536; Rep 1,290,034; Dem 613,532; Ind 495,471; Total 2,422,573)."
OK,40,county,Rogers,40131,66944,2026-05-31,"high — extracted directly from official Oklahoma State Election Board PDF; all 77 counties present; every county row sums exactly to its stated total; county party totals sum exactly to the published statewide grand total (Lib 23,536; Rep 1,290,034; Dem 613,532; Ind 495,471; Total 2,422,573)."
OK,40,county,Seminole,40133,12726,2026-05-31,"high — extracted directly from official Oklahoma State Election Board PDF; all 77 counties present; every county row sums exactly to its stated total; county party totals sum exactly to the published statewide grand total (Lib 23,536; Rep 1,290,034; Dem 613,532; Ind 495,471; Total 2,422,573)."
OK,40,county,Sequoyah,40135,24948,2026-05-31,"high — extracted directly from official Oklahoma State Election Board PDF; all 77 counties present; every county row sums exactly to its stated total; county party totals sum exactly to the published statewide grand total (Lib 23,536; Rep 1,290,034; Dem 613,532; Ind 495,471; Total 2,422,573)."
OK,40,county,Stephens,40137,28019,2026-05-31,"high — extracted directly from official Oklahoma State Election Board PDF; all 77 counties present; every county row sums exactly to its stated total; county party totals sum exactly to the published statewide grand total (Lib 23,536; Rep 1,290,034; Dem 613,532; Ind 495,471; Total 2,422,573)."
OK,40,county,Texas,40139,9048,2026-05-31,"high — extracted directly from official Oklahoma State Election Board PDF; all 77 counties present; every county row sums exactly to its stated total; county party totals sum exactly to the published statewide grand total (Lib 23,536; Rep 1,290,034; Dem 613,532; Ind 495,471; Total 2,422,573)."
OK,40,county,Tillman,40141,4012,2026-05-31,"high — extracted directly from official Oklahoma State Election Board PDF; all 77 counties present; every county row sums exactly to its stated total; county party totals sum exactly to the published statewide grand total (Lib 23,536; Rep 1,290,034; Dem 613,532; Ind 495,471; Total 2,422,573)."
OK,40,county,Tulsa,40143,398911,2026-05-31,"high — extracted directly from official Oklahoma State Election Board PDF; all 77 counties present; every county row sums exactly to its stated total; county party totals sum exactly to the published statewide grand total (Lib 23,536; Rep 1,290,034; Dem 613,532; Ind 495,471; Total 2,422,573)."
OK,40,county,Wagoner,40145,55517,2026-05-31,"high — extracted directly from official Oklahoma State Election Board PDF; all 77 counties present; every county row sums exactly to its stated total; county party totals sum exactly to the published statewide grand total (Lib 23,536; Rep 1,290,034; Dem 613,532; Ind 495,471; Total 2,422,573)."
OK,40,county,Washington,40147,34849,2026-05-31,"high — extracted directly from official Oklahoma State Election Board PDF; all 77 counties present; every county row sums exactly to its stated total; county party totals sum exactly to the published statewide grand total (Lib 23,536; Rep 1,290,034; Dem 613,532; Ind 495,471; Total 2,422,573)."
OK,40,county,Washita,40149,6758,2026-05-31,"high — extracted directly from official Oklahoma State Election Board PDF; all 77 counties present; every county row sums exactly to its stated total; county party totals sum exactly to the published statewide grand total (Lib 23,536; Rep 1,290,034; Dem 613,532; Ind 495,471; Total 2,422,573)."
OK,40,county,Woods,40151,5026,2026-05-31,"high — extracted directly from official Oklahoma State Election Board PDF; all 77 counties present; every county row sums exactly to its stated total; county party totals sum exactly to the published statewide grand total (Lib 23,536; Rep 1,290,034; Dem 613,532; Ind 495,471; Total 2,422,573)."
OK,40,county,Woodward,40153,11097,2026-05-31,"high — extracted directly from official Oklahoma State Election Board PDF; all 77 counties present; every county row sums exactly to its stated total; county party totals sum exactly to the published statewide grand total (Lib 23,536; Rep 1,290,034; Dem 613,532; Ind 495,471; Total 2,422,573)."
OR,41,county,Baker,41001,12950,2026-06-03,high
OR,41,county,Benton,41003,61481,2026-06-03,high
OR,41,county,Clackamas,41005,320115,2026-06-03,high
OR,41,county,Clatsop,41007,31959,2026-06-03,high
OR,41,county,Columbia,41009,42260,2026-06-03,high
OR,41,county,Coos,41011,50601,2026-06-03,high
OR,41,county,Crook,41013,21493,2026-06-03,high
OR,41,county,Curry,41015,19111,2026-06-03,high
OR,41,county,Deschutes,41017,165975,2026-06-03,high
OR,41,county,Douglas,41019,90542,2026-06-03,high
OR,41,county,Gilliam,41021,1440,2026-06-03,high
OR,41,county,Grant,41023,5535,2026-06-03,high
OR,41,county,Harney,41025,5605,2026-06-03,high
OR,41,county,Hood River,41027,16845,2026-06-03,high
OR,41,county,Jackson,41029,163974,2026-06-03,high
OR,41,county,Jefferson,41031,17672,2026-06-03,high
OR,41,county,Josephine,41033,69498,2026-06-03,high
OR,41,county,Klamath,41035,51308,2026-06-03,high
OR,41,county,Lake,41037,5657,2026-06-03,high
OR,41,county,Lane,41039,280673,2026-06-03,high
OR,41,county,Lincoln,41041,40218,2026-06-03,high
OR,41,county,Linn,41043,101123,2026-06-03,high
OR,41,county,Malheur,41045,18624,2026-06-03,high
OR,41,county,Marion,41047,229976,2026-06-03,high
OR,41,county,Morrow,41049,7244,2026-06-03,high
OR,41,county,Multnomah,41051,581159,2026-06-03,high
OR,41,county,Polk,41053,64988,2026-06-03,high
OR,41,county,Sherman,41055,1509,2026-06-03,high
OR,41,county,Tillamook,41057,21729,2026-06-03,high
OR,41,county,Umatilla,41059,51274,2026-06-03,high
OR,41,county,Union,41061,19698,2026-06-03,high
OR,41,county,Wallowa,41063,6318,2026-06-03,high
OR,41,county,Wasco,41065,19062,2026-06-03,high
OR,41,county,Washington,41067,406279,2026-06-03,high
OR,41,county,Wheeler,41069,1044,2026-06-03,high
OR,41,county,Yamhill,41071,77821,2026-06-03,high
PA,42,county,Adams,42001,76420,2026-06-08,"high; official PA Department of State weekly Excel report (currentvotestats.xlsx), 'Reg Voter' tab. All 67 counties present. Every county party breakdown (Dem+Rep+NoAff+Other) equals county total; statewide party sums equal statewide total (8,956,598) and match the file's own Totals row exactly."
PA,42,county,Allegheny,42003,915136,2026-06-08,"high; official PA Department of State weekly Excel report (currentvotestats.xlsx), 'Reg Voter' tab. All 67 counties present. Every county party breakdown (Dem+Rep+NoAff+Other) equals county total; statewide party sums equal statewide total (8,956,598) and match the file's own Totals row exactly."
PA,42,county,Armstrong,42005,43575,2026-06-08,"high; official PA Department of State weekly Excel report (currentvotestats.xlsx), 'Reg Voter' tab. All 67 counties present. Every county party breakdown (Dem+Rep+NoAff+Other) equals county total; statewide party sums equal statewide total (8,956,598) and match the file's own Totals row exactly."
PA,42,county,Beaver,42007,114228,2026-06-08,"high; official PA Department of State weekly Excel report (currentvotestats.xlsx), 'Reg Voter' tab. All 67 counties present. Every county party breakdown (Dem+Rep+NoAff+Other) equals county total; statewide party sums equal statewide total (8,956,598) and match the file's own Totals row exactly."
PA,42,county,Bedford,42009,33021,2026-06-08,"high; official PA Department of State weekly Excel report (currentvotestats.xlsx), 'Reg Voter' tab. All 67 counties present. Every county party breakdown (Dem+Rep+NoAff+Other) equals county total; statewide party sums equal statewide total (8,956,598) and match the file's own Totals row exactly."
PA,42,county,Berks,42011,273373,2026-06-08,"high; official PA Department of State weekly Excel report (currentvotestats.xlsx), 'Reg Voter' tab. All 67 counties present. Every county party breakdown (Dem+Rep+NoAff+Other) equals county total; statewide party sums equal statewide total (8,956,598) and match the file's own Totals row exactly."
PA,42,county,Blair,42013,81571,2026-06-08,"high; official PA Department of State weekly Excel report (currentvotestats.xlsx), 'Reg Voter' tab. All 67 counties present. Every county party breakdown (Dem+Rep+NoAff+Other) equals county total; statewide party sums equal statewide total (8,956,598) and match the file's own Totals row exactly."
PA,42,county,Bradford,42015,38817,2026-06-08,"high; official PA Department of State weekly Excel report (currentvotestats.xlsx), 'Reg Voter' tab. All 67 counties present. Every county party breakdown (Dem+Rep+NoAff+Other) equals county total; statewide party sums equal statewide total (8,956,598) and match the file's own Totals row exactly."
PA,42,county,Bucks,42017,483876,2026-06-08,"high; official PA Department of State weekly Excel report (currentvotestats.xlsx), 'Reg Voter' tab. All 67 counties present. Every county party breakdown (Dem+Rep+NoAff+Other) equals county total; statewide party sums equal statewide total (8,956,598) and match the file's own Totals row exactly."
PA,42,county,Butler,42019,143281,2026-06-08,"high; official PA Department of State weekly Excel report (currentvotestats.xlsx), 'Reg Voter' tab. All 67 counties present. Every county party breakdown (Dem+Rep+NoAff+Other) equals county total; statewide party sums equal statewide total (8,956,598) and match the file's own Totals row exactly."
PA,42,county,Cambria,42021,85913,2026-06-08,"high; official PA Department of State weekly Excel report (currentvotestats.xlsx), 'Reg Voter' tab. All 67 counties present. Every county party breakdown (Dem+Rep+NoAff+Other) equals county total; statewide party sums equal statewide total (8,956,598) and match the file's own Totals row exactly."
PA,42,county,Cameron,42023,2877,2026-06-08,"high; official PA Department of State weekly Excel report (currentvotestats.xlsx), 'Reg Voter' tab. All 67 counties present. Every county party breakdown (Dem+Rep+NoAff+Other) equals county total; statewide party sums equal statewide total (8,956,598) and match the file's own Totals row exactly."
PA,42,county,Carbon,42025,45553,2026-06-08,"high; official PA Department of State weekly Excel report (currentvotestats.xlsx), 'Reg Voter' tab. All 67 counties present. Every county party breakdown (Dem+Rep+NoAff+Other) equals county total; statewide party sums equal statewide total (8,956,598) and match the file's own Totals row exactly."
PA,42,county,Centre,42027,102079,2026-06-08,"high; official PA Department of State weekly Excel report (currentvotestats.xlsx), 'Reg Voter' tab. All 67 counties present. Every county party breakdown (Dem+Rep+NoAff+Other) equals county total; statewide party sums equal statewide total (8,956,598) and match the file's own Totals row exactly."
PA,42,county,Chester,42029,388677,2026-06-08,"high; official PA Department of State weekly Excel report (currentvotestats.xlsx), 'Reg Voter' tab. All 67 counties present. Every county party breakdown (Dem+Rep+NoAff+Other) equals county total; statewide party sums equal statewide total (8,956,598) and match the file's own Totals row exactly."
PA,42,county,Clarion,42031,23350,2026-06-08,"high; official PA Department of State weekly Excel report (currentvotestats.xlsx), 'Reg Voter' tab. All 67 counties present. Every county party breakdown (Dem+Rep+NoAff+Other) equals county total; statewide party sums equal statewide total (8,956,598) and match the file's own Totals row exactly."
PA,42,county,Clearfield,42033,49551,2026-06-08,"high; official PA Department of State weekly Excel report (currentvotestats.xlsx), 'Reg Voter' tab. All 67 counties present. Every county party breakdown (Dem+Rep+NoAff+Other) equals county total; statewide party sums equal statewide total (8,956,598) and match the file's own Totals row exactly."
PA,42,county,Clinton,42035,22524,2026-06-08,"high; official PA Department of State weekly Excel report (currentvotestats.xlsx), 'Reg Voter' tab. All 67 counties present. Every county party breakdown (Dem+Rep+NoAff+Other) equals county total; statewide party sums equal statewide total (8,956,598) and match the file's own Totals row exactly."
PA,42,county,Columbia,42037,40585,2026-06-08,"high; official PA Department of State weekly Excel report (currentvotestats.xlsx), 'Reg Voter' tab. All 67 counties present. Every county party breakdown (Dem+Rep+NoAff+Other) equals county total; statewide party sums equal statewide total (8,956,598) and match the file's own Totals row exactly."
PA,42,county,Crawford,42039,53064,2026-06-08,"high; official PA Department of State weekly Excel report (currentvotestats.xlsx), 'Reg Voter' tab. All 67 counties present. Every county party breakdown (Dem+Rep+NoAff+Other) equals county total; statewide party sums equal statewide total (8,956,598) and match the file's own Totals row exactly."
PA,42,county,Cumberland,42041,182769,2026-06-08,"high; official PA Department of State weekly Excel report (currentvotestats.xlsx), 'Reg Voter' tab. All 67 counties present. Every county party breakdown (Dem+Rep+NoAff+Other) equals county total; statewide party sums equal statewide total (8,956,598) and match the file's own Totals row exactly."
PA,42,county,Dauphin,42043,199689,2026-06-08,"high; official PA Department of State weekly Excel report (currentvotestats.xlsx), 'Reg Voter' tab. All 67 counties present. Every county party breakdown (Dem+Rep+NoAff+Other) equals county total; statewide party sums equal statewide total (8,956,598) and match the file's own Totals row exactly."
PA,42,county,Delaware,42045,409948,2026-06-08,"high; official PA Department of State weekly Excel report (currentvotestats.xlsx), 'Reg Voter' tab. All 67 counties present. Every county party breakdown (Dem+Rep+NoAff+Other) equals county total; statewide party sums equal statewide total (8,956,598) and match the file's own Totals row exactly."
PA,42,county,Elk,42047,20497,2026-06-08,"high; official PA Department of State weekly Excel report (currentvotestats.xlsx), 'Reg Voter' tab. All 67 counties present. Every county party breakdown (Dem+Rep+NoAff+Other) equals county total; statewide party sums equal statewide total (8,956,598) and match the file's own Totals row exactly."
PA,42,county,Erie,42049,174743,2026-06-08,"high; official PA Department of State weekly Excel report (currentvotestats.xlsx), 'Reg Voter' tab. All 67 counties present. Every county party breakdown (Dem+Rep+NoAff+Other) equals county total; statewide party sums equal statewide total (8,956,598) and match the file's own Totals row exactly."
PA,42,county,Fayette,42051,79573,2026-06-08,"high; official PA Department of State weekly Excel report (currentvotestats.xlsx), 'Reg Voter' tab. All 67 counties present. Every county party breakdown (Dem+Rep+NoAff+Other) equals county total; statewide party sums equal statewide total (8,956,598) and match the file's own Totals row exactly."
PA,42,county,Forest,42053,3195,2026-06-08,"high; official PA Department of State weekly Excel report (currentvotestats.xlsx), 'Reg Voter' tab. All 67 counties present. Every county party breakdown (Dem+Rep+NoAff+Other) equals county total; statewide party sums equal statewide total (8,956,598) and match the file's own Totals row exactly."
PA,42,county,Franklin,42055,105084,2026-06-08,"high; official PA Department of State weekly Excel report (currentvotestats.xlsx), 'Reg Voter' tab. All 67 counties present. Every county party breakdown (Dem+Rep+NoAff+Other) equals county total; statewide party sums equal statewide total (8,956,598) and match the file's own Totals row exactly."
PA,42,county,Fulton,42057,10107,2026-06-08,"high; official PA Department of State weekly Excel report (currentvotestats.xlsx), 'Reg Voter' tab. All 67 counties present. Every county party breakdown (Dem+Rep+NoAff+Other) equals county total; statewide party sums equal statewide total (8,956,598) and match the file's own Totals row exactly."
PA,42,county,Greene,42059,21752,2026-06-08,"high; official PA Department of State weekly Excel report (currentvotestats.xlsx), 'Reg Voter' tab. All 67 counties present. Every county party breakdown (Dem+Rep+NoAff+Other) equals county total; statewide party sums equal statewide total (8,956,598) and match the file's own Totals row exactly."
PA,42,county,Huntingdon,42061,27924,2026-06-08,"high; official PA Department of State weekly Excel report (currentvotestats.xlsx), 'Reg Voter' tab. All 67 counties present. Every county party breakdown (Dem+Rep+NoAff+Other) equals county total; statewide party sums equal statewide total (8,956,598) and match the file's own Totals row exactly."
PA,42,county,Indiana,42063,49177,2026-06-08,"high; official PA Department of State weekly Excel report (currentvotestats.xlsx), 'Reg Voter' tab. All 67 counties present. Every county party breakdown (Dem+Rep+NoAff+Other) equals county total; statewide party sums equal statewide total (8,956,598) and match the file's own Totals row exactly."
PA,42,county,Jefferson,42065,28096,2026-06-08,"high; official PA Department of State weekly Excel report (currentvotestats.xlsx), 'Reg Voter' tab. All 67 counties present. Every county party breakdown (Dem+Rep+NoAff+Other) equals county total; statewide party sums equal statewide total (8,956,598) and match the file's own Totals row exactly."
PA,42,county,Juniata,42067,14082,2026-06-08,"high; official PA Department of State weekly Excel report (currentvotestats.xlsx), 'Reg Voter' tab. All 67 counties present. Every county party breakdown (Dem+Rep+NoAff+Other) equals county total; statewide party sums equal statewide total (8,956,598) and match the file's own Totals row exactly."
PA,42,county,Lackawanna,42069,148988,2026-06-08,"high; official PA Department of State weekly Excel report (currentvotestats.xlsx), 'Reg Voter' tab. All 67 counties present. Every county party breakdown (Dem+Rep+NoAff+Other) equals county total; statewide party sums equal statewide total (8,956,598) and match the file's own Totals row exactly."
PA,42,county,Lancaster,42071,363399,2026-06-08,"high; official PA Department of State weekly Excel report (currentvotestats.xlsx), 'Reg Voter' tab. All 67 counties present. Every county party breakdown (Dem+Rep+NoAff+Other) equals county total; statewide party sums equal statewide total (8,956,598) and match the file's own Totals row exactly."
PA,42,county,Lawrence,42073,57420,2026-06-08,"high; official PA Department of State weekly Excel report (currentvotestats.xlsx), 'Reg Voter' tab. All 67 counties present. Every county party breakdown (Dem+Rep+NoAff+Other) equals county total; statewide party sums equal statewide total (8,956,598) and match the file's own Totals row exactly."
PA,42,county,Lebanon,42075,93661,2026-06-08,"high; official PA Department of State weekly Excel report (currentvotestats.xlsx), 'Reg Voter' tab. All 67 counties present. Every county party breakdown (Dem+Rep+NoAff+Other) equals county total; statewide party sums equal statewide total (8,956,598) and match the file's own Totals row exactly."
PA,42,county,Lehigh,42077,252995,2026-06-08,"high; official PA Department of State weekly Excel report (currentvotestats.xlsx), 'Reg Voter' tab. All 67 counties present. Every county party breakdown (Dem+Rep+NoAff+Other) equals county total; statewide party sums equal statewide total (8,956,598) and match the file's own Totals row exactly."
PA,42,county,Luzerne,42079,206228,2026-06-08,"high; official PA Department of State weekly Excel report (currentvotestats.xlsx), 'Reg Voter' tab. All 67 counties present. Every county party breakdown (Dem+Rep+NoAff+Other) equals county total; statewide party sums equal statewide total (8,956,598) and match the file's own Totals row exactly."
PA,42,county,Lycoming,42081,72578,2026-06-08,"high; official PA Department of State weekly Excel report (currentvotestats.xlsx), 'Reg Voter' tab. All 67 counties present. Every county party breakdown (Dem+Rep+NoAff+Other) equals county total; statewide party sums equal statewide total (8,956,598) and match the file's own Totals row exactly."
PA,42,county,McKean,42083,25174,2026-06-08,"high; official PA Department of State weekly Excel report (currentvotestats.xlsx), 'Reg Voter' tab. All 67 counties present. Every county party breakdown (Dem+Rep+NoAff+Other) equals county total; statewide party sums equal statewide total (8,956,598) and match the file's own Totals row exactly."
PA,42,county,Mercer,42085,71847,2026-06-08,"high; official PA Department of State weekly Excel report (currentvotestats.xlsx), 'Reg Voter' tab. All 67 counties present. Every county party breakdown (Dem+Rep+NoAff+Other) equals county total; statewide party sums equal statewide total (8,956,598) and match the file's own Totals row exactly."
PA,42,county,Mifflin,42087,27125,2026-06-08,"high; official PA Department of State weekly Excel report (currentvotestats.xlsx), 'Reg Voter' tab. All 67 counties present. Every county party breakdown (Dem+Rep+NoAff+Other) equals county total; statewide party sums equal statewide total (8,956,598) and match the file's own Totals row exactly."
PA,42,county,Monroe,42089,117066,2026-06-08,"high; official PA Department of State weekly Excel report (currentvotestats.xlsx), 'Reg Voter' tab. All 67 counties present. Every county party breakdown (Dem+Rep+NoAff+Other) equals county total; statewide party sums equal statewide total (8,956,598) and match the file's own Totals row exactly."
PA,42,county,Montgomery,42091,622031,2026-06-08,"high; official PA Department of State weekly Excel report (currentvotestats.xlsx), 'Reg Voter' tab. All 67 counties present. Every county party breakdown (Dem+Rep+NoAff+Other) equals county total; statewide party sums equal statewide total (8,956,598) and match the file's own Totals row exactly."
PA,42,county,Montour,42093,12326,2026-06-08,"high; official PA Department of State weekly Excel report (currentvotestats.xlsx), 'Reg Voter' tab. All 67 counties present. Every county party breakdown (Dem+Rep+NoAff+Other) equals county total; statewide party sums equal statewide total (8,956,598) and match the file's own Totals row exactly."
PA,42,county,Northampton,42095,231226,2026-06-08,"high; official PA Department of State weekly Excel report (currentvotestats.xlsx), 'Reg Voter' tab. All 67 counties present. Every county party breakdown (Dem+Rep+NoAff+Other) equals county total; statewide party sums equal statewide total (8,956,598) and match the file's own Totals row exactly."
PA,42,county,Northumberland,42097,55287,2026-06-08,"high; official PA Department of State weekly Excel report (currentvotestats.xlsx), 'Reg Voter' tab. All 67 counties present. Every county party breakdown (Dem+Rep+NoAff+Other) equals county total; statewide party sums equal statewide total (8,956,598) and match the file's own Totals row exactly."
PA,42,county,Perry,42099,31201,2026-06-08,"high; official PA Department of State weekly Excel report (currentvotestats.xlsx), 'Reg Voter' tab. All 67 counties present. Every county party breakdown (Dem+Rep+NoAff+Other) equals county total; statewide party sums equal statewide total (8,956,598) and match the file's own Totals row exactly."
PA,42,county,Philadelphia,42101,1080655,2026-06-08,"high; official PA Department of State weekly Excel report (currentvotestats.xlsx), 'Reg Voter' tab. All 67 counties present. Every county party breakdown (Dem+Rep+NoAff+Other) equals county total; statewide party sums equal statewide total (8,956,598) and match the file's own Totals row exactly."
PA,42,county,Pike,42103,47118,2026-06-08,"high; official PA Department of State weekly Excel report (currentvotestats.xlsx), 'Reg Voter' tab. All 67 counties present. Every county party breakdown (Dem+Rep+NoAff+Other) equals county total; statewide party sums equal statewide total (8,956,598) and match the file's own Totals row exactly."
PA,42,county,Potter,42105,11036,2026-06-08,"high; official PA Department of State weekly Excel report (currentvotestats.xlsx), 'Reg Voter' tab. All 67 counties present. Every county party breakdown (Dem+Rep+NoAff+Other) equals county total; statewide party sums equal statewide total (8,956,598) and match the file's own Totals row exactly."
PA,42,county,Schuylkill,42107,92194,2026-06-08,"high; official PA Department of State weekly Excel report (currentvotestats.xlsx), 'Reg Voter' tab. All 67 counties present. Every county party breakdown (Dem+Rep+NoAff+Other) equals county total; statewide party sums equal statewide total (8,956,598) and match the file's own Totals row exactly."
PA,42,county,Snyder,42109,23847,2026-06-08,"high; official PA Department of State weekly Excel report (currentvotestats.xlsx), 'Reg Voter' tab. All 67 counties present. Every county party breakdown (Dem+Rep+NoAff+Other) equals county total; statewide party sums equal statewide total (8,956,598) and match the file's own Totals row exactly."
PA,42,county,Somerset,42111,48432,2026-06-08,"high; official PA Department of State weekly Excel report (currentvotestats.xlsx), 'Reg Voter' tab. All 67 counties present. Every county party breakdown (Dem+Rep+NoAff+Other) equals county total; statewide party sums equal statewide total (8,956,598) and match the file's own Totals row exactly."
PA,42,county,Sullivan,42113,4440,2026-06-08,"high; official PA Department of State weekly Excel report (currentvotestats.xlsx), 'Reg Voter' tab. All 67 counties present. Every county party breakdown (Dem+Rep+NoAff+Other) equals county total; statewide party sums equal statewide total (8,956,598) and match the file's own Totals row exactly."
PA,42,county,Susquehanna,42115,27897,2026-06-08,"high; official PA Department of State weekly Excel report (currentvotestats.xlsx), 'Reg Voter' tab. All 67 counties present. Every county party breakdown (Dem+Rep+NoAff+Other) equals county total; statewide party sums equal statewide total (8,956,598) and match the file's own Totals row exactly."
PA,42,county,Tioga,42117,26750,2026-06-08,"high; official PA Department of State weekly Excel report (currentvotestats.xlsx), 'Reg Voter' tab. All 67 counties present. Every county party breakdown (Dem+Rep+NoAff+Other) equals county total; statewide party sums equal statewide total (8,956,598) and match the file's own Totals row exactly."
PA,42,county,Union,42119,26349,2026-06-08,"high; official PA Department of State weekly Excel report (currentvotestats.xlsx), 'Reg Voter' tab. All 67 counties present. Every county party breakdown (Dem+Rep+NoAff+Other) equals county total; statewide party sums equal statewide total (8,956,598) and match the file's own Totals row exactly."
PA,42,county,Venango,42121,32810,2026-06-08,"high; official PA Department of State weekly Excel report (currentvotestats.xlsx), 'Reg Voter' tab. All 67 counties present. Every county party breakdown (Dem+Rep+NoAff+Other) equals county total; statewide party sums equal statewide total (8,956,598) and match the file's own Totals row exactly."
PA,42,county,Warren,42123,25432,2026-06-08,"high; official PA Department of State weekly Excel report (currentvotestats.xlsx), 'Reg Voter' tab. All 67 counties present. Every county party breakdown (Dem+Rep+NoAff+Other) equals county total; statewide party sums equal statewide total (8,956,598) and match the file's own Totals row exactly."
PA,42,county,Washington,42125,145472,2026-06-08,"high; official PA Department of State weekly Excel report (currentvotestats.xlsx), 'Reg Voter' tab. All 67 counties present. Every county party breakdown (Dem+Rep+NoAff+Other) equals county total; statewide party sums equal statewide total (8,956,598) and match the file's own Totals row exactly."
PA,42,county,Wayne,42127,36554,2026-06-08,"high; official PA Department of State weekly Excel report (currentvotestats.xlsx), 'Reg Voter' tab. All 67 counties present. Every county party breakdown (Dem+Rep+NoAff+Other) equals county total; statewide party sums equal statewide total (8,956,598) and match the file's own Totals row exactly."
PA,42,county,Westmoreland,42129,250639,2026-06-08,"high; official PA Department of State weekly Excel report (currentvotestats.xlsx), 'Reg Voter' tab. All 67 counties present. Every county party breakdown (Dem+Rep+NoAff+Other) equals county total; statewide party sums equal statewide total (8,956,598) and match the file's own Totals row exactly."
PA,42,county,Wyoming,42131,18470,2026-06-08,"high; official PA Department of State weekly Excel report (currentvotestats.xlsx), 'Reg Voter' tab. All 67 counties present. Every county party breakdown (Dem+Rep+NoAff+Other) equals county total; statewide party sums equal statewide total (8,956,598) and match the file's own Totals row exactly."
PA,42,county,York,42133,325844,2026-06-08,"high; official PA Department of State weekly Excel report (currentvotestats.xlsx), 'Reg Voter' tab. All 67 counties present. Every county party breakdown (Dem+Rep+NoAff+Other) equals county total; statewide party sums equal statewide total (8,956,598) and match the file's own Totals row exactly."
RI,44,municipality,Barrington,,14302,2026-06-01,"high; official RI Dept. of State data; statewide-by-party, statewide-by-status, and municipality-by-party totals all reconcile exactly to 793,063."
RI,44,municipality,Bristol,,16150,2026-06-01,"high; official RI Dept. of State data; statewide-by-party, statewide-by-status, and municipality-by-party totals all reconcile exactly to 793,063."
RI,44,municipality,Burrillville,,13010,2026-06-01,"high; official RI Dept. of State data; statewide-by-party, statewide-by-status, and municipality-by-party totals all reconcile exactly to 793,063."
RI,44,municipality,Central Falls,,8582,2026-06-01,"high; official RI Dept. of State data; statewide-by-party, statewide-by-status, and municipality-by-party totals all reconcile exactly to 793,063."
RI,44,municipality,Charlestown,,7219,2026-06-01,"high; official RI Dept. of State data; statewide-by-party, statewide-by-status, and municipality-by-party totals all reconcile exactly to 793,063."
RI,44,municipality,Coventry,,28914,2026-06-01,"high; official RI Dept. of State data; statewide-by-party, statewide-by-status, and municipality-by-party totals all reconcile exactly to 793,063."
RI,44,municipality,Cranston,,60066,2026-06-01,"high; official RI Dept. of State data; statewide-by-party, statewide-by-status, and municipality-by-party totals all reconcile exactly to 793,063."
RI,44,municipality,Cumberland,,27939,2026-06-01,"high; official RI Dept. of State data; statewide-by-party, statewide-by-status, and municipality-by-party totals all reconcile exactly to 793,063."
RI,44,municipality,East Greenwich,,11657,2026-06-01,"high; official RI Dept. of State data; statewide-by-party, statewide-by-status, and municipality-by-party totals all reconcile exactly to 793,063."
RI,44,municipality,East Providence,,36466,2026-06-01,"high; official RI Dept. of State data; statewide-by-party, statewide-by-status, and municipality-by-party totals all reconcile exactly to 793,063."
RI,44,municipality,Exeter,,5617,2026-06-01,"high; official RI Dept. of State data; statewide-by-party, statewide-by-status, and municipality-by-party totals all reconcile exactly to 793,063."
RI,44,municipality,Foster,,4099,2026-06-01,"high; official RI Dept. of State data; statewide-by-party, statewide-by-status, and municipality-by-party totals all reconcile exactly to 793,063."
RI,44,municipality,Glocester,,8948,2026-06-01,"high; official RI Dept. of State data; statewide-by-party, statewide-by-status, and municipality-by-party totals all reconcile exactly to 793,063."
RI,44,municipality,Hopkinton,,7126,2026-06-01,"high; official RI Dept. of State data; statewide-by-party, statewide-by-status, and municipality-by-party totals all reconcile exactly to 793,063."
RI,44,municipality,Jamestown,,5074,2026-06-01,"high; official RI Dept. of State data; statewide-by-party, statewide-by-status, and municipality-by-party totals all reconcile exactly to 793,063."
RI,44,municipality,Johnston,,24086,2026-06-01,"high; official RI Dept. of State data; statewide-by-party, statewide-by-status, and municipality-by-party totals all reconcile exactly to 793,063."
RI,44,municipality,Lincoln,,18138,2026-06-01,"high; official RI Dept. of State data; statewide-by-party, statewide-by-status, and municipality-by-party totals all reconcile exactly to 793,063."
RI,44,municipality,Little Compton,,3300,2026-06-01,"high; official RI Dept. of State data; statewide-by-party, statewide-by-status, and municipality-by-party totals all reconcile exactly to 793,063."
RI,44,municipality,Middletown,,11589,2026-06-01,"high; official RI Dept. of State data; statewide-by-party, statewide-by-status, and municipality-by-party totals all reconcile exactly to 793,063."
RI,44,municipality,Narragansett,,12329,2026-06-01,"high; official RI Dept. of State data; statewide-by-party, statewide-by-status, and municipality-by-party totals all reconcile exactly to 793,063."
RI,44,municipality,New Shoreham,,1145,2026-06-01,"high; official RI Dept. of State data; statewide-by-party, statewide-by-status, and municipality-by-party totals all reconcile exactly to 793,063."
RI,44,municipality,Newport,,15015,2026-06-01,"high; official RI Dept. of State data; statewide-by-party, statewide-by-status, and municipality-by-party totals all reconcile exactly to 793,063."
RI,44,municipality,North Kingstown,,23557,2026-06-01,"high; official RI Dept. of State data; statewide-by-party, statewide-by-status, and municipality-by-party totals all reconcile exactly to 793,063."
RI,44,municipality,North Providence,,25870,2026-06-01,"high; official RI Dept. of State data; statewide-by-party, statewide-by-status, and municipality-by-party totals all reconcile exactly to 793,063."
RI,44,municipality,North Smithfield,,10251,2026-06-01,"high; official RI Dept. of State data; statewide-by-party, statewide-by-status, and municipality-by-party totals all reconcile exactly to 793,063."
RI,44,municipality,Pawtucket,,47867,2026-06-01,"high; official RI Dept. of State data; statewide-by-party, statewide-by-status, and municipality-by-party totals all reconcile exactly to 793,063."
RI,44,municipality,Portsmouth,,14716,2026-06-01,"high; official RI Dept. of State data; statewide-by-party, statewide-by-status, and municipality-by-party totals all reconcile exactly to 793,063."
RI,44,municipality,Providence,,112399,2026-06-01,"high; official RI Dept. of State data; statewide-by-party, statewide-by-status, and municipality-by-party totals all reconcile exactly to 793,063."
RI,44,municipality,Richmond,,6950,2026-06-01,"high; official RI Dept. of State data; statewide-by-party, statewide-by-status, and municipality-by-party totals all reconcile exactly to 793,063."
RI,44,municipality,Scituate,,9066,2026-06-01,"high; official RI Dept. of State data; statewide-by-party, statewide-by-status, and municipality-by-party totals all reconcile exactly to 793,063."
RI,44,municipality,Smithfield,,16037,2026-06-01,"high; official RI Dept. of State data; statewide-by-party, statewide-by-status, and municipality-by-party totals all reconcile exactly to 793,063."
RI,44,municipality,South Kingstown,,22369,2026-06-01,"high; official RI Dept. of State data; statewide-by-party, statewide-by-status, and municipality-by-party totals all reconcile exactly to 793,063."
RI,44,municipality,Tiverton,,13603,2026-06-01,"high; official RI Dept. of State data; statewide-by-party, statewide-by-status, and municipality-by-party totals all reconcile exactly to 793,063."
RI,44,municipality,Warren,,8816,2026-06-01,"high; official RI Dept. of State data; statewide-by-party, statewide-by-status, and municipality-by-party totals all reconcile exactly to 793,063."
RI,44,municipality,Warwick,,67391,2026-06-01,"high; official RI Dept. of State data; statewide-by-party, statewide-by-status, and municipality-by-party totals all reconcile exactly to 793,063."
RI,44,municipality,West Greenwich,,5465,2026-06-01,"high; official RI Dept. of State data; statewide-by-party, statewide-by-status, and municipality-by-party totals all reconcile exactly to 793,063."
RI,44,municipality,West Warwick,,22771,2026-06-01,"high; official RI Dept. of State data; statewide-by-party, statewide-by-status, and municipality-by-party totals all reconcile exactly to 793,063."
RI,44,municipality,Westerly,,19168,2026-06-01,"high; official RI Dept. of State data; statewide-by-party, statewide-by-status, and municipality-by-party totals all reconcile exactly to 793,063."
RI,44,municipality,Woonsocket,,25996,2026-06-01,"high; official RI Dept. of State data; statewide-by-party, statewide-by-status, and municipality-by-party totals all reconcile exactly to 793,063."
SC,45,county,Abbeville,45001,15574,2026-06-04,high
SC,45,county,Aiken,45003,115449,2026-06-04,high
SC,45,county,Allendale,45005,4398,2026-06-04,high
SC,45,county,Anderson,45007,129251,2026-06-04,high
SC,45,county,Bamberg,45009,7730,2026-06-04,high
SC,45,county,Barnwell,45011,12838,2026-06-04,high
SC,45,county,Beaufort,45013,140748,2026-06-04,high
SC,45,county,Berkeley,45015,159143,2026-06-04,high
SC,45,county,Calhoun,45017,10037,2026-06-04,high
SC,45,county,Charleston,45019,275419,2026-06-04,high
SC,45,county,Cherokee,45021,33663,2026-06-04,high
SC,45,county,Chester,45023,20174,2026-06-04,high
SC,45,county,Chesterfield,45025,25902,2026-06-04,high
SC,45,county,Clarendon,45027,21313,2026-06-04,high
SC,45,county,Colleton,45029,24433,2026-06-04,high
SC,45,county,Darlington,45031,41165,2026-06-04,high
SC,45,county,Dillon,45033,16498,2026-06-04,high
SC,45,county,Dorchester,45035,106365,2026-06-04,high
SC,45,county,Edgefield,45037,17829,2026-06-04,high
SC,45,county,Fairfield,45039,15376,2026-06-04,high
SC,45,county,Florence,45041,81800,2026-06-04,high
SC,45,county,Georgetown,45043,46994,2026-06-04,high
SC,45,county,Greenville,45045,343749,2026-06-04,high
SC,45,county,Greenwood,45047,41207,2026-06-04,high
SC,45,county,Hampton,45049,10868,2026-06-04,high
SC,45,county,Horry,45051,280474,2026-06-04,high
SC,45,county,Jasper,45053,26001,2026-06-04,high
SC,45,county,Kershaw,45055,42039,2026-06-04,high
SC,45,county,Lancaster,45057,70223,2026-06-04,high
SC,45,county,Laurens,45059,41240,2026-06-04,high
SC,45,county,Lee,45061,9879,2026-06-04,high
SC,45,county,Lexington,45063,191545,2026-06-04,high
SC,45,county,Marion,45067,19561,2026-06-04,high
SC,45,county,Marlboro,45069,14155,2026-06-04,high
SC,45,county,McCormick,45065,7716,2026-06-04,high
SC,45,county,Newberry,45071,23349,2026-06-04,high
SC,45,county,Oconee,45073,54426,2026-06-04,high
SC,45,county,Orangeburg,45075,49204,2026-06-04,high
SC,45,county,Pickens,45077,77073,2026-06-04,high
SC,45,county,Richland,45079,254626,2026-06-04,high
SC,45,county,Saluda,45081,11843,2026-06-04,high
SC,45,county,Spartanburg,45083,213942,2026-06-04,high
SC,45,county,Sumter,45085,60269,2026-06-04,high
SC,45,county,Union,45087,16136,2026-06-04,high
SC,45,county,Williamsburg,45089,18627,2026-06-04,high
SC,45,county,York,45091,190615,2026-06-04,high
SD,46,county,Aurora,46003,1877,2026-06-02,"high - parsed directly from the official SD SOS PDF; all 66 county active-voter party rows verified to sum to each county's printed Total Active, and statewide party column sums exactly match the report's printed totals row (Dem 136,755; Lib 2,806; Rep 321,574; Ind 87,754; OTH 1,015; No Party Affiliation 69,327; Inactive 56,911; Total Active 619,231)."
SD,46,county,Beadle,46005,10906,2026-06-02,"high - parsed directly from the official SD SOS PDF; all 66 county active-voter party rows verified to sum to each county's printed Total Active, and statewide party column sums exactly match the report's printed totals row (Dem 136,755; Lib 2,806; Rep 321,574; Ind 87,754; OTH 1,015; No Party Affiliation 69,327; Inactive 56,911; Total Active 619,231)."
SD,46,county,Bennett,46007,1918,2026-06-02,"high - parsed directly from the official SD SOS PDF; all 66 county active-voter party rows verified to sum to each county's printed Total Active, and statewide party column sums exactly match the report's printed totals row (Dem 136,755; Lib 2,806; Rep 321,574; Ind 87,754; OTH 1,015; No Party Affiliation 69,327; Inactive 56,911; Total Active 619,231)."
SD,46,county,Bon Homme,46009,4200,2026-06-02,"high - parsed directly from the official SD SOS PDF; all 66 county active-voter party rows verified to sum to each county's printed Total Active, and statewide party column sums exactly match the report's printed totals row (Dem 136,755; Lib 2,806; Rep 321,574; Ind 87,754; OTH 1,015; No Party Affiliation 69,327; Inactive 56,911; Total Active 619,231)."
SD,46,county,Brookings,46011,23127,2026-06-02,"high - parsed directly from the official SD SOS PDF; all 66 county active-voter party rows verified to sum to each county's printed Total Active, and statewide party column sums exactly match the report's printed totals row (Dem 136,755; Lib 2,806; Rep 321,574; Ind 87,754; OTH 1,015; No Party Affiliation 69,327; Inactive 56,911; Total Active 619,231)."
SD,46,county,Brown,46013,26524,2026-06-02,"high - parsed directly from the official SD SOS PDF; all 66 county active-voter party rows verified to sum to each county's printed Total Active, and statewide party column sums exactly match the report's printed totals row (Dem 136,755; Lib 2,806; Rep 321,574; Ind 87,754; OTH 1,015; No Party Affiliation 69,327; Inactive 56,911; Total Active 619,231)."
SD,46,county,Brule,46015,3453,2026-06-02,"high - parsed directly from the official SD SOS PDF; all 66 county active-voter party rows verified to sum to each county's printed Total Active, and statewide party column sums exactly match the report's printed totals row (Dem 136,755; Lib 2,806; Rep 321,574; Ind 87,754; OTH 1,015; No Party Affiliation 69,327; Inactive 56,911; Total Active 619,231)."
SD,46,county,Buffalo,46017,936,2026-06-02,"high - parsed directly from the official SD SOS PDF; all 66 county active-voter party rows verified to sum to each county's printed Total Active, and statewide party column sums exactly match the report's printed totals row (Dem 136,755; Lib 2,806; Rep 321,574; Ind 87,754; OTH 1,015; No Party Affiliation 69,327; Inactive 56,911; Total Active 619,231)."
SD,46,county,Butte,46019,7977,2026-06-02,"high - parsed directly from the official SD SOS PDF; all 66 county active-voter party rows verified to sum to each county's printed Total Active, and statewide party column sums exactly match the report's printed totals row (Dem 136,755; Lib 2,806; Rep 321,574; Ind 87,754; OTH 1,015; No Party Affiliation 69,327; Inactive 56,911; Total Active 619,231)."
SD,46,county,Campbell,46021,1180,2026-06-02,"high - parsed directly from the official SD SOS PDF; all 66 county active-voter party rows verified to sum to each county's printed Total Active, and statewide party column sums exactly match the report's printed totals row (Dem 136,755; Lib 2,806; Rep 321,574; Ind 87,754; OTH 1,015; No Party Affiliation 69,327; Inactive 56,911; Total Active 619,231)."
SD,46,county,Charles Mix,46023,5739,2026-06-02,"high - parsed directly from the official SD SOS PDF; all 66 county active-voter party rows verified to sum to each county's printed Total Active, and statewide party column sums exactly match the report's printed totals row (Dem 136,755; Lib 2,806; Rep 321,574; Ind 87,754; OTH 1,015; No Party Affiliation 69,327; Inactive 56,911; Total Active 619,231)."
SD,46,county,Clark,46025,2784,2026-06-02,"high - parsed directly from the official SD SOS PDF; all 66 county active-voter party rows verified to sum to each county's printed Total Active, and statewide party column sums exactly match the report's printed totals row (Dem 136,755; Lib 2,806; Rep 321,574; Ind 87,754; OTH 1,015; No Party Affiliation 69,327; Inactive 56,911; Total Active 619,231)."
SD,46,county,Clay,46027,9370,2026-06-02,"high - parsed directly from the official SD SOS PDF; all 66 county active-voter party rows verified to sum to each county's printed Total Active, and statewide party column sums exactly match the report's printed totals row (Dem 136,755; Lib 2,806; Rep 321,574; Ind 87,754; OTH 1,015; No Party Affiliation 69,327; Inactive 56,911; Total Active 619,231)."
SD,46,county,Codington,46029,20572,2026-06-02,"high - parsed directly from the official SD SOS PDF; all 66 county active-voter party rows verified to sum to each county's printed Total Active, and statewide party column sums exactly match the report's printed totals row (Dem 136,755; Lib 2,806; Rep 321,574; Ind 87,754; OTH 1,015; No Party Affiliation 69,327; Inactive 56,911; Total Active 619,231)."
SD,46,county,Corson,46031,2456,2026-06-02,"high - parsed directly from the official SD SOS PDF; all 66 county active-voter party rows verified to sum to each county's printed Total Active, and statewide party column sums exactly match the report's printed totals row (Dem 136,755; Lib 2,806; Rep 321,574; Ind 87,754; OTH 1,015; No Party Affiliation 69,327; Inactive 56,911; Total Active 619,231)."
SD,46,county,Custer,46033,8818,2026-06-02,"high - parsed directly from the official SD SOS PDF; all 66 county active-voter party rows verified to sum to each county's printed Total Active, and statewide party column sums exactly match the report's printed totals row (Dem 136,755; Lib 2,806; Rep 321,574; Ind 87,754; OTH 1,015; No Party Affiliation 69,327; Inactive 56,911; Total Active 619,231)."
SD,46,county,Davison,46035,13962,2026-06-02,"high - parsed directly from the official SD SOS PDF; all 66 county active-voter party rows verified to sum to each county's printed Total Active, and statewide party column sums exactly match the report's printed totals row (Dem 136,755; Lib 2,806; Rep 321,574; Ind 87,754; OTH 1,015; No Party Affiliation 69,327; Inactive 56,911; Total Active 619,231)."
SD,46,county,Day,46037,4094,2026-06-02,"high - parsed directly from the official SD SOS PDF; all 66 county active-voter party rows verified to sum to each county's printed Total Active, and statewide party column sums exactly match the report's printed totals row (Dem 136,755; Lib 2,806; Rep 321,574; Ind 87,754; OTH 1,015; No Party Affiliation 69,327; Inactive 56,911; Total Active 619,231)."
SD,46,county,Deuel,46039,3241,2026-06-02,"high - parsed directly from the official SD SOS PDF; all 66 county active-voter party rows verified to sum to each county's printed Total Active, and statewide party column sums exactly match the report's printed totals row (Dem 136,755; Lib 2,806; Rep 321,574; Ind 87,754; OTH 1,015; No Party Affiliation 69,327; Inactive 56,911; Total Active 619,231)."
SD,46,county,Dewey,46041,3608,2026-06-02,"high - parsed directly from the official SD SOS PDF; all 66 county active-voter party rows verified to sum to each county's printed Total Active, and statewide party column sums exactly match the report's printed totals row (Dem 136,755; Lib 2,806; Rep 321,574; Ind 87,754; OTH 1,015; No Party Affiliation 69,327; Inactive 56,911; Total Active 619,231)."
SD,46,county,Douglas,46043,2185,2026-06-02,"high - parsed directly from the official SD SOS PDF; all 66 county active-voter party rows verified to sum to each county's printed Total Active, and statewide party column sums exactly match the report's printed totals row (Dem 136,755; Lib 2,806; Rep 321,574; Ind 87,754; OTH 1,015; No Party Affiliation 69,327; Inactive 56,911; Total Active 619,231)."
SD,46,county,Edmunds,46045,2822,2026-06-02,"high - parsed directly from the official SD SOS PDF; all 66 county active-voter party rows verified to sum to each county's printed Total Active, and statewide party column sums exactly match the report's printed totals row (Dem 136,755; Lib 2,806; Rep 321,574; Ind 87,754; OTH 1,015; No Party Affiliation 69,327; Inactive 56,911; Total Active 619,231)."
SD,46,county,Fall River,46047,7059,2026-06-02,"high - parsed directly from the official SD SOS PDF; all 66 county active-voter party rows verified to sum to each county's printed Total Active, and statewide party column sums exactly match the report's printed totals row (Dem 136,755; Lib 2,806; Rep 321,574; Ind 87,754; OTH 1,015; No Party Affiliation 69,327; Inactive 56,911; Total Active 619,231)."
SD,46,county,Faulk,46049,1620,2026-06-02,"high - parsed directly from the official SD SOS PDF; all 66 county active-voter party rows verified to sum to each county's printed Total Active, and statewide party column sums exactly match the report's printed totals row (Dem 136,755; Lib 2,806; Rep 321,574; Ind 87,754; OTH 1,015; No Party Affiliation 69,327; Inactive 56,911; Total Active 619,231)."
SD,46,county,Grant,46051,5070,2026-06-02,"high - parsed directly from the official SD SOS PDF; all 66 county active-voter party rows verified to sum to each county's printed Total Active, and statewide party column sums exactly match the report's printed totals row (Dem 136,755; Lib 2,806; Rep 321,574; Ind 87,754; OTH 1,015; No Party Affiliation 69,327; Inactive 56,911; Total Active 619,231)."
SD,46,county,Gregory,46053,3038,2026-06-02,"high - parsed directly from the official SD SOS PDF; all 66 county active-voter party rows verified to sum to each county's printed Total Active, and statewide party column sums exactly match the report's printed totals row (Dem 136,755; Lib 2,806; Rep 321,574; Ind 87,754; OTH 1,015; No Party Affiliation 69,327; Inactive 56,911; Total Active 619,231)."
SD,46,county,Haakon,46055,1431,2026-06-02,"high - parsed directly from the official SD SOS PDF; all 66 county active-voter party rows verified to sum to each county's printed Total Active, and statewide party column sums exactly match the report's printed totals row (Dem 136,755; Lib 2,806; Rep 321,574; Ind 87,754; OTH 1,015; No Party Affiliation 69,327; Inactive 56,911; Total Active 619,231)."
SD,46,county,Hamlin,46057,4488,2026-06-02,"high - parsed directly from the official SD SOS PDF; all 66 county active-voter party rows verified to sum to each county's printed Total Active, and statewide party column sums exactly match the report's printed totals row (Dem 136,755; Lib 2,806; Rep 321,574; Ind 87,754; OTH 1,015; No Party Affiliation 69,327; Inactive 56,911; Total Active 619,231)."
SD,46,county,Hand,46059,2297,2026-06-02,"high - parsed directly from the official SD SOS PDF; all 66 county active-voter party rows verified to sum to each county's printed Total Active, and statewide party column sums exactly match the report's printed totals row (Dem 136,755; Lib 2,806; Rep 321,574; Ind 87,754; OTH 1,015; No Party Affiliation 69,327; Inactive 56,911; Total Active 619,231)."
SD,46,county,Hanson,46061,3560,2026-06-02,"high - parsed directly from the official SD SOS PDF; all 66 county active-voter party rows verified to sum to each county's printed Total Active, and statewide party column sums exactly match the report's printed totals row (Dem 136,755; Lib 2,806; Rep 321,574; Ind 87,754; OTH 1,015; No Party Affiliation 69,327; Inactive 56,911; Total Active 619,231)."
SD,46,county,Harding,46063,1040,2026-06-02,"high - parsed directly from the official SD SOS PDF; all 66 county active-voter party rows verified to sum to each county's printed Total Active, and statewide party column sums exactly match the report's printed totals row (Dem 136,755; Lib 2,806; Rep 321,574; Ind 87,754; OTH 1,015; No Party Affiliation 69,327; Inactive 56,911; Total Active 619,231)."
SD,46,county,Hughes,46065,12714,2026-06-02,"high - parsed directly from the official SD SOS PDF; all 66 county active-voter party rows verified to sum to each county's printed Total Active, and statewide party column sums exactly match the report's printed totals row (Dem 136,755; Lib 2,806; Rep 321,574; Ind 87,754; OTH 1,015; No Party Affiliation 69,327; Inactive 56,911; Total Active 619,231)."
SD,46,county,Hutchinson,46067,5146,2026-06-02,"high - parsed directly from the official SD SOS PDF; all 66 county active-voter party rows verified to sum to each county's printed Total Active, and statewide party column sums exactly match the report's printed totals row (Dem 136,755; Lib 2,806; Rep 321,574; Ind 87,754; OTH 1,015; No Party Affiliation 69,327; Inactive 56,911; Total Active 619,231)."
SD,46,county,Hyde,46069,968,2026-06-02,"high - parsed directly from the official SD SOS PDF; all 66 county active-voter party rows verified to sum to each county's printed Total Active, and statewide party column sums exactly match the report's printed totals row (Dem 136,755; Lib 2,806; Rep 321,574; Ind 87,754; OTH 1,015; No Party Affiliation 69,327; Inactive 56,911; Total Active 619,231)."
SD,46,county,Jackson,46071,1947,2026-06-02,"high - parsed directly from the official SD SOS PDF; all 66 county active-voter party rows verified to sum to each county's printed Total Active, and statewide party column sums exactly match the report's printed totals row (Dem 136,755; Lib 2,806; Rep 321,574; Ind 87,754; OTH 1,015; No Party Affiliation 69,327; Inactive 56,911; Total Active 619,231)."
SD,46,county,Jerauld,46073,1323,2026-06-02,"high - parsed directly from the official SD SOS PDF; all 66 county active-voter party rows verified to sum to each county's printed Total Active, and statewide party column sums exactly match the report's printed totals row (Dem 136,755; Lib 2,806; Rep 321,574; Ind 87,754; OTH 1,015; No Party Affiliation 69,327; Inactive 56,911; Total Active 619,231)."
SD,46,county,Jones,46075,698,2026-06-02,"high - parsed directly from the official SD SOS PDF; all 66 county active-voter party rows verified to sum to each county's printed Total Active, and statewide party column sums exactly match the report's printed totals row (Dem 136,755; Lib 2,806; Rep 321,574; Ind 87,754; OTH 1,015; No Party Affiliation 69,327; Inactive 56,911; Total Active 619,231)."
SD,46,county,Kingsbury,46077,3863,2026-06-02,"high - parsed directly from the official SD SOS PDF; all 66 county active-voter party rows verified to sum to each county's printed Total Active, and statewide party column sums exactly match the report's printed totals row (Dem 136,755; Lib 2,806; Rep 321,574; Ind 87,754; OTH 1,015; No Party Affiliation 69,327; Inactive 56,911; Total Active 619,231)."
SD,46,county,Lake,46079,9182,2026-06-02,"high - parsed directly from the official SD SOS PDF; all 66 county active-voter party rows verified to sum to each county's printed Total Active, and statewide party column sums exactly match the report's printed totals row (Dem 136,755; Lib 2,806; Rep 321,574; Ind 87,754; OTH 1,015; No Party Affiliation 69,327; Inactive 56,911; Total Active 619,231)."
SD,46,county,Lawrence,46081,24707,2026-06-02,"high - parsed directly from the official SD SOS PDF; all 66 county active-voter party rows verified to sum to each county's printed Total Active, and statewide party column sums exactly match the report's printed totals row (Dem 136,755; Lib 2,806; Rep 321,574; Ind 87,754; OTH 1,015; No Party Affiliation 69,327; Inactive 56,911; Total Active 619,231)."
SD,46,county,Lincoln,46083,54424,2026-06-02,"high - parsed directly from the official SD SOS PDF; all 66 county active-voter party rows verified to sum to each county's printed Total Active, and statewide party column sums exactly match the report's printed totals row (Dem 136,755; Lib 2,806; Rep 321,574; Ind 87,754; OTH 1,015; No Party Affiliation 69,327; Inactive 56,911; Total Active 619,231)."
SD,46,county,Lyman,46085,2268,2026-06-02,"high - parsed directly from the official SD SOS PDF; all 66 county active-voter party rows verified to sum to each county's printed Total Active, and statewide party column sums exactly match the report's printed totals row (Dem 136,755; Lib 2,806; Rep 321,574; Ind 87,754; OTH 1,015; No Party Affiliation 69,327; Inactive 56,911; Total Active 619,231)."
SD,46,county,Marshall,46091,2923,2026-06-02,"high - parsed directly from the official SD SOS PDF; all 66 county active-voter party rows verified to sum to each county's printed Total Active, and statewide party column sums exactly match the report's printed totals row (Dem 136,755; Lib 2,806; Rep 321,574; Ind 87,754; OTH 1,015; No Party Affiliation 69,327; Inactive 56,911; Total Active 619,231)."
SD,46,county,McCook,46087,4112,2026-06-02,"high - parsed directly from the official SD SOS PDF; all 66 county active-voter party rows verified to sum to each county's printed Total Active, and statewide party column sums exactly match the report's printed totals row (Dem 136,755; Lib 2,806; Rep 321,574; Ind 87,754; OTH 1,015; No Party Affiliation 69,327; Inactive 56,911; Total Active 619,231)."
SD,46,county,McPherson,46089,1737,2026-06-02,"high - parsed directly from the official SD SOS PDF; all 66 county active-voter party rows verified to sum to each county's printed Total Active, and statewide party column sums exactly match the report's printed totals row (Dem 136,755; Lib 2,806; Rep 321,574; Ind 87,754; OTH 1,015; No Party Affiliation 69,327; Inactive 56,911; Total Active 619,231)."
SD,46,county,Meade,46093,22211,2026-06-02,"high - parsed directly from the official SD SOS PDF; all 66 county active-voter party rows verified to sum to each county's printed Total Active, and statewide party column sums exactly match the report's printed totals row (Dem 136,755; Lib 2,806; Rep 321,574; Ind 87,754; OTH 1,015; No Party Affiliation 69,327; Inactive 56,911; Total Active 619,231)."
SD,46,county,Mellette,46095,1245,2026-06-02,"high - parsed directly from the official SD SOS PDF; all 66 county active-voter party rows verified to sum to each county's printed Total Active, and statewide party column sums exactly match the report's printed totals row (Dem 136,755; Lib 2,806; Rep 321,574; Ind 87,754; OTH 1,015; No Party Affiliation 69,327; Inactive 56,911; Total Active 619,231)."
SD,46,county,Miner,46097,1654,2026-06-02,"high - parsed directly from the official SD SOS PDF; all 66 county active-voter party rows verified to sum to each county's printed Total Active, and statewide party column sums exactly match the report's printed totals row (Dem 136,755; Lib 2,806; Rep 321,574; Ind 87,754; OTH 1,015; No Party Affiliation 69,327; Inactive 56,911; Total Active 619,231)."
SD,46,county,Minnehaha,46099,150169,2026-06-02,"high - parsed directly from the official SD SOS PDF; all 66 county active-voter party rows verified to sum to each county's printed Total Active, and statewide party column sums exactly match the report's printed totals row (Dem 136,755; Lib 2,806; Rep 321,574; Ind 87,754; OTH 1,015; No Party Affiliation 69,327; Inactive 56,911; Total Active 619,231)."
SD,46,county,Moody,46101,4541,2026-06-02,"high - parsed directly from the official SD SOS PDF; all 66 county active-voter party rows verified to sum to each county's printed Total Active, and statewide party column sums exactly match the report's printed totals row (Dem 136,755; Lib 2,806; Rep 321,574; Ind 87,754; OTH 1,015; No Party Affiliation 69,327; Inactive 56,911; Total Active 619,231)."
SD,46,county,Oglala Lakota,46102,8560,2026-06-02,"high - parsed directly from the official SD SOS PDF; all 66 county active-voter party rows verified to sum to each county's printed Total Active, and statewide party column sums exactly match the report's printed totals row (Dem 136,755; Lib 2,806; Rep 321,574; Ind 87,754; OTH 1,015; No Party Affiliation 69,327; Inactive 56,911; Total Active 619,231)."
SD,46,county,Pennington,46103,99287,2026-06-02,"high - parsed directly from the official SD SOS PDF; all 66 county active-voter party rows verified to sum to each county's printed Total Active, and statewide party column sums exactly match the report's printed totals row (Dem 136,755; Lib 2,806; Rep 321,574; Ind 87,754; OTH 1,015; No Party Affiliation 69,327; Inactive 56,911; Total Active 619,231)."
SD,46,county,Perkins,46105,2318,2026-06-02,"high - parsed directly from the official SD SOS PDF; all 66 county active-voter party rows verified to sum to each county's printed Total Active, and statewide party column sums exactly match the report's printed totals row (Dem 136,755; Lib 2,806; Rep 321,574; Ind 87,754; OTH 1,015; No Party Affiliation 69,327; Inactive 56,911; Total Active 619,231)."
SD,46,county,Potter,46107,1795,2026-06-02,"high - parsed directly from the official SD SOS PDF; all 66 county active-voter party rows verified to sum to each county's printed Total Active, and statewide party column sums exactly match the report's printed totals row (Dem 136,755; Lib 2,806; Rep 321,574; Ind 87,754; OTH 1,015; No Party Affiliation 69,327; Inactive 56,911; Total Active 619,231)."
SD,46,county,Roberts,46109,6556,2026-06-02,"high - parsed directly from the official SD SOS PDF; all 66 county active-voter party rows verified to sum to each county's printed Total Active, and statewide party column sums exactly match the report's printed totals row (Dem 136,755; Lib 2,806; Rep 321,574; Ind 87,754; OTH 1,015; No Party Affiliation 69,327; Inactive 56,911; Total Active 619,231)."
SD,46,county,Sanborn,46111,1702,2026-06-02,"high - parsed directly from the official SD SOS PDF; all 66 county active-voter party rows verified to sum to each county's printed Total Active, and statewide party column sums exactly match the report's printed totals row (Dem 136,755; Lib 2,806; Rep 321,574; Ind 87,754; OTH 1,015; No Party Affiliation 69,327; Inactive 56,911; Total Active 619,231)."
SD,46,county,Spink,46115,4369,2026-06-02,"high - parsed directly from the official SD SOS PDF; all 66 county active-voter party rows verified to sum to each county's printed Total Active, and statewide party column sums exactly match the report's printed totals row (Dem 136,755; Lib 2,806; Rep 321,574; Ind 87,754; OTH 1,015; No Party Affiliation 69,327; Inactive 56,911; Total Active 619,231)."
SD,46,county,Stanley,46117,2421,2026-06-02,"high - parsed directly from the official SD SOS PDF; all 66 county active-voter party rows verified to sum to each county's printed Total Active, and statewide party column sums exactly match the report's printed totals row (Dem 136,755; Lib 2,806; Rep 321,574; Ind 87,754; OTH 1,015; No Party Affiliation 69,327; Inactive 56,911; Total Active 619,231)."
SD,46,county,Sully,46119,1209,2026-06-02,"high - parsed directly from the official SD SOS PDF; all 66 county active-voter party rows verified to sum to each county's printed Total Active, and statewide party column sums exactly match the report's printed totals row (Dem 136,755; Lib 2,806; Rep 321,574; Ind 87,754; OTH 1,015; No Party Affiliation 69,327; Inactive 56,911; Total Active 619,231)."
SD,46,county,Todd,46121,5105,2026-06-02,"high - parsed directly from the official SD SOS PDF; all 66 county active-voter party rows verified to sum to each county's printed Total Active, and statewide party column sums exactly match the report's printed totals row (Dem 136,755; Lib 2,806; Rep 321,574; Ind 87,754; OTH 1,015; No Party Affiliation 69,327; Inactive 56,911; Total Active 619,231)."
SD,46,county,Tripp,46123,3804,2026-06-02,"high - parsed directly from the official SD SOS PDF; all 66 county active-voter party rows verified to sum to each county's printed Total Active, and statewide party column sums exactly match the report's printed totals row (Dem 136,755; Lib 2,806; Rep 321,574; Ind 87,754; OTH 1,015; No Party Affiliation 69,327; Inactive 56,911; Total Active 619,231)."
SD,46,county,Turner,46125,6277,2026-06-02,"high - parsed directly from the official SD SOS PDF; all 66 county active-voter party rows verified to sum to each county's printed Total Active, and statewide party column sums exactly match the report's printed totals row (Dem 136,755; Lib 2,806; Rep 321,574; Ind 87,754; OTH 1,015; No Party Affiliation 69,327; Inactive 56,911; Total Active 619,231)."
SD,46,county,Union,46127,13981,2026-06-02,"high - parsed directly from the official SD SOS PDF; all 66 county active-voter party rows verified to sum to each county's printed Total Active, and statewide party column sums exactly match the report's printed totals row (Dem 136,755; Lib 2,806; Rep 321,574; Ind 87,754; OTH 1,015; No Party Affiliation 69,327; Inactive 56,911; Total Active 619,231)."
SD,46,county,Walworth,46129,3970,2026-06-02,"high - parsed directly from the official SD SOS PDF; all 66 county active-voter party rows verified to sum to each county's printed Total Active, and statewide party column sums exactly match the report's printed totals row (Dem 136,755; Lib 2,806; Rep 321,574; Ind 87,754; OTH 1,015; No Party Affiliation 69,327; Inactive 56,911; Total Active 619,231)."
SD,46,county,Yankton,46135,15931,2026-06-02,"high - parsed directly from the official SD SOS PDF; all 66 county active-voter party rows verified to sum to each county's printed Total Active, and statewide party column sums exactly match the report's printed totals row (Dem 136,755; Lib 2,806; Rep 321,574; Ind 87,754; OTH 1,015; No Party Affiliation 69,327; Inactive 56,911; Total Active 619,231)."
SD,46,county,Ziebach,46137,1673,2026-06-02,"high - parsed directly from the official SD SOS PDF; all 66 county active-voter party rows verified to sum to each county's printed Total Active, and statewide party column sums exactly match the report's printed totals row (Dem 136,755; Lib 2,806; Rep 321,574; Ind 87,754; OTH 1,015; No Party Affiliation 69,327; Inactive 56,911; Total Active 619,231)."
TN,47,county,Anderson,47001,53290,2025-06-01,high
TN,47,county,Bedford,47003,30603,2025-06-01,high
TN,47,county,Benton,47005,11317,2025-06-01,high
TN,47,county,Bledsoe,47007,9200,2025-06-01,high
TN,47,county,Blount,47009,99255,2025-06-01,high
TN,47,county,Bradley,47011,80578,2025-06-01,high
TN,47,county,Campbell,47013,23772,2025-06-01,high
TN,47,county,Cannon,47015,10130,2025-06-01,high
TN,47,county,Carroll,47017,17700,2025-06-01,high
TN,47,county,Carter,47019,36358,2025-06-01,high
TN,47,county,Cheatham,47021,29388,2025-06-01,high
TN,47,county,Chester,47023,11132,2025-06-01,high
TN,47,county,Claiborne,47025,21571,2025-06-01,high
TN,47,county,Clay,47027,5527,2025-06-01,high
TN,47,county,Cocke,47029,25431,2025-06-01,high
TN,47,county,Coffee,47031,38042,2025-06-01,high
TN,47,county,Crockett,47033,8740,2025-06-01,high
TN,47,county,Cumberland,47035,48981,2025-06-01,high
TN,47,county,Davidson,47037,460986,2025-06-01,high
TN,47,county,DeKalb,47041,14024,2025-06-01,high
TN,47,county,Decatur,47039,7178,2025-06-01,high
TN,47,county,Dickson,47043,37276,2025-06-01,high
TN,47,county,Dyer,47045,22567,2025-06-01,high
TN,47,county,Fayette,47047,32362,2025-06-01,high
TN,47,county,Fentress,47049,14640,2025-06-01,high
TN,47,county,Franklin,47051,29328,2025-06-01,high
TN,47,county,Gibson,47053,31957,2025-06-01,high
TN,47,county,Giles,47055,20912,2025-06-01,high
TN,47,county,Grainger,47057,16513,2025-06-01,high
TN,47,county,Greene,47059,46995,2025-06-01,high
TN,47,county,Grundy,47061,8792,2025-06-01,high
TN,47,county,Hamblen,47063,39419,2025-06-01,high
TN,47,county,Hamilton,47065,267977,2025-06-01,high
TN,47,county,Hancock,47067,4433,2025-06-01,high
TN,47,county,Hardeman,47069,14990,2025-06-01,high
TN,47,county,Hardin,47071,17965,2025-06-01,high
TN,47,county,Hawkins,47073,38714,2025-06-01,high
TN,47,county,Haywood,47075,10693,2025-06-01,high
TN,47,county,Henderson,47077,18082,2025-06-01,high
TN,47,county,Henry,47079,21570,2025-06-01,high
TN,47,county,Hickman,47081,15946,2025-06-01,high
TN,47,county,Houston,47083,5719,2025-06-01,high
TN,47,county,Humphreys,47085,12735,2025-06-01,high
TN,47,county,Jackson,47087,8897,2025-06-01,high
TN,47,county,Jefferson,47089,37901,2025-06-01,high
TN,47,county,Johnson,47091,11852,2025-06-01,high
TN,47,county,Knox,47093,330463,2025-06-01,high
TN,47,county,Lake,47095,3380,2025-06-01,high
TN,47,county,Lauderdale,47097,12993,2025-06-01,high
TN,47,county,Lawrence,47099,27958,2025-06-01,high
TN,47,county,Lewis,47101,8951,2025-06-01,high
TN,47,county,Lincoln,47103,23873,2025-06-01,high
TN,47,county,Loudon,47105,44706,2025-06-01,high
TN,47,county,Macon,47111,16035,2025-06-01,high
TN,47,county,Madison,47113,61746,2025-06-01,high
TN,47,county,Marion,47115,21058,2025-06-01,high
TN,47,county,Marshall,47117,23012,2025-06-01,high
TN,47,county,Maury,47119,74264,2025-06-01,high
TN,47,county,McMinn,47107,35207,2025-06-01,high
TN,47,county,McNairy,47109,16305,2025-06-01,high
TN,47,county,Meigs,47121,9092,2025-06-01,high
TN,47,county,Monroe,47123,34351,2025-06-01,high
TN,47,county,Montgomery,47125,151479,2025-06-01,high
TN,47,county,Moore,47127,5579,2025-06-01,high
TN,47,county,Morgan,47129,12339,2025-06-01,high
TN,47,county,Obion,47131,19231,2025-06-01,high
TN,47,county,Overton,47133,16223,2025-06-01,high
TN,47,county,Perry,47135,5732,2025-06-01,high
TN,47,county,Pickett,47137,4218,2025-06-01,high
TN,47,county,Polk,47139,14103,2025-06-01,high
TN,47,county,Putnam,47141,51537,2025-06-01,high
TN,47,county,Rhea,47143,22648,2025-06-01,high
TN,47,county,Roane,47145,39101,2025-06-01,high
TN,47,county,Robertson,47147,50670,2025-06-01,high
TN,47,county,Rutherford,47149,214446,2025-06-01,high
TN,47,county,Scott,47151,13466,2025-06-01,high
TN,47,county,Sequatchie,47153,11436,2025-06-01,high
TN,47,county,Sevier,47155,72067,2025-06-01,high
TN,47,county,Shelby,47157,588711,2025-06-01,high
TN,47,county,Smith,47159,13512,2025-06-01,high
TN,47,county,Stewart,47161,10218,2025-06-01,high
TN,47,county,Sullivan,47163,116522,2025-06-01,high
TN,47,county,Sumner,47165,139197,2025-06-01,high
TN,47,county,Tipton,47167,40681,2025-06-01,high
TN,47,county,Trousdale,47169,6601,2025-06-01,high
TN,47,county,Unicoi,47171,11945,2025-06-01,high
TN,47,county,Union,47173,12553,2025-06-01,high
TN,47,county,Van Buren,47175,4677,2025-06-01,high
TN,47,county,Warren,47177,25459,2025-06-01,high
TN,47,county,Washington,47179,91531,2025-06-01,high
TN,47,county,Wayne,47181,10210,2025-06-01,high
TN,47,county,Weakley,47183,18650,2025-06-01,high
TN,47,county,White,47185,18734,2025-06-01,high
TN,47,county,Williamson,47187,190438,2025-06-01,high
TN,47,county,Wilson,47189,109073,2025-06-01,high
TX,48,county,Anderson,48001,30678,2026-02-02,"high - all 254 counties present; county totals sum exactly to the official statewide total of 18,657,918"
TX,48,county,Andrews,48003,10637,2026-02-02,"high - all 254 counties present; county totals sum exactly to the official statewide total of 18,657,918"
TX,48,county,Angelina,48005,55445,2026-02-02,"high - all 254 counties present; county totals sum exactly to the official statewide total of 18,657,918"
TX,48,county,Aransas,48007,19411,2026-02-02,"high - all 254 counties present; county totals sum exactly to the official statewide total of 18,657,918"
TX,48,county,Archer,48009,7005,2026-02-02,"high - all 254 counties present; county totals sum exactly to the official statewide total of 18,657,918"
TX,48,county,Armstrong,48011,1441,2026-02-02,"high - all 254 counties present; county totals sum exactly to the official statewide total of 18,657,918"
TX,48,county,Atascosa,48013,32209,2026-02-02,"high - all 254 counties present; county totals sum exactly to the official statewide total of 18,657,918"
TX,48,county,Austin,48015,22371,2026-02-02,"high - all 254 counties present; county totals sum exactly to the official statewide total of 18,657,918"
TX,48,county,Bailey,48017,3102,2026-02-02,"high - all 254 counties present; county totals sum exactly to the official statewide total of 18,657,918"
TX,48,county,Bandera,48019,19234,2026-02-02,"high - all 254 counties present; county totals sum exactly to the official statewide total of 18,657,918"
TX,48,county,Bastrop,48021,62653,2026-02-02,"high - all 254 counties present; county totals sum exactly to the official statewide total of 18,657,918"
TX,48,county,Baylor,48023,2410,2026-02-02,"high - all 254 counties present; county totals sum exactly to the official statewide total of 18,657,918"
TX,48,county,Bee,48025,15491,2026-02-02,"high - all 254 counties present; county totals sum exactly to the official statewide total of 18,657,918"
TX,48,county,Bell,48027,234576,2026-02-02,"high - all 254 counties present; county totals sum exactly to the official statewide total of 18,657,918"
TX,48,county,Bexar,48029,1293128,2026-02-02,"high - all 254 counties present; county totals sum exactly to the official statewide total of 18,657,918"
TX,48,county,Blanco,48031,11110,2026-02-02,"high - all 254 counties present; county totals sum exactly to the official statewide total of 18,657,918"
TX,48,county,Borden,48033,468,2026-02-02,"high - all 254 counties present; county totals sum exactly to the official statewide total of 18,657,918"
TX,48,county,Bosque,48035,13504,2026-02-02,"high - all 254 counties present; county totals sum exactly to the official statewide total of 18,657,918"
TX,48,county,Bowie,48037,60472,2026-02-02,"high - all 254 counties present; county totals sum exactly to the official statewide total of 18,657,918"
TX,48,county,Brazoria,48039,254533,2026-02-02,"high - all 254 counties present; county totals sum exactly to the official statewide total of 18,657,918"
TX,48,county,Brazos,48041,138990,2026-02-02,"high - all 254 counties present; county totals sum exactly to the official statewide total of 18,657,918"
TX,48,county,Brewster,48043,7018,2026-02-02,"high - all 254 counties present; county totals sum exactly to the official statewide total of 18,657,918"
TX,48,county,Briscoe,48045,1000,2026-02-02,"high - all 254 counties present; county totals sum exactly to the official statewide total of 18,657,918"
TX,48,county,Brooks,48047,4730,2026-02-02,"high - all 254 counties present; county totals sum exactly to the official statewide total of 18,657,918"
TX,48,county,Brown,48049,25461,2026-02-02,"high - all 254 counties present; county totals sum exactly to the official statewide total of 18,657,918"
TX,48,county,Burleson,48051,13967,2026-02-02,"high - all 254 counties present; county totals sum exactly to the official statewide total of 18,657,918"
TX,48,county,Burnet,48053,39586,2026-02-02,"high - all 254 counties present; county totals sum exactly to the official statewide total of 18,657,918"
TX,48,county,Caldwell,48055,27268,2026-02-02,"high - all 254 counties present; county totals sum exactly to the official statewide total of 18,657,918"
TX,48,county,Calhoun,48057,12841,2026-02-02,"high - all 254 counties present; county totals sum exactly to the official statewide total of 18,657,918"
TX,48,county,Callahan,48059,10371,2026-02-02,"high - all 254 counties present; county totals sum exactly to the official statewide total of 18,657,918"
TX,48,county,Cameron,48061,238192,2026-02-02,"high - all 254 counties present; county totals sum exactly to the official statewide total of 18,657,918"
TX,48,county,Camp,48063,8424,2026-02-02,"high - all 254 counties present; county totals sum exactly to the official statewide total of 18,657,918"
TX,48,county,Carson,48065,4214,2026-02-02,"high - all 254 counties present; county totals sum exactly to the official statewide total of 18,657,918"
TX,48,county,Cass,48067,21620,2026-02-02,"high - all 254 counties present; county totals sum exactly to the official statewide total of 18,657,918"
TX,48,county,Castro,48069,3488,2026-02-02,"high - all 254 counties present; county totals sum exactly to the official statewide total of 18,657,918"
TX,48,county,Chambers,48071,38164,2026-02-02,"high - all 254 counties present; county totals sum exactly to the official statewide total of 18,657,918"
TX,48,county,Cherokee,48073,32215,2026-02-02,"high - all 254 counties present; county totals sum exactly to the official statewide total of 18,657,918"
TX,48,county,Childress,48075,3668,2026-02-02,"high - all 254 counties present; county totals sum exactly to the official statewide total of 18,657,918"
TX,48,county,Clay,48077,8220,2026-02-02,"high - all 254 counties present; county totals sum exactly to the official statewide total of 18,657,918"
TX,48,county,Cochran,48079,1477,2026-02-02,"high - all 254 counties present; county totals sum exactly to the official statewide total of 18,657,918"
TX,48,county,Coke,48081,2508,2026-02-02,"high - all 254 counties present; county totals sum exactly to the official statewide total of 18,657,918"
TX,48,county,Coleman,48083,6105,2026-02-02,"high - all 254 counties present; county totals sum exactly to the official statewide total of 18,657,918"
TX,48,county,Collin,48085,752502,2026-02-02,"high - all 254 counties present; county totals sum exactly to the official statewide total of 18,657,918"
TX,48,county,Collingsworth,48087,1936,2026-02-02,"high - all 254 counties present; county totals sum exactly to the official statewide total of 18,657,918"
TX,48,county,Colorado,48089,14523,2026-02-02,"high - all 254 counties present; county totals sum exactly to the official statewide total of 18,657,918"
TX,48,county,Comal,48091,147503,2026-02-02,"high - all 254 counties present; county totals sum exactly to the official statewide total of 18,657,918"
TX,48,county,Comanche,48093,10226,2026-02-02,"high - all 254 counties present; county totals sum exactly to the official statewide total of 18,657,918"
TX,48,county,Concho,48095,1748,2026-02-02,"high - all 254 counties present; county totals sum exactly to the official statewide total of 18,657,918"
TX,48,county,Cooke,48097,30493,2026-02-02,"high - all 254 counties present; county totals sum exactly to the official statewide total of 18,657,918"
TX,48,county,Coryell,48099,45909,2026-02-02,"high - all 254 counties present; county totals sum exactly to the official statewide total of 18,657,918"
TX,48,county,Cottle,48101,965,2026-02-02,"high - all 254 counties present; county totals sum exactly to the official statewide total of 18,657,918"
TX,48,county,Crane,48103,2732,2026-02-02,"high - all 254 counties present; county totals sum exactly to the official statewide total of 18,657,918"
TX,48,county,Crockett,48105,2236,2026-02-02,"high - all 254 counties present; county totals sum exactly to the official statewide total of 18,657,918"
TX,48,county,Crosby,48107,3586,2026-02-02,"high - all 254 counties present; county totals sum exactly to the official statewide total of 18,657,918"
TX,48,county,Culberson,48109,1703,2026-02-02,"high - all 254 counties present; county totals sum exactly to the official statewide total of 18,657,918"
TX,48,county,Dallam,48111,2774,2026-02-02,"high - all 254 counties present; county totals sum exactly to the official statewide total of 18,657,918"
TX,48,county,Dallas,48113,1463708,2026-02-02,"high - all 254 counties present; county totals sum exactly to the official statewide total of 18,657,918"
TX,48,county,Dawson,48115,6432,2026-02-02,"high - all 254 counties present; county totals sum exactly to the official statewide total of 18,657,918"
TX,48,county,Deaf Smith,48117,8722,2026-02-02,"high - all 254 counties present; county totals sum exactly to the official statewide total of 18,657,918"
TX,48,county,Delta,48119,4080,2026-02-02,"high - all 254 counties present; county totals sum exactly to the official statewide total of 18,657,918"
TX,48,county,Denton,48121,644341,2026-02-02,"high - all 254 counties present; county totals sum exactly to the official statewide total of 18,657,918"
TX,48,county,DeWitt,48123,11480,2026-02-02,"high - all 254 counties present; county totals sum exactly to the official statewide total of 18,657,918"
TX,48,county,Dickens,48125,1363,2026-02-02,"high - all 254 counties present; county totals sum exactly to the official statewide total of 18,657,918"
TX,48,county,Dimmit,48127,6550,2026-02-02,"high - all 254 counties present; county totals sum exactly to the official statewide total of 18,657,918"
TX,48,county,Donley,48129,2453,2026-02-02,"high - all 254 counties present; county totals sum exactly to the official statewide total of 18,657,918"
TX,48,county,Duval,48131,7839,2026-02-02,"high - all 254 counties present; county totals sum exactly to the official statewide total of 18,657,918"
TX,48,county,Eastland,48133,12510,2026-02-02,"high - all 254 counties present; county totals sum exactly to the official statewide total of 18,657,918"
TX,48,county,Ector,48135,85664,2026-02-02,"high - all 254 counties present; county totals sum exactly to the official statewide total of 18,657,918"
TX,48,county,Edwards,48137,1467,2026-02-02,"high - all 254 counties present; county totals sum exactly to the official statewide total of 18,657,918"
TX,48,county,El Paso,48141,152671,2026-02-02,"high - all 254 counties present; county totals sum exactly to the official statewide total of 18,657,918"
TX,48,county,Ellis,48139,518817,2026-02-02,"high - all 254 counties present; county totals sum exactly to the official statewide total of 18,657,918"
TX,48,county,Erath,48143,26306,2026-02-02,"high - all 254 counties present; county totals sum exactly to the official statewide total of 18,657,918"
TX,48,county,Falls,48145,10665,2026-02-02,"high - all 254 counties present; county totals sum exactly to the official statewide total of 18,657,918"
TX,48,county,Fannin,48147,24815,2026-02-02,"high - all 254 counties present; county totals sum exactly to the official statewide total of 18,657,918"
TX,48,county,Fayette,48149,18167,2026-02-02,"high - all 254 counties present; county totals sum exactly to the official statewide total of 18,657,918"
TX,48,county,Fisher,48151,2741,2026-02-02,"high - all 254 counties present; county totals sum exactly to the official statewide total of 18,657,918"
TX,48,county,Floyd,48153,3578,2026-02-02,"high - all 254 counties present; county totals sum exactly to the official statewide total of 18,657,918"
TX,48,county,Foard,48155,788,2026-02-02,"high - all 254 counties present; county totals sum exactly to the official statewide total of 18,657,918"
TX,48,county,Fort Bend,48157,567664,2026-02-02,"high - all 254 counties present; county totals sum exactly to the official statewide total of 18,657,918"
TX,48,county,Franklin,48159,7697,2026-02-02,"high - all 254 counties present; county totals sum exactly to the official statewide total of 18,657,918"
TX,48,county,Freestone,48161,13398,2026-02-02,"high - all 254 counties present; county totals sum exactly to the official statewide total of 18,657,918"
TX,48,county,Frio,48163,9584,2026-02-02,"high - all 254 counties present; county totals sum exactly to the official statewide total of 18,657,918"
TX,48,county,Gaines,48165,10574,2026-02-02,"high - all 254 counties present; county totals sum exactly to the official statewide total of 18,657,918"
TX,48,county,Galveston,48167,246657,2026-02-02,"high - all 254 counties present; county totals sum exactly to the official statewide total of 18,657,918"
TX,48,county,Garza,48169,2493,2026-02-02,"high - all 254 counties present; county totals sum exactly to the official statewide total of 18,657,918"
TX,48,county,Gillespie,48171,21928,2026-02-02,"high - all 254 counties present; county totals sum exactly to the official statewide total of 18,657,918"
TX,48,county,Glasscock,48173,842,2026-02-02,"high - all 254 counties present; county totals sum exactly to the official statewide total of 18,657,918"
TX,48,county,Goliad,48175,5684,2026-02-02,"high - all 254 counties present; county totals sum exactly to the official statewide total of 18,657,918"
TX,48,county,Gonzales,48177,13160,2026-02-02,"high - all 254 counties present; county totals sum exactly to the official statewide total of 18,657,918"
TX,48,county,Gray,48179,12112,2026-02-02,"high - all 254 counties present; county totals sum exactly to the official statewide total of 18,657,918"
TX,48,county,Grayson,48181,100887,2026-02-02,"high - all 254 counties present; county totals sum exactly to the official statewide total of 18,657,918"
TX,48,county,Gregg,48183,73217,2026-02-02,"high - all 254 counties present; county totals sum exactly to the official statewide total of 18,657,918"
TX,48,county,Grimes,48185,21519,2026-02-02,"high - all 254 counties present; county totals sum exactly to the official statewide total of 18,657,918"
TX,48,county,Guadalupe,48187,128124,2026-02-02,"high - all 254 counties present; county totals sum exactly to the official statewide total of 18,657,918"
TX,48,county,Hale,48189,18103,2026-02-02,"high - all 254 counties present; county totals sum exactly to the official statewide total of 18,657,918"
TX,48,county,Hall,48191,1835,2026-02-02,"high - all 254 counties present; county totals sum exactly to the official statewide total of 18,657,918"
TX,48,county,Hamilton,48193,6181,2026-02-02,"high - all 254 counties present; county totals sum exactly to the official statewide total of 18,657,918"
TX,48,county,Hansford,48195,2952,2026-02-02,"high - all 254 counties present; county totals sum exactly to the official statewide total of 18,657,918"
TX,48,county,Hardeman,48197,2269,2026-02-02,"high - all 254 counties present; county totals sum exactly to the official statewide total of 18,657,918"
TX,48,county,Hardin,48199,43555,2026-02-02,"high - all 254 counties present; county totals sum exactly to the official statewide total of 18,657,918"
TX,48,county,Harris,48201,2702952,2026-02-02,"high - all 254 counties present; county totals sum exactly to the official statewide total of 18,657,918"
TX,48,county,Harrison,48203,47042,2026-02-02,"high - all 254 counties present; county totals sum exactly to the official statewide total of 18,657,918"
TX,48,county,Hartley,48205,2768,2026-02-02,"high - all 254 counties present; county totals sum exactly to the official statewide total of 18,657,918"
TX,48,county,Haskell,48207,3405,2026-02-02,"high - all 254 counties present; county totals sum exactly to the official statewide total of 18,657,918"
TX,48,county,Hays,48209,193013,2026-02-02,"high - all 254 counties present; county totals sum exactly to the official statewide total of 18,657,918"
TX,48,county,Hemphill,48211,2272,2026-02-02,"high - all 254 counties present; county totals sum exactly to the official statewide total of 18,657,918"
TX,48,county,Henderson,48213,60148,2026-02-02,"high - all 254 counties present; county totals sum exactly to the official statewide total of 18,657,918"
TX,48,county,Hidalgo,48215,451612,2026-02-02,"high - all 254 counties present; county totals sum exactly to the official statewide total of 18,657,918"
TX,48,county,Hill,48217,27498,2026-02-02,"high - all 254 counties present; county totals sum exactly to the official statewide total of 18,657,918"
TX,48,county,Hockley,48219,14077,2026-02-02,"high - all 254 counties present; county totals sum exactly to the official statewide total of 18,657,918"
TX,48,county,Hood,48221,52728,2026-02-02,"high - all 254 counties present; county totals sum exactly to the official statewide total of 18,657,918"
TX,48,county,Hopkins,48223,25317,2026-02-02,"high - all 254 counties present; county totals sum exactly to the official statewide total of 18,657,918"
TX,48,county,Houston,48225,13691,2026-02-02,"high - all 254 counties present; county totals sum exactly to the official statewide total of 18,657,918"
TX,48,county,Howard,48227,16618,2026-02-02,"high - all 254 counties present; county totals sum exactly to the official statewide total of 18,657,918"
TX,48,county,Hudspeth,48229,2121,2026-02-02,"high - all 254 counties present; county totals sum exactly to the official statewide total of 18,657,918"
TX,48,county,Hunt,48231,74838,2026-02-02,"high - all 254 counties present; county totals sum exactly to the official statewide total of 18,657,918"
TX,48,county,Hutchinson,48233,13169,2026-02-02,"high - all 254 counties present; county totals sum exactly to the official statewide total of 18,657,918"
TX,48,county,Irion,48235,1205,2026-02-02,"high - all 254 counties present; county totals sum exactly to the official statewide total of 18,657,918"
TX,48,county,Jack,48237,5811,2026-02-02,"high - all 254 counties present; county totals sum exactly to the official statewide total of 18,657,918"
TX,48,county,Jackson,48239,9914,2026-02-02,"high - all 254 counties present; county totals sum exactly to the official statewide total of 18,657,918"
TX,48,county,Jasper,48241,24411,2026-02-02,"high - all 254 counties present; county totals sum exactly to the official statewide total of 18,657,918"
TX,48,county,Jeff Davis,48243,1546,2026-02-02,"high - all 254 counties present; county totals sum exactly to the official statewide total of 18,657,918"
TX,48,county,Jefferson,48245,146331,2026-02-02,"high - all 254 counties present; county totals sum exactly to the official statewide total of 18,657,918"
TX,48,county,Jim Hogg,48247,3410,2026-02-02,"high - all 254 counties present; county totals sum exactly to the official statewide total of 18,657,918"
TX,48,county,Jim Wells,48249,25864,2026-02-02,"high - all 254 counties present; county totals sum exactly to the official statewide total of 18,657,918"
TX,48,county,Johnson,48251,132109,2026-02-02,"high - all 254 counties present; county totals sum exactly to the official statewide total of 18,657,918"
TX,48,county,Jones,48253,10967,2026-02-02,"high - all 254 counties present; county totals sum exactly to the official statewide total of 18,657,918"
TX,48,county,Karnes,48255,8210,2026-02-02,"high - all 254 counties present; county totals sum exactly to the official statewide total of 18,657,918"
TX,48,county,Kaufman,48257,113504,2026-02-02,"high - all 254 counties present; county totals sum exactly to the official statewide total of 18,657,918"
TX,48,county,Kendall,48259,39850,2026-02-02,"high - all 254 counties present; county totals sum exactly to the official statewide total of 18,657,918"
TX,48,county,Kenedy,48261,268,2026-02-02,"high - all 254 counties present; county totals sum exactly to the official statewide total of 18,657,918"
TX,48,county,Kent,48263,601,2026-02-02,"high - all 254 counties present; county totals sum exactly to the official statewide total of 18,657,918"
TX,48,county,Kerr,48265,39293,2026-02-02,"high - all 254 counties present; county totals sum exactly to the official statewide total of 18,657,918"
TX,48,county,Kimble,48267,3312,2026-02-02,"high - all 254 counties present; county totals sum exactly to the official statewide total of 18,657,918"
TX,48,county,King,48269,180,2026-02-02,"high - all 254 counties present; county totals sum exactly to the official statewide total of 18,657,918"
TX,48,county,Kinney,48271,2197,2026-02-02,"high - all 254 counties present; county totals sum exactly to the official statewide total of 18,657,918"
TX,48,county,Kleberg,48273,17784,2026-02-02,"high - all 254 counties present; county totals sum exactly to the official statewide total of 18,657,918"
TX,48,county,Knox,48275,2244,2026-02-02,"high - all 254 counties present; county totals sum exactly to the official statewide total of 18,657,918"
TX,48,county,Lamar,48277,33012,2026-02-02,"high - all 254 counties present; county totals sum exactly to the official statewide total of 18,657,918"
TX,48,county,Lamb,48279,7676,2026-02-02,"high - all 254 counties present; county totals sum exactly to the official statewide total of 18,657,918"
TX,48,county,Lampasas,48281,17188,2026-02-02,"high - all 254 counties present; county totals sum exactly to the official statewide total of 18,657,918"
TX,48,county,La Salle,48283,4044,2026-02-02,"high - all 254 counties present; county totals sum exactly to the official statewide total of 18,657,918"
TX,48,county,Lavaca,48285,14399,2026-02-02,"high - all 254 counties present; county totals sum exactly to the official statewide total of 18,657,918"
TX,48,county,Lee,48287,12068,2026-02-02,"high - all 254 counties present; county totals sum exactly to the official statewide total of 18,657,918"
TX,48,county,Leon,48289,12551,2026-02-02,"high - all 254 counties present; county totals sum exactly to the official statewide total of 18,657,918"
TX,48,county,Liberty,48291,57715,2026-02-02,"high - all 254 counties present; county totals sum exactly to the official statewide total of 18,657,918"
TX,48,county,Limestone,48293,14376,2026-02-02,"high - all 254 counties present; county totals sum exactly to the official statewide total of 18,657,918"
TX,48,county,Lipscomb,48295,1871,2026-02-02,"high - all 254 counties present; county totals sum exactly to the official statewide total of 18,657,918"
TX,48,county,Live Oak,48297,7663,2026-02-02,"high - all 254 counties present; county totals sum exactly to the official statewide total of 18,657,918"
TX,48,county,Llano,48299,18267,2026-02-02,"high - all 254 counties present; county totals sum exactly to the official statewide total of 18,657,918"
TX,48,county,Loving,48301,149,2026-02-02,"high - all 254 counties present; county totals sum exactly to the official statewide total of 18,657,918"
TX,48,county,Lubbock,48303,199184,2026-02-02,"high - all 254 counties present; county totals sum exactly to the official statewide total of 18,657,918"
TX,48,county,Lynn,48305,4444,2026-02-02,"high - all 254 counties present; county totals sum exactly to the official statewide total of 18,657,918"
TX,48,county,Madison,48313,8436,2026-02-02,"high - all 254 counties present; county totals sum exactly to the official statewide total of 18,657,918"
TX,48,county,Marion,48315,7759,2026-02-02,"high - all 254 counties present; county totals sum exactly to the official statewide total of 18,657,918"
TX,48,county,Martin,48317,3572,2026-02-02,"high - all 254 counties present; county totals sum exactly to the official statewide total of 18,657,918"
TX,48,county,Mason,48319,3266,2026-02-02,"high - all 254 counties present; county totals sum exactly to the official statewide total of 18,657,918"
TX,48,county,Matagorda,48321,22085,2026-02-02,"high - all 254 counties present; county totals sum exactly to the official statewide total of 18,657,918"
TX,48,county,Maverick,48323,36539,2026-02-02,"high - all 254 counties present; county totals sum exactly to the official statewide total of 18,657,918"
TX,48,county,McCulloch,48307,5346,2026-02-02,"high - all 254 counties present; county totals sum exactly to the official statewide total of 18,657,918"
TX,48,county,McLennan,48309,158055,2026-02-02,"high - all 254 counties present; county totals sum exactly to the official statewide total of 18,657,918"
TX,48,county,McMullen,48311,657,2026-02-02,"high - all 254 counties present; county totals sum exactly to the official statewide total of 18,657,918"
TX,48,county,Medina,48325,39520,2026-02-02,"high - all 254 counties present; county totals sum exactly to the official statewide total of 18,657,918"
TX,48,county,Menard,48327,1473,2026-02-02,"high - all 254 counties present; county totals sum exactly to the official statewide total of 18,657,918"
TX,48,county,Midland,48329,97651,2026-02-02,"high - all 254 counties present; county totals sum exactly to the official statewide total of 18,657,918"
TX,48,county,Milam,48331,17179,2026-02-02,"high - all 254 counties present; county totals sum exactly to the official statewide total of 18,657,918"
TX,48,county,Mills,48333,3596,2026-02-02,"high - all 254 counties present; county totals sum exactly to the official statewide total of 18,657,918"
TX,48,county,Mitchell,48335,4457,2026-02-02,"high - all 254 counties present; county totals sum exactly to the official statewide total of 18,657,918"
TX,48,county,Montague,48337,15522,2026-02-02,"high - all 254 counties present; county totals sum exactly to the official statewide total of 18,657,918"
TX,48,county,Montgomery,48339,469174,2026-02-02,"high - all 254 counties present; county totals sum exactly to the official statewide total of 18,657,918"
TX,48,county,Moore,48341,10080,2026-02-02,"high - all 254 counties present; county totals sum exactly to the official statewide total of 18,657,918"
TX,48,county,Morris,48343,8731,2026-02-02,"high - all 254 counties present; county totals sum exactly to the official statewide total of 18,657,918"
TX,48,county,Motley,48345,838,2026-02-02,"high - all 254 counties present; county totals sum exactly to the official statewide total of 18,657,918"
TX,48,county,Nacogdoches,48347,39731,2026-02-02,"high - all 254 counties present; county totals sum exactly to the official statewide total of 18,657,918"
TX,48,county,Navarro,48349,33638,2026-02-02,"high - all 254 counties present; county totals sum exactly to the official statewide total of 18,657,918"
TX,48,county,Newton,48351,9447,2026-02-02,"high - all 254 counties present; county totals sum exactly to the official statewide total of 18,657,918"
TX,48,county,Nolan,48353,8746,2026-02-02,"high - all 254 counties present; county totals sum exactly to the official statewide total of 18,657,918"
TX,48,county,Nueces,48355,216123,2026-02-02,"high - all 254 counties present; county totals sum exactly to the official statewide total of 18,657,918"
TX,48,county,Ochiltree,48357,5129,2026-02-02,"high - all 254 counties present; county totals sum exactly to the official statewide total of 18,657,918"
TX,48,county,Oldham,48359,1370,2026-02-02,"high - all 254 counties present; county totals sum exactly to the official statewide total of 18,657,918"
TX,48,county,Orange,48361,56206,2026-02-02,"high - all 254 counties present; county totals sum exactly to the official statewide total of 18,657,918"
TX,48,county,Palo Pinto,48363,20521,2026-02-02,"high - all 254 counties present; county totals sum exactly to the official statewide total of 18,657,918"
TX,48,county,Panola,48365,17755,2026-02-02,"high - all 254 counties present; county totals sum exactly to the official statewide total of 18,657,918"
TX,48,county,Parker,48367,129537,2026-02-02,"high - all 254 counties present; county totals sum exactly to the official statewide total of 18,657,918"
TX,48,county,Parmer,48369,4523,2026-02-02,"high - all 254 counties present; county totals sum exactly to the official statewide total of 18,657,918"
TX,48,county,Pecos,48371,8319,2026-02-02,"high - all 254 counties present; county totals sum exactly to the official statewide total of 18,657,918"
TX,48,county,Polk,48373,43352,2026-02-02,"high - all 254 counties present; county totals sum exactly to the official statewide total of 18,657,918"
TX,48,county,Potter,48375,57952,2026-02-02,"high - all 254 counties present; county totals sum exactly to the official statewide total of 18,657,918"
TX,48,county,Presidio,48377,4395,2026-02-02,"high - all 254 counties present; county totals sum exactly to the official statewide total of 18,657,918"
TX,48,county,Rains,48379,9549,2026-02-02,"high - all 254 counties present; county totals sum exactly to the official statewide total of 18,657,918"
TX,48,county,Randall,48381,100698,2026-02-02,"high - all 254 counties present; county totals sum exactly to the official statewide total of 18,657,918"
TX,48,county,Reagan,48383,1792,2026-02-02,"high - all 254 counties present; county totals sum exactly to the official statewide total of 18,657,918"
TX,48,county,Real,48385,2670,2026-02-02,"high - all 254 counties present; county totals sum exactly to the official statewide total of 18,657,918"
TX,48,county,Red River,48387,8547,2026-02-02,"high - all 254 counties present; county totals sum exactly to the official statewide total of 18,657,918"
TX,48,county,Reeves,48389,7880,2026-02-02,"high - all 254 counties present; county totals sum exactly to the official statewide total of 18,657,918"
TX,48,county,Refugio,48391,4895,2026-02-02,"high - all 254 counties present; county totals sum exactly to the official statewide total of 18,657,918"
TX,48,county,Roberts,48393,718,2026-02-02,"high - all 254 counties present; county totals sum exactly to the official statewide total of 18,657,918"
TX,48,county,Robertson,48395,12589,2026-02-02,"high - all 254 counties present; county totals sum exactly to the official statewide total of 18,657,918"
TX,48,county,Rockwall,48397,90726,2026-02-02,"high - all 254 counties present; county totals sum exactly to the official statewide total of 18,657,918"
TX,48,county,Runnels,48399,6748,2026-02-02,"high - all 254 counties present; county totals sum exactly to the official statewide total of 18,657,918"
TX,48,county,Rusk,48401,34313,2026-02-02,"high - all 254 counties present; county totals sum exactly to the official statewide total of 18,657,918"
TX,48,county,Sabine,48403,8332,2026-02-02,"high - all 254 counties present; county totals sum exactly to the official statewide total of 18,657,918"
TX,48,county,San Augustine,48405,5988,2026-02-02,"high - all 254 counties present; county totals sum exactly to the official statewide total of 18,657,918"
TX,48,county,San Jacinto,48407,20745,2026-02-02,"high - all 254 counties present; county totals sum exactly to the official statewide total of 18,657,918"
TX,48,county,San Patricio,48409,45066,2026-02-02,"high - all 254 counties present; county totals sum exactly to the official statewide total of 18,657,918"
TX,48,county,San Saba,48411,3758,2026-02-02,"high - all 254 counties present; county totals sum exactly to the official statewide total of 18,657,918"
TX,48,county,Schleicher,48413,1749,2026-02-02,"high - all 254 counties present; county totals sum exactly to the official statewide total of 18,657,918"
TX,48,county,Scurry,48415,9226,2026-02-02,"high - all 254 counties present; county totals sum exactly to the official statewide total of 18,657,918"
TX,48,county,Shackelford,48417,2459,2026-02-02,"high - all 254 counties present; county totals sum exactly to the official statewide total of 18,657,918"
TX,48,county,Shelby,48419,16329,2026-02-02,"high - all 254 counties present; county totals sum exactly to the official statewide total of 18,657,918"
TX,48,county,Sherman,48421,1333,2026-02-02,"high - all 254 counties present; county totals sum exactly to the official statewide total of 18,657,918"
TX,48,county,Smith,48423,160066,2026-02-02,"high - all 254 counties present; county totals sum exactly to the official statewide total of 18,657,918"
TX,48,county,Somervell,48425,7561,2026-02-02,"high - all 254 counties present; county totals sum exactly to the official statewide total of 18,657,918"
TX,48,county,Starr,48427,36051,2026-02-02,"high - all 254 counties present; county totals sum exactly to the official statewide total of 18,657,918"
TX,48,county,Stephens,48429,5834,2026-02-02,"high - all 254 counties present; county totals sum exactly to the official statewide total of 18,657,918"
TX,48,county,Sterling,48431,903,2026-02-02,"high - all 254 counties present; county totals sum exactly to the official statewide total of 18,657,918"
TX,48,county,Stonewall,48433,978,2026-02-02,"high - all 254 counties present; county totals sum exactly to the official statewide total of 18,657,918"
TX,48,county,Sutton,48435,2282,2026-02-02,"high - all 254 counties present; county totals sum exactly to the official statewide total of 18,657,918"
TX,48,county,Swisher,48437,3834,2026-02-02,"high - all 254 counties present; county totals sum exactly to the official statewide total of 18,657,918"
TX,48,county,Tarrant,48439,1306427,2026-02-02,"high - all 254 counties present; county totals sum exactly to the official statewide total of 18,657,918"
TX,48,county,Taylor,48441,85075,2026-02-02,"high - all 254 counties present; county totals sum exactly to the official statewide total of 18,657,918"
TX,48,county,Terrell,48443,614,2026-02-02,"high - all 254 counties present; county totals sum exactly to the official statewide total of 18,657,918"
TX,48,county,Terry,48445,6420,2026-02-02,"high - all 254 counties present; county totals sum exactly to the official statewide total of 18,657,918"
TX,48,county,Throckmorton,48447,1181,2026-02-02,"high - all 254 counties present; county totals sum exactly to the official statewide total of 18,657,918"
TX,48,county,Titus,48449,17979,2026-02-02,"high - all 254 counties present; county totals sum exactly to the official statewide total of 18,657,918"
TX,48,county,Tom Green,48451,72329,2026-02-02,"high - all 254 counties present; county totals sum exactly to the official statewide total of 18,657,918"
TX,48,county,Travis,48453,920645,2026-02-02,"high - all 254 counties present; county totals sum exactly to the official statewide total of 18,657,918"
TX,48,county,Trinity,48455,12255,2026-02-02,"high - all 254 counties present; county totals sum exactly to the official statewide total of 18,657,918"
TX,48,county,Tyler,48457,14814,2026-02-02,"high - all 254 counties present; county totals sum exactly to the official statewide total of 18,657,918"
TX,48,county,Upshur,48459,30686,2026-02-02,"high - all 254 counties present; county totals sum exactly to the official statewide total of 18,657,918"
TX,48,county,Upton,48461,2079,2026-02-02,"high - all 254 counties present; county totals sum exactly to the official statewide total of 18,657,918"
TX,48,county,Uvalde,48463,17599,2026-02-02,"high - all 254 counties present; county totals sum exactly to the official statewide total of 18,657,918"
TX,48,county,Val Verde,48465,30490,2026-02-02,"high - all 254 counties present; county totals sum exactly to the official statewide total of 18,657,918"
TX,48,county,Van Zandt,48467,42052,2026-02-02,"high - all 254 counties present; county totals sum exactly to the official statewide total of 18,657,918"
TX,48,county,Victoria,48469,57085,2026-02-02,"high - all 254 counties present; county totals sum exactly to the official statewide total of 18,657,918"
TX,48,county,Walker,48471,38969,2026-02-02,"high - all 254 counties present; county totals sum exactly to the official statewide total of 18,657,918"
TX,48,county,Waller,48473,44615,2026-02-02,"high - all 254 counties present; county totals sum exactly to the official statewide total of 18,657,918"
TX,48,county,Ward,48475,6946,2026-02-02,"high - all 254 counties present; county totals sum exactly to the official statewide total of 18,657,918"
TX,48,county,Washington,48477,25667,2026-02-02,"high - all 254 counties present; county totals sum exactly to the official statewide total of 18,657,918"
TX,48,county,Webb,48479,146897,2026-02-02,"high - all 254 counties present; county totals sum exactly to the official statewide total of 18,657,918"
TX,48,county,Wharton,48481,26568,2026-02-02,"high - all 254 counties present; county totals sum exactly to the official statewide total of 18,657,918"
TX,48,county,Wheeler,48483,3348,2026-02-02,"high - all 254 counties present; county totals sum exactly to the official statewide total of 18,657,918"
TX,48,county,Wichita,48485,77505,2026-02-02,"high - all 254 counties present; county totals sum exactly to the official statewide total of 18,657,918"
TX,48,county,Wilbarger,48487,8192,2026-02-02,"high - all 254 counties present; county totals sum exactly to the official statewide total of 18,657,918"
TX,48,county,Willacy,48489,11567,2026-02-02,"high - all 254 counties present; county totals sum exactly to the official statewide total of 18,657,918"
TX,48,county,Williamson,48491,455181,2026-02-02,"high - all 254 counties present; county totals sum exactly to the official statewide total of 18,657,918"
TX,48,county,Wilson,48493,39755,2026-02-02,"high - all 254 counties present; county totals sum exactly to the official statewide total of 18,657,918"
TX,48,county,Winkler,48495,4130,2026-02-02,"high - all 254 counties present; county totals sum exactly to the official statewide total of 18,657,918"
TX,48,county,Wise,48497,57826,2026-02-02,"high - all 254 counties present; county totals sum exactly to the official statewide total of 18,657,918"
TX,48,county,Wood,48499,35376,2026-02-02,"high - all 254 counties present; county totals sum exactly to the official statewide total of 18,657,918"
TX,48,county,Yoakum,48501,4323,2026-02-02,"high - all 254 counties present; county totals sum exactly to the official statewide total of 18,657,918"
TX,48,county,Young,48503,12672,2026-02-02,"high - all 254 counties present; county totals sum exactly to the official statewide total of 18,657,918"
TX,48,county,Zapata,48505,8119,2026-02-02,"high - all 254 counties present; county totals sum exactly to the official statewide total of 18,657,918"
TX,48,county,Zavala,48507,7513,2026-02-02,"high - all 254 counties present; county totals sum exactly to the official statewide total of 18,657,918"
UT,49,county,Beaver,49001,3833,2026-06-08,high
UT,49,county,Box Elder,49003,34012,2026-06-08,high
UT,49,county,Cache,49005,70826,2026-06-08,high
UT,49,county,Carbon,49007,10974,2026-06-08,high
UT,49,county,Daggett,49009,675,2026-06-08,high
UT,49,county,Davis,49011,201440,2026-06-08,high
UT,49,county,Duchesne,49013,10637,2026-06-08,high
UT,49,county,Emery,49015,5823,2026-06-08,high
UT,49,county,Garfield,49017,3280,2026-06-08,high
UT,49,county,Grand,49019,5841,2026-06-08,high
UT,49,county,Iron,49021,33074,2026-06-08,high
UT,49,county,Juab,49023,7645,2026-06-08,high
UT,49,county,Kane,49025,5193,2026-06-08,high
UT,49,county,Millard,49027,7565,2026-06-08,high
UT,49,county,Morgan,49029,8483,2026-06-08,high
UT,49,county,Piute,49031,1103,2026-06-08,high
UT,49,county,Rich,49033,1583,2026-06-08,high
UT,49,county,Salt Lake,49035,595261,2026-06-08,high
UT,49,county,San Juan,49037,7097,2026-06-08,high
UT,49,county,Sanpete,49039,15673,2026-06-08,high
UT,49,county,Sevier,49041,12566,2026-06-08,high
UT,49,county,Summit,49043,29491,2026-06-08,high
UT,49,county,Tooele,49045,41821,2026-06-08,high
UT,49,county,Uintah,49047,18212,2026-06-08,high
UT,49,county,Utah,49049,371306,2026-06-08,high
UT,49,county,Wasatch,49051,22445,2026-06-08,high
UT,49,county,Washington,49053,113176,2026-06-08,high
UT,49,county,Wayne,49055,1832,2026-06-08,high
UT,49,county,Weber,49057,134652,2026-06-08,high
VA,51,locality,Accomack County,51001,26117,2026-06-01,complete
VA,51,locality,Albemarle County,51003,90401,2026-06-01,complete
VA,51,locality,Alleghany County,51005,11280,2026-06-01,complete
VA,51,locality,Amelia County,51007,10672,2026-06-01,complete
VA,51,locality,Amherst County,51009,23940,2026-06-01,complete
VA,51,locality,Appomattox County,51011,13028,2026-06-01,complete
VA,51,locality,Arlington County,51013,184359,2026-06-01,complete
VA,51,locality,Augusta County,51015,58500,2026-06-01,complete
VA,51,locality,Bath County,51017,3429,2026-06-01,complete
VA,51,locality,Bedford County,51019,66312,2026-06-01,complete
VA,51,locality,Bland County,51021,4620,2026-06-01,complete
VA,51,locality,Botetourt County,51023,27665,2026-06-01,complete
VA,51,locality,Brunswick County,51025,11380,2026-06-01,complete
VA,51,locality,Buchanan County,51027,14349,2026-06-01,complete
VA,51,locality,Buckingham County,51029,11597,2026-06-01,complete
VA,51,locality,Campbell County,51031,43254,2026-06-01,complete
VA,51,locality,Caroline County,51033,25480,2026-06-01,complete
VA,51,locality,Carroll County,51035,22416,2026-06-01,complete
VA,51,locality,Charles City County,51036,5913,2026-06-01,complete
VA,51,locality,Charlotte County,51037,8592,2026-06-01,complete
VA,51,locality,Chesterfield County,51041,287234,2026-06-01,complete
VA,51,locality,Clarke County,51043,12792,2026-06-01,complete
VA,51,locality,Craig County,51045,3991,2026-06-01,complete
VA,51,locality,Culpeper County,51047,39889,2026-06-01,complete
VA,51,locality,Cumberland County,51049,7909,2026-06-01,complete
VA,51,locality,Dickenson County,51051,9950,2026-06-01,complete
VA,51,locality,Dinwiddie County,51053,22044,2026-06-01,complete
VA,51,locality,Essex County,51057,8614,2026-06-01,complete
VA,51,locality,Fairfax County,51059,815692,2026-06-01,complete
VA,51,locality,Fauquier County,51061,58361,2026-06-01,complete
VA,51,locality,Floyd County,51063,12260,2026-06-01,complete
VA,51,locality,Fluvanna County,51065,22166,2026-06-01,complete
VA,51,locality,Franklin County,51067,41672,2026-06-01,complete
VA,51,locality,Frederick County,51069,74351,2026-06-01,complete
VA,51,locality,Giles County,51071,12544,2026-06-01,complete
VA,51,locality,Gloucester County,51073,31483,2026-06-01,complete
VA,51,locality,Goochland County,51075,24725,2026-06-01,complete
VA,51,locality,Grayson County,51077,11094,2026-06-01,complete
VA,51,locality,Greene County,51079,16461,2026-06-01,complete
VA,51,locality,Greensville County,51081,6510,2026-06-01,complete
VA,51,locality,Halifax County,51083,25740,2026-06-01,complete
VA,51,locality,Hanover County,51085,90324,2026-06-01,complete
VA,51,locality,Henrico County,51087,252996,2026-06-01,complete
VA,51,locality,Henry County,51089,37291,2026-06-01,complete
VA,51,locality,Highland County,51091,1851,2026-06-01,complete
VA,51,locality,Isle of Wight County,51093,33255,2026-06-01,complete
VA,51,locality,James City County,51095,66575,2026-06-01,complete
VA,51,locality,King & Queen County,51097,5627,2026-06-01,complete
VA,51,locality,King George County,51099,21694,2026-06-01,complete
VA,51,locality,King William County,51101,15276,2026-06-01,complete
VA,51,locality,Lancaster County,51103,9633,2026-06-01,complete
VA,51,locality,Lee County,51105,15858,2026-06-01,complete
VA,51,locality,Loudoun County,51107,311346,2026-06-01,complete
VA,51,locality,Louisa County,51109,32645,2026-06-01,complete
VA,51,locality,Lunenburg County,51111,8277,2026-06-01,complete
VA,51,locality,Madison County,51113,10834,2026-06-01,complete
VA,51,locality,Mathews County,51115,7551,2026-06-01,complete
VA,51,locality,Mecklenburg County,51117,23735,2026-06-01,complete
VA,51,locality,Middlesex County,51119,9060,2026-06-01,complete
VA,51,locality,Montgomery County,51121,68227,2026-06-01,complete
VA,51,locality,Nelson County,51125,12082,2026-06-01,complete
VA,51,locality,New Kent County,51127,21662,2026-06-01,complete
VA,51,locality,Northampton County,51131,10027,2026-06-01,complete
VA,51,locality,Northumberland County,51133,10802,2026-06-01,complete
VA,51,locality,Nottoway County,51135,10055,2026-06-01,complete
VA,51,locality,Orange County,51137,30757,2026-06-01,complete
VA,51,locality,Page County,51139,18129,2026-06-01,complete
VA,51,locality,Patrick County,51141,13468,2026-06-01,complete
VA,51,locality,Pittsylvania County,51143,46357,2026-06-01,complete
VA,51,locality,Powhatan County,51145,25526,2026-06-01,complete
VA,51,locality,Prince Edward County,51147,14241,2026-06-01,complete
VA,51,locality,Prince George County,51149,26021,2026-06-01,complete
VA,51,locality,Prince William County,51153,333460,2026-06-01,complete
VA,51,locality,Pulaski County,51155,24507,2026-06-01,complete
VA,51,locality,Rappahannock County,51157,6460,2026-06-01,complete
VA,51,locality,Richmond County,51159,5823,2026-06-01,complete
VA,51,locality,Roanoke County,51161,75106,2026-06-01,complete
VA,51,locality,Rockbridge County,51163,17290,2026-06-01,complete
VA,51,locality,Rockingham County,51165,61287,2026-06-01,complete
VA,51,locality,Russell County,51167,19321,2026-06-01,complete
VA,51,locality,Scott County,51169,16174,2026-06-01,complete
VA,51,locality,Shenandoah County,51171,34074,2026-06-01,complete
VA,51,locality,Smyth County,51173,21033,2026-06-01,complete
VA,51,locality,Southampton County,51175,13515,2026-06-01,complete
VA,51,locality,Spotsylvania County,51177,114044,2026-06-01,complete
VA,51,locality,Stafford County,51179,119400,2026-06-01,complete
VA,51,locality,Surry County,51181,5807,2026-06-01,complete
VA,51,locality,Sussex County,51183,7301,2026-06-01,complete
VA,51,locality,Tazewell County,51185,28217,2026-06-01,complete
VA,51,locality,Warren County,51187,32206,2026-06-01,complete
VA,51,locality,Washington County,51191,40997,2026-06-01,complete
VA,51,locality,Westmoreland County,51193,15439,2026-06-01,complete
VA,51,locality,Wise County,51195,25512,2026-06-01,complete
VA,51,locality,Wythe County,51197,21790,2026-06-01,complete
VA,51,locality,York County,51199,54007,2026-06-01,complete
VA,51,locality,Alexandria City,51510,116859,2026-06-01,complete
VA,51,locality,Bristol City,51520,12080,2026-06-01,complete
VA,51,locality,Buena Vista City,51530,4572,2026-06-01,complete
VA,51,locality,Charlottesville City,51540,36186,2026-06-01,complete
VA,51,locality,Chesapeake City,51550,187059,2026-06-01,complete
VA,51,locality,Colonial Heights City,51570,13284,2026-06-01,complete
VA,51,locality,Covington City,51580,3888,2026-06-01,complete
VA,51,locality,Danville City,51590,29044,2026-06-01,complete
VA,51,locality,Emporia City,51595,4058,2026-06-01,complete
VA,51,locality,Fairfax City,51600,18915,2026-06-01,complete
VA,51,locality,Falls Church City,51610,12271,2026-06-01,complete
VA,51,locality,Franklin City,51620,6213,2026-06-01,complete
VA,51,locality,Fredericksburg City,51630,20926,2026-06-01,complete
VA,51,locality,Galax City,51640,4219,2026-06-01,complete
VA,51,locality,Hampton City,51650,103247,2026-06-01,complete
VA,51,locality,Harrisonburg City,51660,27686,2026-06-01,complete
VA,51,locality,Hopewell City,51670,16429,2026-06-01,complete
VA,51,locality,Lexington City,51678,4289,2026-06-01,complete
VA,51,locality,Lynchburg City,51680,59863,2026-06-01,complete
VA,51,locality,Manassas City,51683,24664,2026-06-01,complete
VA,51,locality,Manassas Park City,51685,9890,2026-06-01,complete
VA,51,locality,Martinsville City,51690,9145,2026-06-01,complete
VA,51,locality,Newport News City,51700,126917,2026-06-01,complete
VA,51,locality,Norfolk City,51710,147542,2026-06-01,complete
VA,51,locality,Norton City,51720,2616,2026-06-01,complete
VA,51,locality,Petersburg City,51730,24851,2026-06-01,complete
VA,51,locality,Poquoson City,51735,10362,2026-06-01,complete
VA,51,locality,Portsmouth City,51740,70893,2026-06-01,complete
VA,51,locality,Radford City,51750,9840,2026-06-01,complete
VA,51,locality,Richmond City,51760,166227,2026-06-01,complete
VA,51,locality,Roanoke City,51770,67874,2026-06-01,complete
VA,51,locality,Salem City,51775,18113,2026-06-01,complete
VA,51,locality,Staunton City,51790,19448,2026-06-01,complete
VA,51,locality,Suffolk City,51800,78174,2026-06-01,complete
VA,51,locality,Virginia Beach City,51810,340367,2026-06-01,complete
VA,51,locality,Waynesboro City,51820,16909,2026-06-01,complete
VA,51,locality,Williamsburg City,51830,12309,2026-06-01,complete
VA,51,locality,Winchester City,51840,19140,2026-06-01,complete
VT,50,county,Addison,50001,34662,2024-11-05,partial
VT,50,county,Bennington,50003,34069,2024-11-05,partial
VT,50,county,Caledonia,50005,24158,2024-11-05,partial
VT,50,county,Chittenden,50007,113251,2024-11-05,partial
VT,50,county,Essex,50009,5104,2024-11-05,partial
VT,50,county,Franklin,50011,47926,2024-11-05,partial
VT,50,county,Grand Isle,50013,6326,2024-11-05,partial
VT,50,county,Lamoille,50015,20036,2024-11-05,partial
VT,50,county,Orange,50017,23538,2024-11-05,partial
VT,50,county,Orleans,50019,21300,2024-11-05,partial
VT,50,county,Rutland,50021,45856,2024-11-05,partial
VT,50,county,Washington,50023,47277,2024-11-05,partial
VT,50,county,Windham,50025,36002,2024-11-05,partial
VT,50,county,Windsor,50027,41481,2024-11-05,partial
WA,53,county,Adams,53001,8715,2026-06-01,high
WA,53,county,Asotin,53003,15096,2026-06-01,high
WA,53,county,Benton,53005,137692,2026-06-01,high
WA,53,county,Chelan,53007,54605,2026-06-01,high
WA,53,county,Clallam,53009,59458,2026-06-01,high
WA,53,county,Clark,53011,358533,2026-06-01,high
WA,53,county,Columbia,53013,3012,2026-06-01,high
WA,53,county,Cowlitz,53015,78072,2026-06-01,high
WA,53,county,Douglas,53017,28520,2026-06-01,high
WA,53,county,Ferry,53019,5373,2026-06-01,high
WA,53,county,Franklin,53021,49263,2026-06-01,high
WA,53,county,Garfield,53023,1675,2026-06-01,high
WA,53,county,Grant,53025,52609,2026-06-01,high
WA,53,county,Grays Harbor,53027,51962,2026-06-01,high
WA,53,county,Island,53029,65641,2026-06-01,high
WA,53,county,Jefferson,53031,28782,2026-06-01,high
WA,53,county,King,53033,1445774,2026-06-01,high
WA,53,county,Kitsap,53035,202032,2026-06-01,high
WA,53,county,Kittitas,53037,32182,2026-06-01,high
WA,53,county,Klickitat,53039,16400,2026-06-01,high
WA,53,county,Lewis,53041,59513,2026-06-01,high
WA,53,county,Lincoln,53043,8855,2026-06-01,high
WA,53,county,Mason,53045,48146,2026-06-01,high
WA,53,county,Okanogan,53047,27085,2026-06-01,high
WA,53,county,Pacific,53049,17910,2026-06-01,high
WA,53,county,Pend Oreille,53051,11056,2026-06-01,high
WA,53,county,Pierce,53053,592967,2026-06-01,high
WA,53,county,San Juan,53055,15063,2026-06-01,high
WA,53,county,Skagit,53057,90782,2026-06-01,high
WA,53,county,Skamania,53059,9446,2026-06-01,high
WA,53,county,Snohomish,53061,542362,2026-06-01,high
WA,53,county,Spokane,53063,376283,2026-06-01,high
WA,53,county,Stevens,53065,36674,2026-06-01,high
WA,53,county,Thurston,53067,213852,2026-06-01,high
WA,53,county,Wahkiakum,53069,3708,2026-06-01,high
WA,53,county,Walla Walla,53071,38867,2026-06-01,high
WA,53,county,Whatcom,53073,169104,2026-06-01,high
WA,53,county,Whitman,53075,24445,2026-06-01,high
WA,53,county,Yakima,53077,135956,2026-06-01,high
WI,55,county,Adams,55001,13611,2026-06-01,high
WI,55,county,Ashland,55003,9516,2026-06-01,high
WI,55,county,Barron,55005,28305,2026-06-01,high
WI,55,county,Bayfield,55007,12083,2026-06-01,high
WI,55,county,Brown,55009,155232,2026-06-01,high
WI,55,county,Buffalo,55011,8481,2026-06-01,high
WI,55,county,Burnett,55013,11532,2026-06-01,high
WI,55,county,Calumet,55015,34143,2026-06-01,high
WI,55,county,Chippewa,55017,40606,2026-06-01,high
WI,55,county,Clark,55019,16119,2026-06-01,high
WI,55,county,Columbia,55021,36612,2026-06-01,high
WI,55,county,Crawford,55023,9552,2026-06-01,high
WI,55,county,Dane,55025,393341,2026-06-01,high
WI,55,county,Dodge,55027,52400,2026-06-01,high
WI,55,county,Door,55029,21892,2026-06-01,high
WI,55,county,Douglas,55031,26636,2026-06-01,high
WI,55,county,Dunn,55033,27356,2026-06-01,high
WI,55,county,Eau Claire,55035,65692,2026-06-01,high
WI,55,county,Florence,55037,3292,2026-06-01,high
WI,55,county,Fond du Lac,55039,59984,2026-06-01,high
WI,55,county,Forest,55041,5840,2026-06-01,high
WI,55,county,Grant,55043,28460,2026-06-01,high
WI,55,county,Green,55045,23237,2026-06-01,high
WI,55,county,Green Lake,55047,11568,2026-06-01,high
WI,55,county,Iowa,55049,15390,2026-06-01,high
WI,55,county,Iron,55051,4278,2026-06-01,high
WI,55,county,Jackson,55053,11162,2026-06-01,high
WI,55,county,Jefferson,55055,52323,2026-06-01,high
WI,55,county,Juneau,55057,15402,2026-06-01,high
WI,55,county,Kenosha,55059,93966,2026-06-01,high
WI,55,county,Kewaunee,55061,12881,2026-06-01,high
WI,55,county,La Crosse,55063,74282,2026-06-01,high
WI,55,county,Lafayette,55065,9314,2026-06-01,high
WI,55,county,Langlade,55067,12221,2026-06-01,high
WI,55,county,Lincoln,55069,17816,2026-06-01,high
WI,55,county,Manitowoc,55071,48349,2026-06-01,high
WI,55,county,Marathon,55073,82467,2026-06-01,high
WI,55,county,Marinette,55075,25852,2026-06-01,high
WI,55,county,Marquette,55077,9932,2026-06-01,high
WI,55,county,Menominee,55078,1941,2026-06-01,high
WI,55,county,Milwaukee,55079,501579,2026-06-01,high
WI,55,county,Monroe,55081,24550,2026-06-01,high
WI,55,county,Oconto,55083,26118,2026-06-01,high
WI,55,county,Oneida,55085,26144,2026-06-01,high
WI,55,county,Outagamie,55087,116885,2026-06-01,high
WI,55,county,Ozaukee,55089,65828,2026-06-01,high
WI,55,county,Pepin,55091,4592,2026-06-01,high
WI,55,county,Pierce,55093,26577,2026-06-01,high
WI,55,county,Polk,55095,29608,2026-06-01,high
WI,55,county,Portage,55097,45089,2026-06-01,high
WI,55,county,Price,55099,9361,2026-06-01,high
WI,55,county,Racine,55101,113277,2026-06-01,high
WI,55,county,Richland,55103,9972,2026-06-01,high
WI,55,county,Rock,55105,93220,2026-06-01,high
WI,55,county,Rusk,55107,8639,2026-06-01,high
WI,55,county,St. Croix,55109,63479,2026-06-01,high
WI,55,county,Sauk,55111,39746,2026-06-01,high
WI,55,county,Sawyer,55113,11851,2026-06-01,high
WI,55,county,Shawano,55115,24724,2026-06-01,high
WI,55,county,Sheboygan,55117,70638,2026-06-01,high
WI,55,county,Taylor,55119,11807,2026-06-01,high
WI,55,county,Trempealeau,55121,16957,2026-06-01,high
WI,55,county,Vernon,55123,17327,2026-06-01,high
WI,55,county,Vilas,55125,16893,2026-06-01,high
WI,55,county,Walworth,55127,64328,2026-06-01,high
WI,55,county,Washburn,55129,11689,2026-06-01,high
WI,55,county,Washington,55131,93897,2026-06-01,high
WI,55,county,Waukesha,55133,288077,2026-06-01,high
WI,55,county,Waupaca,55135,31926,2026-06-01,high
WI,55,county,Waushara,55137,15008,2026-06-01,high
WI,55,county,Winnebago,55139,100847,2026-06-01,high
WI,55,county,Wood,55141,43359,2026-06-01,high
WV,54,county,Barbour,54001,9542,2026-05-31,"high - official monthly statewide report; all 55 counties present; every county row total equals the sum of its party columns; each party column sums exactly to the published statewide total; sum of county totals (1,199,505) equals published grand total."
WV,54,county,Berkeley,54003,101674,2026-05-31,"high - official monthly statewide report; all 55 counties present; every county row total equals the sum of its party columns; each party column sums exactly to the published statewide total; sum of county totals (1,199,505) equals published grand total."
WV,54,county,Boone,54005,13588,2026-05-31,"high - official monthly statewide report; all 55 counties present; every county row total equals the sum of its party columns; each party column sums exactly to the published statewide total; sum of county totals (1,199,505) equals published grand total."
WV,54,county,Braxton,54007,7810,2026-05-31,"high - official monthly statewide report; all 55 counties present; every county row total equals the sum of its party columns; each party column sums exactly to the published statewide total; sum of county totals (1,199,505) equals published grand total."
WV,54,county,Brooke,54009,15146,2026-05-31,"high - official monthly statewide report; all 55 counties present; every county row total equals the sum of its party columns; each party column sums exactly to the published statewide total; sum of county totals (1,199,505) equals published grand total."
WV,54,county,Cabell,54011,55712,2026-05-31,"high - official monthly statewide report; all 55 counties present; every county row total equals the sum of its party columns; each party column sums exactly to the published statewide total; sum of county totals (1,199,505) equals published grand total."
WV,54,county,Calhoun,54013,4550,2026-05-31,"high - official monthly statewide report; all 55 counties present; every county row total equals the sum of its party columns; each party column sums exactly to the published statewide total; sum of county totals (1,199,505) equals published grand total."
WV,54,county,Clay,54015,5109,2026-05-31,"high - official monthly statewide report; all 55 counties present; every county row total equals the sum of its party columns; each party column sums exactly to the published statewide total; sum of county totals (1,199,505) equals published grand total."
WV,54,county,Doddridge,54017,4222,2026-05-31,"high - official monthly statewide report; all 55 counties present; every county row total equals the sum of its party columns; each party column sums exactly to the published statewide total; sum of county totals (1,199,505) equals published grand total."
WV,54,county,Fayette,54019,25829,2026-05-31,"high - official monthly statewide report; all 55 counties present; every county row total equals the sum of its party columns; each party column sums exactly to the published statewide total; sum of county totals (1,199,505) equals published grand total."
WV,54,county,Gilmer,54021,3823,2026-05-31,"high - official monthly statewide report; all 55 counties present; every county row total equals the sum of its party columns; each party column sums exactly to the published statewide total; sum of county totals (1,199,505) equals published grand total."
WV,54,county,Grant,54023,7482,2026-05-31,"high - official monthly statewide report; all 55 counties present; every county row total equals the sum of its party columns; each party column sums exactly to the published statewide total; sum of county totals (1,199,505) equals published grand total."
WV,54,county,Greenbrier,54025,23760,2026-05-31,"high - official monthly statewide report; all 55 counties present; every county row total equals the sum of its party columns; each party column sums exactly to the published statewide total; sum of county totals (1,199,505) equals published grand total."
WV,54,county,Hampshire,54027,15232,2026-05-31,"high - official monthly statewide report; all 55 counties present; every county row total equals the sum of its party columns; each party column sums exactly to the published statewide total; sum of county totals (1,199,505) equals published grand total."
WV,54,county,Hancock,54029,18725,2026-05-31,"high - official monthly statewide report; all 55 counties present; every county row total equals the sum of its party columns; each party column sums exactly to the published statewide total; sum of county totals (1,199,505) equals published grand total."
WV,54,county,Hardy,54031,9170,2026-05-31,"high - official monthly statewide report; all 55 counties present; every county row total equals the sum of its party columns; each party column sums exactly to the published statewide total; sum of county totals (1,199,505) equals published grand total."
WV,54,county,Harrison,54033,43376,2026-05-31,"high - official monthly statewide report; all 55 counties present; every county row total equals the sum of its party columns; each party column sums exactly to the published statewide total; sum of county totals (1,199,505) equals published grand total."
WV,54,county,Jackson,54035,18480,2026-05-31,"high - official monthly statewide report; all 55 counties present; every county row total equals the sum of its party columns; each party column sums exactly to the published statewide total; sum of county totals (1,199,505) equals published grand total."
WV,54,county,Jefferson,54037,48288,2026-05-31,"high - official monthly statewide report; all 55 counties present; every county row total equals the sum of its party columns; each party column sums exactly to the published statewide total; sum of county totals (1,199,505) equals published grand total."
WV,54,county,Kanawha,54039,120101,2026-05-31,"high - official monthly statewide report; all 55 counties present; every county row total equals the sum of its party columns; each party column sums exactly to the published statewide total; sum of county totals (1,199,505) equals published grand total."
WV,54,county,Lewis,54041,10307,2026-05-31,"high - official monthly statewide report; all 55 counties present; every county row total equals the sum of its party columns; each party column sums exactly to the published statewide total; sum of county totals (1,199,505) equals published grand total."
WV,54,county,Lincoln,54043,11774,2026-05-31,"high - official monthly statewide report; all 55 counties present; every county row total equals the sum of its party columns; each party column sums exactly to the published statewide total; sum of county totals (1,199,505) equals published grand total."
WV,54,county,Logan,54045,21634,2026-05-31,"high - official monthly statewide report; all 55 counties present; every county row total equals the sum of its party columns; each party column sums exactly to the published statewide total; sum of county totals (1,199,505) equals published grand total."
WV,54,county,Marion,54049,37412,2026-05-31,"high - official monthly statewide report; all 55 counties present; every county row total equals the sum of its party columns; each party column sums exactly to the published statewide total; sum of county totals (1,199,505) equals published grand total."
WV,54,county,Marshall,54051,19883,2026-05-31,"high - official monthly statewide report; all 55 counties present; every county row total equals the sum of its party columns; each party column sums exactly to the published statewide total; sum of county totals (1,199,505) equals published grand total."
WV,54,county,Mason,54053,15547,2026-05-31,"high - official monthly statewide report; all 55 counties present; every county row total equals the sum of its party columns; each party column sums exactly to the published statewide total; sum of county totals (1,199,505) equals published grand total."
WV,54,county,McDowell,54047,11791,2026-05-31,"high - official monthly statewide report; all 55 counties present; every county row total equals the sum of its party columns; each party column sums exactly to the published statewide total; sum of county totals (1,199,505) equals published grand total."
WV,54,county,Mercer,54055,38688,2026-05-31,"high - official monthly statewide report; all 55 counties present; every county row total equals the sum of its party columns; each party column sums exactly to the published statewide total; sum of county totals (1,199,505) equals published grand total."
WV,54,county,Mineral,54057,19476,2026-05-31,"high - official monthly statewide report; all 55 counties present; every county row total equals the sum of its party columns; each party column sums exactly to the published statewide total; sum of county totals (1,199,505) equals published grand total."
WV,54,county,Mingo,54059,17143,2026-05-31,"high - official monthly statewide report; all 55 counties present; every county row total equals the sum of its party columns; each party column sums exactly to the published statewide total; sum of county totals (1,199,505) equals published grand total."
WV,54,county,Monongalia,54061,66048,2026-05-31,"high - official monthly statewide report; all 55 counties present; every county row total equals the sum of its party columns; each party column sums exactly to the published statewide total; sum of county totals (1,199,505) equals published grand total."
WV,54,county,Monroe,54063,9782,2026-05-31,"high - official monthly statewide report; all 55 counties present; every county row total equals the sum of its party columns; each party column sums exactly to the published statewide total; sum of county totals (1,199,505) equals published grand total."
WV,54,county,Morgan,54065,14093,2026-05-31,"high - official monthly statewide report; all 55 counties present; every county row total equals the sum of its party columns; each party column sums exactly to the published statewide total; sum of county totals (1,199,505) equals published grand total."
WV,54,county,Nicholas,54067,15427,2026-05-31,"high - official monthly statewide report; all 55 counties present; every county row total equals the sum of its party columns; each party column sums exactly to the published statewide total; sum of county totals (1,199,505) equals published grand total."
WV,54,county,Ohio,54069,27198,2026-05-31,"high - official monthly statewide report; all 55 counties present; every county row total equals the sum of its party columns; each party column sums exactly to the published statewide total; sum of county totals (1,199,505) equals published grand total."
WV,54,county,Pendleton,54071,4871,2026-05-31,"high - official monthly statewide report; all 55 counties present; every county row total equals the sum of its party columns; each party column sums exactly to the published statewide total; sum of county totals (1,199,505) equals published grand total."
WV,54,county,Pleasants,54073,4773,2026-05-31,"high - official monthly statewide report; all 55 counties present; every county row total equals the sum of its party columns; each party column sums exactly to the published statewide total; sum of county totals (1,199,505) equals published grand total."
WV,54,county,Pocahontas,54075,5527,2026-05-31,"high - official monthly statewide report; all 55 counties present; every county row total equals the sum of its party columns; each party column sums exactly to the published statewide total; sum of county totals (1,199,505) equals published grand total."
WV,54,county,Preston,54077,19826,2026-05-31,"high - official monthly statewide report; all 55 counties present; every county row total equals the sum of its party columns; each party column sums exactly to the published statewide total; sum of county totals (1,199,505) equals published grand total."
WV,54,county,Putnam,54079,38810,2026-05-31,"high - official monthly statewide report; all 55 counties present; every county row total equals the sum of its party columns; each party column sums exactly to the published statewide total; sum of county totals (1,199,505) equals published grand total."
WV,54,county,Raleigh,54081,49880,2026-05-31,"high - official monthly statewide report; all 55 counties present; every county row total equals the sum of its party columns; each party column sums exactly to the published statewide total; sum of county totals (1,199,505) equals published grand total."
WV,54,county,Randolph,54083,17351,2026-05-31,"high - official monthly statewide report; all 55 counties present; every county row total equals the sum of its party columns; each party column sums exactly to the published statewide total; sum of county totals (1,199,505) equals published grand total."
WV,54,county,Ritchie,54085,5802,2026-05-31,"high - official monthly statewide report; all 55 counties present; every county row total equals the sum of its party columns; each party column sums exactly to the published statewide total; sum of county totals (1,199,505) equals published grand total."
WV,54,county,Roane,54087,8493,2026-05-31,"high - official monthly statewide report; all 55 counties present; every county row total equals the sum of its party columns; each party column sums exactly to the published statewide total; sum of county totals (1,199,505) equals published grand total."
WV,54,county,Summers,54089,8091,2026-05-31,"high - official monthly statewide report; all 55 counties present; every county row total equals the sum of its party columns; each party column sums exactly to the published statewide total; sum of county totals (1,199,505) equals published grand total."
WV,54,county,Taylor,54091,10537,2026-05-31,"high - official monthly statewide report; all 55 counties present; every county row total equals the sum of its party columns; each party column sums exactly to the published statewide total; sum of county totals (1,199,505) equals published grand total."
WV,54,county,Tucker,54093,5133,2026-05-31,"high - official monthly statewide report; all 55 counties present; every county row total equals the sum of its party columns; each party column sums exactly to the published statewide total; sum of county totals (1,199,505) equals published grand total."
WV,54,county,Tyler,54095,5603,2026-05-31,"high - official monthly statewide report; all 55 counties present; every county row total equals the sum of its party columns; each party column sums exactly to the published statewide total; sum of county totals (1,199,505) equals published grand total."
WV,54,county,Upshur,54097,14360,2026-05-31,"high - official monthly statewide report; all 55 counties present; every county row total equals the sum of its party columns; each party column sums exactly to the published statewide total; sum of county totals (1,199,505) equals published grand total."
WV,54,county,Wayne,54099,26108,2026-05-31,"high - official monthly statewide report; all 55 counties present; every county row total equals the sum of its party columns; each party column sums exactly to the published statewide total; sum of county totals (1,199,505) equals published grand total."
WV,54,county,Webster,54101,5112,2026-05-31,"high - official monthly statewide report; all 55 counties present; every county row total equals the sum of its party columns; each party column sums exactly to the published statewide total; sum of county totals (1,199,505) equals published grand total."
WV,54,county,Wetzel,54103,9914,2026-05-31,"high - official monthly statewide report; all 55 counties present; every county row total equals the sum of its party columns; each party column sums exactly to the published statewide total; sum of county totals (1,199,505) equals published grand total."
WV,54,county,Wirt,54105,3440,2026-05-31,"high - official monthly statewide report; all 55 counties present; every county row total equals the sum of its party columns; each party column sums exactly to the published statewide total; sum of county totals (1,199,505) equals published grand total."
WV,54,county,Wood,54107,55503,2026-05-31,"high - official monthly statewide report; all 55 counties present; every county row total equals the sum of its party columns; each party column sums exactly to the published statewide total; sum of county totals (1,199,505) equals published grand total."
WV,54,county,Wyoming,54109,12549,2026-05-31,"high - official monthly statewide report; all 55 counties present; every county row total equals the sum of its party columns; each party column sums exactly to the published statewide total; sum of county totals (1,199,505) equals published grand total."
WY,56,county,Albany,56001,18168,2026-06-01,high
WY,56,county,Big Horn,56003,5829,2026-06-01,high
WY,56,county,Campbell,56005,18429,2026-06-01,high
WY,56,county,Carbon,56007,6417,2026-06-01,high
WY,56,county,Converse,56009,6750,2026-06-01,high
WY,56,county,Crook,56011,4426,2026-06-01,high
WY,56,county,Fremont,56013,17451,2026-06-01,high
WY,56,county,Goshen,56015,6161,2026-06-01,high
WY,56,county,Hot Springs,56017,2621,2026-06-01,high
WY,56,county,Johnson,56019,5036,2026-06-01,high
WY,56,county,Laramie,56021,43364,2026-06-01,high
WY,56,county,Lincoln,56023,10960,2026-06-01,high
WY,56,county,Natrona,56025,34090,2026-06-01,high
WY,56,county,Niobrara,56027,1256,2026-06-01,high
WY,56,county,Park,56029,17039,2026-06-01,high
WY,56,county,Platte,56031,4803,2026-06-01,high
WY,56,county,Sheridan,56033,16691,2026-06-01,high
WY,56,county,Sublette,56035,5054,2026-06-01,high
WY,56,county,Sweetwater,56037,16602,2026-06-01,high
WY,56,county,Teton,56039,13760,2026-06-01,high
WY,56,county,Uinta,56041,9484,2026-06-01,high
WY,56,county,Washakie,56043,3902,2026-06-01,high
WY,56,county,Weston,56045,3527,2026-06-01,high
