state_abbr,unit_name,unit_fips,party,registered
AK,House District 01,,Republican,3675
AK,House District 01,,Democratic,1504
AK,House District 01,,Undeclared,7532
AK,House District 01,,Nonpartisan,2140
AK,House District 01,,Other,210
AK,House District 02,,Republican,3184
AK,House District 02,,Democratic,2430
AK,House District 02,,Undeclared,7716
AK,House District 02,,Nonpartisan,2297
AK,House District 02,,Other,220
AK,House District 03,,Republican,2846
AK,House District 03,,Democratic,2770
AK,House District 03,,Undeclared,7753
AK,House District 03,,Nonpartisan,3012
AK,House District 03,,Other,249
AK,House District 04,,Republican,1833
AK,House District 04,,Democratic,3135
AK,House District 04,,Undeclared,7004
AK,House District 04,,Nonpartisan,2703
AK,House District 04,,Other,217
AK,House District 05,,Republican,3212
AK,House District 05,,Democratic,1626
AK,House District 05,,Undeclared,6965
AK,House District 05,,Nonpartisan,1741
AK,House District 05,,Other,198
AK,House District 06,,Republican,5122
AK,House District 06,,Democratic,1977
AK,House District 06,,Undeclared,8129
AK,House District 06,,Nonpartisan,2659
AK,House District 06,,Other,346
AK,House District 07,,Republican,5403
AK,House District 07,,Democratic,1052
AK,House District 07,,Undeclared,7928
AK,House District 07,,Nonpartisan,2122
AK,House District 07,,Other,251
AK,House District 08,,Republican,6172
AK,House District 08,,Democratic,1041
AK,House District 08,,Undeclared,7617
AK,House District 08,,Nonpartisan,2297
AK,House District 08,,Other,278
AK,House District 09,,Republican,4326
AK,House District 09,,Democratic,2139
AK,House District 09,,Undeclared,6776
AK,House District 09,,Nonpartisan,2737
AK,House District 09,,Other,220
AK,House District 10,,Republican,3405
AK,House District 10,,Democratic,1872
AK,House District 10,,Undeclared,7425
AK,House District 10,,Nonpartisan,2054
AK,House District 10,,Other,244
AK,House District 11,,Republican,3797
AK,House District 11,,Democratic,1911
AK,House District 11,,Undeclared,6927
AK,House District 11,,Nonpartisan,2300
AK,House District 11,,Other,209
AK,House District 12,,Republican,3067
AK,House District 12,,Democratic,2014
AK,House District 12,,Undeclared,7490
AK,House District 12,,Nonpartisan,2111
AK,House District 12,,Other,267
AK,House District 13,,Republican,2830
AK,House District 13,,Democratic,2119
AK,House District 13,,Undeclared,7895
AK,House District 13,,Nonpartisan,1960
AK,House District 13,,Other,274
AK,House District 14,,Republican,2073
AK,House District 14,,Democratic,2419
AK,House District 14,,Undeclared,7232
AK,House District 14,,Nonpartisan,2274
AK,House District 14,,Other,277
AK,House District 15,,Republican,3621
AK,House District 15,,Democratic,1912
AK,House District 15,,Undeclared,7348
AK,House District 15,,Nonpartisan,2218
AK,House District 15,,Other,243
AK,House District 16,,Republican,2919
AK,House District 16,,Democratic,2444
AK,House District 16,,Undeclared,7441
AK,House District 16,,Nonpartisan,2514
AK,House District 16,,Other,249
AK,House District 17,,Republican,2039
AK,House District 17,,Democratic,2931
AK,House District 17,,Undeclared,7098
AK,House District 17,,Nonpartisan,2322
AK,House District 17,,Other,259
AK,House District 18,,Republican,2672
AK,House District 18,,Democratic,1372
AK,House District 18,,Undeclared,5379
AK,House District 18,,Nonpartisan,1517
AK,House District 18,,Other,255
AK,House District 19,,Republican,1455
AK,House District 19,,Democratic,2133
AK,House District 19,,Undeclared,7464
AK,House District 19,,Nonpartisan,1616
AK,House District 19,,Other,318
AK,House District 20,,Republican,2341
AK,House District 20,,Democratic,2186
AK,House District 20,,Undeclared,7098
AK,House District 20,,Nonpartisan,1960
AK,House District 20,,Other,303
AK,House District 21,,Republican,2971
AK,House District 21,,Democratic,2449
AK,House District 21,,Undeclared,7618
AK,House District 21,,Nonpartisan,2345
AK,House District 21,,Other,284
AK,House District 22,,Republican,2169
AK,House District 22,,Democratic,2049
AK,House District 22,,Undeclared,7881
AK,House District 22,,Nonpartisan,1685
AK,House District 22,,Other,272
AK,House District 23,,Republican,5141
AK,House District 23,,Democratic,1655
AK,House District 23,,Undeclared,6781
AK,House District 23,,Nonpartisan,2472
AK,House District 23,,Other,285
AK,House District 24,,Republican,5149
AK,House District 24,,Democratic,1274
AK,House District 24,,Undeclared,6825
AK,House District 24,,Nonpartisan,2192
AK,House District 24,,Other,277
AK,House District 25,,Republican,5383
AK,House District 25,,Democratic,1227
AK,House District 25,,Undeclared,7595
AK,House District 25,,Nonpartisan,2509
AK,House District 25,,Other,278
AK,House District 26,,Republican,5728
AK,House District 26,,Democratic,862
AK,House District 26,,Undeclared,7682
AK,House District 26,,Nonpartisan,2020
AK,House District 26,,Other,297
AK,House District 27,,Republican,5613
AK,House District 27,,Democratic,870
AK,House District 27,,Undeclared,8096
AK,House District 27,,Nonpartisan,1925
AK,House District 27,,Other,288
AK,House District 28,,Republican,5449
AK,House District 28,,Democratic,979
AK,House District 28,,Undeclared,7351
AK,House District 28,,Nonpartisan,2056
AK,House District 28,,Other,283
AK,House District 29,,Republican,5714
AK,House District 29,,Democratic,1016
AK,House District 29,,Undeclared,7682
AK,House District 29,,Nonpartisan,2222
AK,House District 29,,Other,305
AK,House District 30,,Republican,5579
AK,House District 30,,Democratic,1166
AK,House District 30,,Undeclared,8131
AK,House District 30,,Nonpartisan,2350
AK,House District 30,,Other,308
AK,House District 31,,Republican,2788
AK,House District 31,,Democratic,1879
AK,House District 31,,Undeclared,7152
AK,House District 31,,Nonpartisan,1748
AK,House District 31,,Other,245
AK,House District 32,,Republican,3041
AK,House District 32,,Democratic,1127
AK,House District 32,,Undeclared,5653
AK,House District 32,,Nonpartisan,1305
AK,House District 32,,Other,269
AK,House District 33,,Republican,5262
AK,House District 33,,Democratic,982
AK,House District 33,,Undeclared,7828
AK,House District 33,,Nonpartisan,1811
AK,House District 33,,Other,342
AK,House District 34,,Republican,4333
AK,House District 34,,Democratic,1488
AK,House District 34,,Undeclared,7305
AK,House District 34,,Nonpartisan,2203
AK,House District 34,,Other,297
AK,House District 35,,Republican,3156
AK,House District 35,,Democratic,2295
AK,House District 35,,Undeclared,7503
AK,House District 35,,Nonpartisan,2227
AK,House District 35,,Other,278
AK,House District 36,,Republican,4225
AK,House District 36,,Democratic,1701
AK,House District 36,,Undeclared,7787
AK,House District 36,,Nonpartisan,2028
AK,House District 36,,Other,231
AK,House District 37,,Republican,1494
AK,House District 37,,Democratic,1251
AK,House District 37,,Undeclared,5929
AK,House District 37,,Nonpartisan,1065
AK,House District 37,,Other,111
AK,House District 38,,Republican,930
AK,House District 38,,Democratic,1990
AK,House District 38,,Undeclared,6609
AK,House District 38,,Nonpartisan,1165
AK,House District 38,,Other,140
AK,House District 39,,Republican,1116
AK,House District 39,,Democratic,1567
AK,House District 39,,Undeclared,6388
AK,House District 39,,Nonpartisan,1205
AK,House District 39,,Other,129
AK,House District 40,,Republican,1028
AK,House District 40,,Democratic,1287
AK,House District 40,,Undeclared,5799
AK,House District 40,,Nonpartisan,757
AK,House District 40,,Other,103
AZ,Apache,04001,Republican,13367
AZ,Apache,04001,Democratic,28484
AZ,Apache,04001,Independent/Other,15885
AZ,Apache,04001,Libertarian,273
AZ,Apache,04001,Green,55
AZ,Apache,04001,No Labels,424
AZ,Cochise,04003,Republican,35484
AZ,Cochise,04003,Democratic,19906
AZ,Cochise,04003,Independent/Other,32685
AZ,Cochise,04003,Libertarian,786
AZ,Cochise,04003,Green,104
AZ,Cochise,04003,No Labels,960
AZ,Coconino,04005,Republican,26701
AZ,Coconino,04005,Democratic,38999
AZ,Coconino,04005,Independent/Other,36502
AZ,Coconino,04005,Libertarian,986
AZ,Coconino,04005,Green,260
AZ,Coconino,04005,No Labels,1154
AZ,Gila,04007,Republican,18542
AZ,Gila,04007,Democratic,8206
AZ,Gila,04007,Independent/Other,10840
AZ,Gila,04007,Libertarian,267
AZ,Gila,04007,Green,43
AZ,Gila,04007,No Labels,383
AZ,Graham,04009,Republican,11579
AZ,Graham,04009,Democratic,4587
AZ,Graham,04009,Independent/Other,6132
AZ,Graham,04009,Libertarian,147
AZ,Graham,04009,Green,18
AZ,Graham,04009,No Labels,212
AZ,Greenlee,04011,Republican,2061
AZ,Greenlee,04011,Democratic,1233
AZ,Greenlee,04011,Independent/Other,1665
AZ,Greenlee,04011,Libertarian,50
AZ,Greenlee,04011,Green,3
AZ,Greenlee,04011,No Labels,71
AZ,La Paz,04012,Republican,6422
AZ,La Paz,04012,Democratic,2210
AZ,La Paz,04012,Independent/Other,4730
AZ,La Paz,04012,Libertarian,83
AZ,La Paz,04012,Green,9
AZ,La Paz,04012,No Labels,199
AZ,Maricopa,04013,Republican,1002484
AZ,Maricopa,04013,Democratic,815646
AZ,Maricopa,04013,Independent/Other,1084193
AZ,Maricopa,04013,Libertarian,22325
AZ,Maricopa,04013,Green,3519
AZ,Maricopa,04013,No Labels,33090
AZ,Mohave,04015,Republican,96315
AZ,Mohave,04015,Democratic,21513
AZ,Mohave,04015,Independent/Other,55721
AZ,Mohave,04015,Libertarian,1187
AZ,Mohave,04015,Green,135
AZ,Mohave,04015,No Labels,1503
AZ,Navajo,04017,Republican,30280
AZ,Navajo,04017,Democratic,24025
AZ,Navajo,04017,Independent/Other,22124
AZ,Navajo,04017,Libertarian,484
AZ,Navajo,04017,Green,47
AZ,Navajo,04017,No Labels,754
AZ,Pima,04019,Republican,201338
AZ,Pima,04019,Democratic,263036
AZ,Pima,04019,Independent/Other,256947
AZ,Pima,04019,Libertarian,5197
AZ,Pima,04019,Green,1330
AZ,Pima,04019,No Labels,6428
AZ,Pinal,04021,Republican,126220
AZ,Pinal,04021,Democratic,72390
AZ,Pinal,04021,Independent/Other,121645
AZ,Pinal,04021,Libertarian,2503
AZ,Pinal,04021,Green,316
AZ,Pinal,04021,No Labels,3461
AZ,Santa Cruz,04023,Republican,6393
AZ,Santa Cruz,04023,Democratic,14310
AZ,Santa Cruz,04023,Independent/Other,13240
AZ,Santa Cruz,04023,Libertarian,165
AZ,Santa Cruz,04023,Green,21
AZ,Santa Cruz,04023,No Labels,233
AZ,Yavapai,04025,Republican,98578
AZ,Yavapai,04025,Democratic,34031
AZ,Yavapai,04025,Independent/Other,58568
AZ,Yavapai,04025,Libertarian,1621
AZ,Yavapai,04025,Green,140
AZ,Yavapai,04025,No Labels,1824
AZ,Yuma,04027,Republican,40099
AZ,Yuma,04027,Democratic,32487
AZ,Yuma,04027,Independent/Other,52165
AZ,Yuma,04027,Libertarian,713
AZ,Yuma,04027,Green,84
AZ,Yuma,04027,No Labels,1030
CA,Alameda,06001,Democratic,560062
CA,Alameda,06001,Republican,116840
CA,Alameda,06001,NoPartyPreference,242060
CA,Alameda,06001,AmericanIndependent,27785
CA,Alameda,06001,Libertarian,6327
CA,Alameda,06001,Green,7021
CA,Alameda,06001,PeaceAndFreedom,6300
CA,Alameda,06001,Other,4799
CA,Alpine,06003,Democratic,390
CA,Alpine,06003,Republican,221
CA,Alpine,06003,NoPartyPreference,225
CA,Alpine,06003,AmericanIndependent,60
CA,Alpine,06003,Libertarian,13
CA,Alpine,06003,Green,8
CA,Alpine,06003,PeaceAndFreedom,6
CA,Alpine,06003,Other,7
CA,Amador,06005,Democratic,6654
CA,Amador,06005,Republican,13371
CA,Amador,06005,NoPartyPreference,4384
CA,Amador,06005,AmericanIndependent,1737
CA,Amador,06005,Libertarian,498
CA,Amador,06005,Green,133
CA,Amador,06005,PeaceAndFreedom,94
CA,Amador,06005,Other,86
CA,Butte,06007,Democratic,42285
CA,Butte,06007,Republican,48036
CA,Butte,06007,NoPartyPreference,24340
CA,Butte,06007,AmericanIndependent,7132
CA,Butte,06007,Libertarian,1958
CA,Butte,06007,Green,809
CA,Butte,06007,PeaceAndFreedom,771
CA,Butte,06007,Other,2038
CA,Calaveras,06009,Democratic,7844
CA,Calaveras,06009,Republican,16106
CA,Calaveras,06009,NoPartyPreference,5389
CA,Calaveras,06009,AmericanIndependent,2216
CA,Calaveras,06009,Libertarian,590
CA,Calaveras,06009,Green,153
CA,Calaveras,06009,PeaceAndFreedom,132
CA,Calaveras,06009,Other,389
CA,Colusa,06011,Democratic,3306
CA,Colusa,06011,Republican,4398
CA,Colusa,06011,NoPartyPreference,2390
CA,Colusa,06011,AmericanIndependent,457
CA,Colusa,06011,Libertarian,123
CA,Colusa,06011,Green,38
CA,Colusa,06011,PeaceAndFreedom,76
CA,Colusa,06011,Other,26
CA,Contra Costa,06013,Democratic,377850
CA,Contra Costa,06013,Republican,140913
CA,Contra Costa,06013,NoPartyPreference,163072
CA,Contra Costa,06013,AmericanIndependent,30402
CA,Contra Costa,06013,Libertarian,6412
CA,Contra Costa,06013,Green,3728
CA,Contra Costa,06013,PeaceAndFreedom,3957
CA,Contra Costa,06013,Other,5163
CA,Del Norte,06015,Democratic,4289
CA,Del Norte,06015,Republican,6212
CA,Del Norte,06015,NoPartyPreference,3218
CA,Del Norte,06015,AmericanIndependent,939
CA,Del Norte,06015,Libertarian,211
CA,Del Norte,06015,Green,103
CA,Del Norte,06015,PeaceAndFreedom,108
CA,Del Norte,06015,Other,44
CA,El Dorado,06017,Democratic,40680
CA,El Dorado,06017,Republican,57836
CA,El Dorado,06017,NoPartyPreference,25551
CA,El Dorado,06017,AmericanIndependent,8647
CA,El Dorado,06017,Libertarian,2608
CA,El Dorado,06017,Green,663
CA,El Dorado,06017,PeaceAndFreedom,479
CA,El Dorado,06017,Other,1172
CA,Fresno,06019,Democratic,195390
CA,Fresno,06019,Republican,172987
CA,Fresno,06019,NoPartyPreference,113979
CA,Fresno,06019,AmericanIndependent,24150
CA,Fresno,06019,Libertarian,5406
CA,Fresno,06019,Green,2065
CA,Fresno,06019,PeaceAndFreedom,3994
CA,Fresno,06019,Other,9501
CA,Glenn,06021,Democratic,3769
CA,Glenn,06021,Republican,6688
CA,Glenn,06021,NoPartyPreference,2662
CA,Glenn,06021,AmericanIndependent,676
CA,Glenn,06021,Libertarian,166
CA,Glenn,06021,Green,46
CA,Glenn,06021,PeaceAndFreedom,72
CA,Glenn,06021,Other,86
CA,Humboldt,06023,Democratic,38404
CA,Humboldt,06023,Republican,20875
CA,Humboldt,06023,NoPartyPreference,17231
CA,Humboldt,06023,AmericanIndependent,4106
CA,Humboldt,06023,Libertarian,1260
CA,Humboldt,06023,Green,1512
CA,Humboldt,06023,PeaceAndFreedom,668
CA,Humboldt,06023,Other,1264
CA,Imperial,06025,Democratic,40788
CA,Imperial,06025,Republican,22942
CA,Imperial,06025,NoPartyPreference,24206
CA,Imperial,06025,AmericanIndependent,2933
CA,Imperial,06025,Libertarian,718
CA,Imperial,06025,Green,304
CA,Imperial,06025,PeaceAndFreedom,862
CA,Imperial,06025,Other,952
CA,Inyo,06027,Democratic,3621
CA,Inyo,06027,Republican,4157
CA,Inyo,06027,NoPartyPreference,2074
CA,Inyo,06027,AmericanIndependent,594
CA,Inyo,06027,Libertarian,171
CA,Inyo,06027,Green,43
CA,Inyo,06027,PeaceAndFreedom,65
CA,Inyo,06027,Other,131
CA,Kern,06029,Democratic,155589
CA,Kern,06029,Republican,171770
CA,Kern,06029,NoPartyPreference,96883
CA,Kern,06029,AmericanIndependent,22261
CA,Kern,06029,Libertarian,5429
CA,Kern,06029,Green,1551
CA,Kern,06029,PeaceAndFreedom,3646
CA,Kern,06029,Other,5852
CA,Kings,06031,Democratic,18443
CA,Kings,06031,Republican,24410
CA,Kings,06031,NoPartyPreference,12206
CA,Kings,06031,AmericanIndependent,2814
CA,Kings,06031,Libertarian,702
CA,Kings,06031,Green,202
CA,Kings,06031,PeaceAndFreedom,453
CA,Kings,06031,Other,694
CA,Lake,06033,Democratic,13270
CA,Lake,06033,Republican,12451
CA,Lake,06033,NoPartyPreference,7817
CA,Lake,06033,AmericanIndependent,2412
CA,Lake,06033,Libertarian,531
CA,Lake,06033,Green,337
CA,Lake,06033,PeaceAndFreedom,341
CA,Lake,06033,Other,410
CA,Lassen,06035,Democratic,2395
CA,Lassen,06035,Republican,8902
CA,Lassen,06035,NoPartyPreference,2557
CA,Lassen,06035,AmericanIndependent,1000
CA,Lassen,06035,Libertarian,266
CA,Lassen,06035,Green,55
CA,Lassen,06035,PeaceAndFreedom,69
CA,Lassen,06035,Other,125
CA,Los Angeles,06037,Democratic,3008653
CA,Los Angeles,06037,Republican,1100408
CA,Los Angeles,06037,NoPartyPreference,1384428
CA,Los Angeles,06037,AmericanIndependent,209083
CA,Los Angeles,06037,Libertarian,48288
CA,Los Angeles,06037,Green,28853
CA,Los Angeles,06037,PeaceAndFreedom,45444
CA,Los Angeles,06037,Other,73641
CA,Madera,06039,Democratic,25588
CA,Madera,06039,Republican,32333
CA,Madera,06039,NoPartyPreference,17487
CA,Madera,06039,AmericanIndependent,4002
CA,Madera,06039,Libertarian,931
CA,Madera,06039,Green,318
CA,Madera,06039,PeaceAndFreedom,665
CA,Madera,06039,Other,1116
CA,Marin,06041,Democratic,106589
CA,Marin,06041,Republican,21588
CA,Marin,06041,NoPartyPreference,33672
CA,Marin,06041,AmericanIndependent,6605
CA,Marin,06041,Libertarian,1415
CA,Marin,06041,Green,1138
CA,Marin,06041,PeaceAndFreedom,508
CA,Marin,06041,Other,1617
CA,Mariposa,06043,Democratic,3064
CA,Mariposa,06043,Republican,5585
CA,Mariposa,06043,NoPartyPreference,1987
CA,Mariposa,06043,AmericanIndependent,690
CA,Mariposa,06043,Libertarian,181
CA,Mariposa,06043,Green,63
CA,Mariposa,06043,PeaceAndFreedom,37
CA,Mariposa,06043,Other,130
CA,Mendocino,06045,Democratic,24754
CA,Mendocino,06045,Republican,12730
CA,Mendocino,06045,NoPartyPreference,11377
CA,Mendocino,06045,AmericanIndependent,2874
CA,Mendocino,06045,Libertarian,762
CA,Mendocino,06045,Green,768
CA,Mendocino,06045,PeaceAndFreedom,428
CA,Mendocino,06045,Other,226
CA,Merced,06047,Democratic,53767
CA,Merced,06047,Republican,40999
CA,Merced,06047,NoPartyPreference,31363
CA,Merced,06047,AmericanIndependent,6144
CA,Merced,06047,Libertarian,1415
CA,Merced,06047,Green,541
CA,Merced,06047,PeaceAndFreedom,1236
CA,Merced,06047,Other,810
CA,Modoc,06049,Democratic,960
CA,Modoc,06049,Republican,3025
CA,Modoc,06049,NoPartyPreference,902
CA,Modoc,06049,AmericanIndependent,375
CA,Modoc,06049,Libertarian,67
CA,Modoc,06049,Green,21
CA,Modoc,06049,PeaceAndFreedom,20
CA,Modoc,06049,Other,25
CA,Mono,06051,Democratic,3176
CA,Mono,06051,Republican,2325
CA,Mono,06051,NoPartyPreference,1773
CA,Mono,06051,AmericanIndependent,438
CA,Mono,06051,Libertarian,111
CA,Mono,06051,Green,74
CA,Mono,06051,PeaceAndFreedom,46
CA,Mono,06051,Other,55
CA,Monterey,06053,Democratic,108973
CA,Monterey,06053,Republican,45722
CA,Monterey,06053,NoPartyPreference,48993
CA,Monterey,06053,AmericanIndependent,8491
CA,Monterey,06053,Libertarian,2049
CA,Monterey,06053,Green,1104
CA,Monterey,06053,PeaceAndFreedom,1535
CA,Monterey,06053,Other,1795
CA,Napa,06055,Democratic,42979
CA,Napa,06055,Republican,19071
CA,Napa,06055,NoPartyPreference,17412
CA,Napa,06055,AmericanIndependent,3857
CA,Napa,06055,Libertarian,953
CA,Napa,06055,Green,462
CA,Napa,06055,PeaceAndFreedom,448
CA,Napa,06055,Other,763
CA,Nevada,06057,Democratic,29405
CA,Nevada,06057,Republican,24826
CA,Nevada,06057,NoPartyPreference,14507
CA,Nevada,06057,AmericanIndependent,4411
CA,Nevada,06057,Libertarian,1253
CA,Nevada,06057,Green,686
CA,Nevada,06057,PeaceAndFreedom,387
CA,Nevada,06057,Other,476
CA,Orange,06059,Democratic,694281
CA,Orange,06059,Republican,644439
CA,Orange,06059,NoPartyPreference,446513
CA,Orange,06059,AmericanIndependent,79542
CA,Orange,06059,Libertarian,20999
CA,Orange,06059,Green,7789
CA,Orange,06059,PeaceAndFreedom,10032
CA,Orange,06059,Other,4190
CA,Placer,06061,Democratic,92597
CA,Placer,06061,Republican,121767
CA,Placer,06061,NoPartyPreference,57959
CA,Placer,06061,AmericanIndependent,15912
CA,Placer,06061,Libertarian,4936
CA,Placer,06061,Green,1181
CA,Placer,06061,PeaceAndFreedom,981
CA,Placer,06061,Other,3122
CA,Plumas,06063,Democratic,3553
CA,Plumas,06063,Republican,5962
CA,Plumas,06063,NoPartyPreference,2389
CA,Plumas,06063,AmericanIndependent,854
CA,Plumas,06063,Libertarian,196
CA,Plumas,06063,Green,61
CA,Plumas,06063,PeaceAndFreedom,54
CA,Plumas,06063,Other,101
CA,Riverside,06065,Democratic,547472
CA,Riverside,06065,Republican,459946
CA,Riverside,06065,NoPartyPreference,312216
CA,Riverside,06065,AmericanIndependent,69831
CA,Riverside,06065,Libertarian,15444
CA,Riverside,06065,Green,5586
CA,Riverside,06065,PeaceAndFreedom,10375
CA,Riverside,06065,Other,15687
CA,Sacramento,06067,Democratic,405384
CA,Sacramento,06067,Republican,233179
CA,Sacramento,06067,NoPartyPreference,204846
CA,Sacramento,06067,AmericanIndependent,44555
CA,Sacramento,06067,Libertarian,10806
CA,Sacramento,06067,Green,5062
CA,Sacramento,06067,PeaceAndFreedom,6812
CA,Sacramento,06067,Other,7732
CA,San Benito,06069,Democratic,18083
CA,San Benito,06069,Republican,11325
CA,San Benito,06069,NoPartyPreference,7671
CA,San Benito,06069,AmericanIndependent,1711
CA,San Benito,06069,Libertarian,460
CA,San Benito,06069,Green,166
CA,San Benito,06069,PeaceAndFreedom,238
CA,San Benito,06069,Other,250
CA,San Bernardino,06071,Democratic,477674
CA,San Bernardino,06071,Republican,376756
CA,San Bernardino,06071,NoPartyPreference,272997
CA,San Bernardino,06071,AmericanIndependent,62520
CA,San Bernardino,06071,Libertarian,13216
CA,San Bernardino,06071,Green,5287
CA,San Bernardino,06071,PeaceAndFreedom,10685
CA,San Bernardino,06071,Other,15323
CA,San Diego,06073,Democratic,819433
CA,San Diego,06073,Republican,555159
CA,San Diego,06073,NoPartyPreference,489271
CA,San Diego,06073,AmericanIndependent,96813
CA,San Diego,06073,Libertarian,23457
CA,San Diego,06073,Green,9313
CA,San Diego,06073,PeaceAndFreedom,11661
CA,San Diego,06073,Other,17856
CA,San Francisco,06075,Democratic,332070
CA,San Francisco,06075,Republican,40716
CA,San Francisco,06075,NoPartyPreference,131024
CA,San Francisco,06075,AmericanIndependent,12639
CA,San Francisco,06075,Libertarian,3267
CA,San Francisco,06075,Green,3441
CA,San Francisco,06075,PeaceAndFreedom,2943
CA,San Francisco,06075,Other,7529
CA,San Joaquin,06077,Democratic,166706
CA,San Joaquin,06077,Republican,121989
CA,San Joaquin,06077,NoPartyPreference,89619
CA,San Joaquin,06077,AmericanIndependent,19009
CA,San Joaquin,06077,Libertarian,4095
CA,San Joaquin,06077,Green,1675
CA,San Joaquin,06077,PeaceAndFreedom,3308
CA,San Joaquin,06077,Other,4109
CA,San Luis Obispo,06079,Democratic,69558
CA,San Luis Obispo,06079,Republican,63161
CA,San Luis Obispo,06079,NoPartyPreference,33321
CA,San Luis Obispo,06079,AmericanIndependent,9376
CA,San Luis Obispo,06079,Libertarian,2474
CA,San Luis Obispo,06079,Green,1065
CA,San Luis Obispo,06079,PeaceAndFreedom,693
CA,San Luis Obispo,06079,Other,2039
CA,San Mateo,06081,Democratic,245153
CA,San Mateo,06081,Republican,66295
CA,San Mateo,06081,NoPartyPreference,109635
CA,San Mateo,06081,AmericanIndependent,14239
CA,San Mateo,06081,Libertarian,3199
CA,San Mateo,06081,Green,2096
CA,San Mateo,06081,PeaceAndFreedom,1992
CA,San Mateo,06081,Other,4697
CA,Santa Barbara,06083,Democratic,115685
CA,Santa Barbara,06083,Republican,62064
CA,Santa Barbara,06083,NoPartyPreference,52829
CA,Santa Barbara,06083,AmericanIndependent,11405
CA,Santa Barbara,06083,Libertarian,2656
CA,Santa Barbara,06083,Green,1343
CA,Santa Barbara,06083,PeaceAndFreedom,1518
CA,Santa Barbara,06083,Other,2789
CA,Santa Clara,06085,Democratic,533612
CA,Santa Clara,06085,Republican,185800
CA,Santa Clara,06085,NoPartyPreference,300087
CA,Santa Clara,06085,AmericanIndependent,33157
CA,Santa Clara,06085,Libertarian,8758
CA,Santa Clara,06085,Green,5014
CA,Santa Clara,06085,PeaceAndFreedom,5953
CA,Santa Clara,06085,Other,2761
CA,Santa Cruz,06087,Democratic,101492
CA,Santa Cruz,06087,Republican,25111
CA,Santa Cruz,06087,NoPartyPreference,34194
CA,Santa Cruz,06087,AmericanIndependent,6514
CA,Santa Cruz,06087,Libertarian,2000
CA,Santa Cruz,06087,Green,1722
CA,Santa Cruz,06087,PeaceAndFreedom,1094
CA,Santa Cruz,06087,Other,1526
CA,Shasta,06089,Democratic,24488
CA,Shasta,06089,Republican,60297
CA,Shasta,06089,NoPartyPreference,20732
CA,Shasta,06089,AmericanIndependent,7152
CA,Shasta,06089,Libertarian,1841
CA,Shasta,06089,Green,486
CA,Shasta,06089,PeaceAndFreedom,580
CA,Shasta,06089,Other,828
CA,Sierra,06091,Democratic,538
CA,Sierra,06091,Republican,1022
CA,Sierra,06091,NoPartyPreference,413
CA,Sierra,06091,AmericanIndependent,113
CA,Sierra,06091,Libertarian,38
CA,Sierra,06091,Green,6
CA,Sierra,06091,PeaceAndFreedom,6
CA,Sierra,06091,Other,31
CA,Siskiyou,06093,Democratic,7489
CA,Siskiyou,06093,Republican,11986
CA,Siskiyou,06093,NoPartyPreference,5338
CA,Siskiyou,06093,AmericanIndependent,1784
CA,Siskiyou,06093,Libertarian,428
CA,Siskiyou,06093,Green,181
CA,Siskiyou,06093,PeaceAndFreedom,180
CA,Siskiyou,06093,Other,169
CA,Solano,06095,Democratic,129137
CA,Solano,06095,Republican,65413
CA,Solano,06095,NoPartyPreference,60459
CA,Solano,06095,AmericanIndependent,12905
CA,Solano,06095,Libertarian,2930
CA,Solano,06095,Green,1278
CA,Solano,06095,PeaceAndFreedom,1868
CA,Solano,06095,Other,1486
CA,Sonoma,06097,Democratic,177147
CA,Sonoma,06097,Republican,58844
CA,Sonoma,06097,NoPartyPreference,58812
CA,Sonoma,06097,AmericanIndependent,13722
CA,Sonoma,06097,Libertarian,3681
CA,Sonoma,06097,Green,2485
CA,Sonoma,06097,PeaceAndFreedom,1702
CA,Sonoma,06097,Other,4226
CA,Stanislaus,06099,Democratic,108114
CA,Stanislaus,06099,Republican,107492
CA,Stanislaus,06099,NoPartyPreference,59852
CA,Stanislaus,06099,AmericanIndependent,14078
CA,Stanislaus,06099,Libertarian,3274
CA,Stanislaus,06099,Green,1085
CA,Stanislaus,06099,PeaceAndFreedom,2055
CA,Stanislaus,06099,Other,4182
CA,Sutter,06101,Democratic,16044
CA,Sutter,06101,Republican,23192
CA,Sutter,06101,NoPartyPreference,9603
CA,Sutter,06101,AmericanIndependent,2536
CA,Sutter,06101,Libertarian,654
CA,Sutter,06101,Green,164
CA,Sutter,06101,PeaceAndFreedom,324
CA,Sutter,06101,Other,2915
CA,Tehama,06103,Democratic,8142
CA,Tehama,06103,Republican,18746
CA,Tehama,06103,NoPartyPreference,6943
CA,Tehama,06103,AmericanIndependent,2288
CA,Tehama,06103,Libertarian,525
CA,Tehama,06103,Green,82
CA,Tehama,06103,PeaceAndFreedom,207
CA,Tehama,06103,Other,333
CA,Trinity,06105,Democratic,2145
CA,Trinity,06105,Republican,2907
CA,Trinity,06105,NoPartyPreference,1571
CA,Trinity,06105,AmericanIndependent,510
CA,Trinity,06105,Libertarian,132
CA,Trinity,06105,Green,81
CA,Trinity,06105,PeaceAndFreedom,63
CA,Trinity,06105,Other,81
CA,Tulare,06107,Democratic,71548
CA,Tulare,06107,Republican,85918
CA,Tulare,06107,NoPartyPreference,49715
CA,Tulare,06107,AmericanIndependent,10713
CA,Tulare,06107,Libertarian,2548
CA,Tulare,06107,Green,827
CA,Tulare,06107,PeaceAndFreedom,1863
CA,Tulare,06107,Other,3818
CA,Tuolumne,06109,Democratic,9682
CA,Tuolumne,06109,Republican,16539
CA,Tuolumne,06109,NoPartyPreference,6059
CA,Tuolumne,06109,AmericanIndependent,2273
CA,Tuolumne,06109,Libertarian,627
CA,Tuolumne,06109,Green,176
CA,Tuolumne,06109,PeaceAndFreedom,155
CA,Tuolumne,06109,Other,60
CA,Ventura,06111,Democratic,223379
CA,Ventura,06111,Republican,151858
CA,Ventura,06111,NoPartyPreference,108551
CA,Ventura,06111,AmericanIndependent,23750
CA,Ventura,06111,Libertarian,5692
CA,Ventura,06111,Green,2344
CA,Ventura,06111,PeaceAndFreedom,3061
CA,Ventura,06111,Other,6657
CA,Yolo,06113,Democratic,61318
CA,Yolo,06113,Republican,25174
CA,Yolo,06113,NoPartyPreference,28027
CA,Yolo,06113,AmericanIndependent,5101
CA,Yolo,06113,Libertarian,1245
CA,Yolo,06113,Green,785
CA,Yolo,06113,PeaceAndFreedom,683
CA,Yolo,06113,Other,336
CA,Yuba,06115,Democratic,12831
CA,Yuba,06115,Republican,19002
CA,Yuba,06115,NoPartyPreference,10177
CA,Yuba,06115,AmericanIndependent,2775
CA,Yuba,06115,Libertarian,715
CA,Yuba,06115,Green,210
CA,Yuba,06115,PeaceAndFreedom,372
CA,Yuba,06115,Other,505
CO,Adams,08001,Democratic,96487
CO,Adams,08001,Republican,64462
CO,Adams,08001,Unaffiliated,196567
CO,Adams,08001,Libertarian,3128
CO,Adams,08001,Other,7975
CO,Alamosa,08003,Democratic,2884
CO,Alamosa,08003,Republican,2920
CO,Alamosa,08003,Unaffiliated,5964
CO,Alamosa,08003,Libertarian,85
CO,Alamosa,08003,Other,227
CO,Arapahoe,08005,Democratic,132141
CO,Arapahoe,08005,Republican,88367
CO,Arapahoe,08005,Unaffiliated,252399
CO,Arapahoe,08005,Libertarian,4137
CO,Arapahoe,08005,Other,8395
CO,Archuleta,08007,Democratic,1984
CO,Archuleta,08007,Republican,4452
CO,Archuleta,08007,Unaffiliated,6981
CO,Archuleta,08007,Libertarian,106
CO,Archuleta,08007,Other,174
CO,Baca,08009,Democratic,276
CO,Baca,08009,Republican,1406
CO,Baca,08009,Unaffiliated,1231
CO,Baca,08009,Libertarian,16
CO,Baca,08009,Other,31
CO,Bent,08011,Democratic,545
CO,Bent,08011,Republican,1123
CO,Bent,08011,Unaffiliated,1621
CO,Bent,08011,Libertarian,24
CO,Bent,08011,Other,77
CO,Boulder,08013,Democratic,96744
CO,Boulder,08013,Republican,25943
CO,Boulder,08013,Unaffiliated,136439
CO,Boulder,08013,Libertarian,1963
CO,Boulder,08013,Other,3488
CO,Broomfield,08014,Democratic,16477
CO,Broomfield,08014,Republican,11186
CO,Broomfield,08014,Unaffiliated,35685
CO,Broomfield,08014,Libertarian,563
CO,Broomfield,08014,Other,812
CO,Chaffee,08015,Democratic,4292
CO,Chaffee,08015,Republican,4488
CO,Chaffee,08015,Unaffiliated,10290
CO,Chaffee,08015,Libertarian,164
CO,Chaffee,08015,Other,237
CO,Cheyenne,08017,Democratic,88
CO,Cheyenne,08017,Republican,796
CO,Cheyenne,08017,Unaffiliated,505
CO,Cheyenne,08017,Libertarian,1
CO,Cheyenne,08017,Other,9
CO,Clear Creek,08019,Democratic,1995
CO,Clear Creek,08019,Republican,1707
CO,Clear Creek,08019,Unaffiliated,4615
CO,Clear Creek,08019,Libertarian,119
CO,Clear Creek,08019,Other,114
CO,Conejos,08021,Democratic,1894
CO,Conejos,08021,Republican,1965
CO,Conejos,08021,Unaffiliated,2086
CO,Conejos,08021,Libertarian,22
CO,Conejos,08021,Other,70
CO,Costilla,08023,Democratic,1435
CO,Costilla,08023,Republican,529
CO,Costilla,08023,Unaffiliated,1427
CO,Costilla,08023,Libertarian,28
CO,Costilla,08023,Other,61
CO,Crowley,08025,Democratic,336
CO,Crowley,08025,Republican,1056
CO,Crowley,08025,Unaffiliated,1096
CO,Crowley,08025,Libertarian,14
CO,Crowley,08025,Other,39
CO,Custer,08027,Democratic,458
CO,Custer,08027,Republican,2203
CO,Custer,08027,Unaffiliated,2433
CO,Custer,08027,Libertarian,49
CO,Custer,08027,Other,63
CO,Delta,08029,Democratic,2965
CO,Delta,08029,Republican,10289
CO,Delta,08029,Unaffiliated,12965
CO,Delta,08029,Libertarian,223
CO,Delta,08029,Other,412
CO,Denver,08031,Democratic,210115
CO,Denver,08031,Republican,47699
CO,Denver,08031,Unaffiliated,285327
CO,Denver,08031,Libertarian,4393
CO,Denver,08031,Other,10509
CO,Dolores,08033,Democratic,193
CO,Dolores,08033,Republican,801
CO,Dolores,08033,Unaffiliated,872
CO,Dolores,08033,Libertarian,11
CO,Dolores,08033,Other,23
CO,Douglas,08035,Democratic,53152
CO,Douglas,08035,Republican,99502
CO,Douglas,08035,Unaffiliated,172602
CO,Douglas,08035,Libertarian,3026
CO,Douglas,08035,Other,3505
CO,Eagle,08037,Democratic,9598
CO,Eagle,08037,Republican,6819
CO,Eagle,08037,Unaffiliated,23207
CO,Eagle,08037,Libertarian,306
CO,Eagle,08037,Other,600
CO,El Paso,08041,Democratic,93854
CO,El Paso,08041,Republican,160419
CO,El Paso,08041,Unaffiliated,331053
CO,El Paso,08041,Libertarian,6824
CO,El Paso,08041,Other,10207
CO,Elbert,08039,Democratic,2246
CO,Elbert,08039,Republican,12292
CO,Elbert,08039,Unaffiliated,12515
CO,Elbert,08039,Libertarian,256
CO,Elbert,08039,Other,290
CO,Fremont,08043,Democratic,4310
CO,Fremont,08043,Republican,13204
CO,Fremont,08043,Unaffiliated,17510
CO,Fremont,08043,Libertarian,290
CO,Fremont,08043,Other,543
CO,Garfield,08045,Democratic,8572
CO,Garfield,08045,Republican,10536
CO,Garfield,08045,Unaffiliated,24519
CO,Garfield,08045,Libertarian,381
CO,Garfield,08045,Other,717
CO,Gilpin,08047,Democratic,1298
CO,Gilpin,08047,Republican,1133
CO,Gilpin,08047,Unaffiliated,3051
CO,Gilpin,08047,Libertarian,58
CO,Gilpin,08047,Other,91
CO,Grand,08049,Democratic,2458
CO,Grand,08049,Republican,3928
CO,Grand,08049,Unaffiliated,7637
CO,Grand,08049,Libertarian,135
CO,Grand,08049,Other,168
CO,Gunnison,08051,Democratic,3531
CO,Gunnison,08051,Republican,2520
CO,Gunnison,08051,Unaffiliated,8339
CO,Gunnison,08051,Libertarian,137
CO,Gunnison,08051,Other,204
CO,Hinsdale,08053,Democratic,71
CO,Hinsdale,08053,Republican,319
CO,Hinsdale,08053,Unaffiliated,356
CO,Hinsdale,08053,Libertarian,4
CO,Hinsdale,08053,Other,5
CO,Huerfano,08055,Democratic,1596
CO,Huerfano,08055,Republican,1511
CO,Huerfano,08055,Unaffiliated,3037
CO,Huerfano,08055,Libertarian,46
CO,Huerfano,08055,Other,120
CO,Jackson,08057,Democratic,59
CO,Jackson,08057,Republican,689
CO,Jackson,08057,Unaffiliated,457
CO,Jackson,08057,Libertarian,9
CO,Jackson,08057,Other,8
CO,Jefferson,08059,Democratic,124147
CO,Jefferson,08059,Republican,96076
CO,Jefferson,08059,Unaffiliated,252827
CO,Jefferson,08059,Libertarian,4761
CO,Jefferson,08059,Other,6867
CO,Kiowa,08061,Democratic,60
CO,Kiowa,08061,Republican,637
CO,Kiowa,08061,Unaffiliated,423
CO,Kiowa,08061,Libertarian,4
CO,Kiowa,08061,Other,4
CO,Kit Carson,08063,Democratic,417
CO,Kit Carson,08063,Republican,2718
CO,Kit Carson,08063,Unaffiliated,2180
CO,Kit Carson,08063,Libertarian,36
CO,Kit Carson,08063,Other,67
CO,La Plata,08067,Democratic,11117
CO,La Plata,08067,Republican,10402
CO,La Plata,08067,Unaffiliated,28044
CO,La Plata,08067,Libertarian,408
CO,La Plata,08067,Other,694
CO,Lake,08065,Democratic,1674
CO,Lake,08065,Republican,917
CO,Lake,08065,Unaffiliated,3426
CO,Lake,08065,Libertarian,78
CO,Lake,08065,Other,124
CO,Larimer,08069,Democratic,71139
CO,Larimer,08069,Republican,66074
CO,Larimer,08069,Unaffiliated,164733
CO,Larimer,08069,Libertarian,3038
CO,Larimer,08069,Other,4515
CO,Las Animas,08071,Democratic,3059
CO,Las Animas,08071,Republican,2762
CO,Las Animas,08071,Unaffiliated,5810
CO,Las Animas,08071,Libertarian,86
CO,Las Animas,08071,Other,198
CO,Lincoln,08073,Democratic,299
CO,Lincoln,08073,Republican,1778
CO,Lincoln,08073,Unaffiliated,1499
CO,Lincoln,08073,Libertarian,34
CO,Lincoln,08073,Other,43
CO,Logan,08075,Democratic,1322
CO,Logan,08075,Republican,6475
CO,Logan,08075,Unaffiliated,6182
CO,Logan,08075,Libertarian,94
CO,Logan,08075,Other,194
CO,Mesa,08077,Democratic,15878
CO,Mesa,08077,Republican,44100
CO,Mesa,08077,Unaffiliated,66759
CO,Mesa,08077,Libertarian,1289
CO,Mesa,08077,Other,2249
CO,Mineral,08079,Democratic,190
CO,Mineral,08079,Republican,317
CO,Mineral,08079,Unaffiliated,443
CO,Mineral,08079,Libertarian,5
CO,Mineral,08079,Other,7
CO,Moffat,08081,Democratic,652
CO,Moffat,08081,Republican,4430
CO,Moffat,08081,Unaffiliated,5118
CO,Moffat,08081,Libertarian,89
CO,Moffat,08081,Other,159
CO,Montezuma,08083,Democratic,3266
CO,Montezuma,08083,Republican,7910
CO,Montezuma,08083,Unaffiliated,11078
CO,Montezuma,08083,Libertarian,177
CO,Montezuma,08083,Other,350
CO,Montrose,08085,Democratic,4090
CO,Montrose,08085,Republican,13189
CO,Montrose,08085,Unaffiliated,17821
CO,Montrose,08085,Libertarian,257
CO,Montrose,08085,Other,489
CO,Morgan,08087,Democratic,2753
CO,Morgan,08087,Republican,7355
CO,Morgan,08087,Unaffiliated,10461
CO,Morgan,08087,Libertarian,152
CO,Morgan,08087,Other,428
CO,Otero,08089,Democratic,2942
CO,Otero,08089,Republican,4310
CO,Otero,08089,Unaffiliated,6334
CO,Otero,08089,Libertarian,66
CO,Otero,08089,Other,252
CO,Ouray,08091,Democratic,1091
CO,Ouray,08091,Republican,1133
CO,Ouray,08091,Unaffiliated,2938
CO,Ouray,08091,Libertarian,48
CO,Ouray,08091,Other,53
CO,Park,08093,Democratic,2588
CO,Park,08093,Republican,5183
CO,Park,08093,Unaffiliated,8600
CO,Park,08093,Libertarian,245
CO,Park,08093,Other,256
CO,Phillips,08095,Democratic,286
CO,Phillips,08095,Republican,1577
CO,Phillips,08095,Unaffiliated,1317
CO,Phillips,08095,Libertarian,27
CO,Phillips,08095,Other,28
CO,Pitkin,08097,Democratic,4790
CO,Pitkin,08097,Republican,1886
CO,Pitkin,08097,Unaffiliated,8438
CO,Pitkin,08097,Libertarian,136
CO,Pitkin,08097,Other,240
CO,Prowers,08099,Democratic,1074
CO,Prowers,08099,Republican,3047
CO,Prowers,08099,Unaffiliated,3704
CO,Prowers,08099,Libertarian,34
CO,Prowers,08099,Other,155
CO,Pueblo,08101,Democratic,36510
CO,Pueblo,08101,Republican,28751
CO,Pueblo,08101,Unaffiliated,61979
CO,Pueblo,08101,Libertarian,1024
CO,Pueblo,08101,Other,2498
CO,Rio Blanco,08103,Democratic,206
CO,Rio Blanco,08103,Republican,2818
CO,Rio Blanco,08103,Unaffiliated,2122
CO,Rio Blanco,08103,Libertarian,27
CO,Rio Blanco,08103,Other,55
CO,Rio Grande,08105,Democratic,1885
CO,Rio Grande,08105,Republican,2920
CO,Rio Grande,08105,Unaffiliated,4486
CO,Rio Grande,08105,Libertarian,43
CO,Rio Grande,08105,Other,149
CO,Routt,08107,Democratic,5504
CO,Routt,08107,Republican,4149
CO,Routt,08107,Unaffiliated,12784
CO,Routt,08107,Libertarian,202
CO,Routt,08107,Other,324
CO,Saguache,08109,Democratic,1495
CO,Saguache,08109,Republican,978
CO,Saguache,08109,Unaffiliated,2710
CO,Saguache,08109,Libertarian,56
CO,Saguache,08109,Other,113
CO,San Juan,08111,Democratic,191
CO,San Juan,08111,Republican,114
CO,San Juan,08111,Unaffiliated,519
CO,San Juan,08111,Libertarian,13
CO,San Juan,08111,Other,14
CO,San Miguel,08113,Democratic,2201
CO,San Miguel,08113,Republican,792
CO,San Miguel,08113,Unaffiliated,3746
CO,San Miguel,08113,Libertarian,69
CO,San Miguel,08113,Other,111
CO,Sedgwick,08115,Democratic,203
CO,Sedgwick,08115,Republican,905
CO,Sedgwick,08115,Unaffiliated,790
CO,Sedgwick,08115,Libertarian,10
CO,Sedgwick,08115,Other,26
CO,Summit,08117,Democratic,6566
CO,Summit,08117,Republican,3586
CO,Summit,08117,Unaffiliated,14637
CO,Summit,08117,Libertarian,295
CO,Summit,08117,Other,351
CO,Teller,08119,Democratic,2516
CO,Teller,08119,Republican,8871
CO,Teller,08119,Unaffiliated,11076
CO,Teller,08119,Libertarian,302
CO,Teller,08119,Other,365
CO,Washington,08121,Democratic,192
CO,Washington,08121,Republican,2220
CO,Washington,08121,Unaffiliated,1239
CO,Washington,08121,Libertarian,19
CO,Washington,08121,Other,37
CO,Weld,08123,Democratic,44815
CO,Weld,08123,Republican,78690
CO,Weld,08123,Unaffiliated,138981
CO,Weld,08123,Libertarian,2576
CO,Weld,08123,Other,4813
CO,Yuma,08125,Democratic,504
CO,Yuma,08125,Republican,3165
CO,Yuma,08125,Unaffiliated,2841
CO,Yuma,08125,Libertarian,40
CO,Yuma,08125,Other,65
CT,Andover,,Democratic,701
CT,Andover,,Republican,738
CT,Andover,,Unaffiliated,1037
CT,Andover,,Minor,40
CT,Ansonia,,Democratic,3994
CT,Ansonia,,Republican,2312
CT,Ansonia,,Unaffiliated,5888
CT,Ansonia,,Minor,186
CT,Ashford,,Democratic,988
CT,Ashford,,Republican,818
CT,Ashford,,Unaffiliated,1430
CT,Ashford,,Minor,45
CT,Avon,,Democratic,4913
CT,Avon,,Republican,3719
CT,Avon,,Unaffiliated,6264
CT,Avon,,Minor,193
CT,Barkhamsted,,Democratic,724
CT,Barkhamsted,,Republican,969
CT,Barkhamsted,,Unaffiliated,1264
CT,Barkhamsted,,Minor,61
CT,Beacon Falls,,Democratic,1154
CT,Beacon Falls,,Republican,1444
CT,Beacon Falls,,Unaffiliated,2205
CT,Beacon Falls,,Minor,84
CT,Berlin,,Democratic,4816
CT,Berlin,,Republican,4558
CT,Berlin,,Unaffiliated,6812
CT,Berlin,,Minor,199
CT,Bethany,,Democratic,1300
CT,Bethany,,Republican,1198
CT,Bethany,,Unaffiliated,1892
CT,Bethany,,Minor,60
CT,Bethel,,Democratic,4315
CT,Bethel,,Republican,3506
CT,Bethel,,Unaffiliated,6303
CT,Bethel,,Minor,252
CT,Bethlehem,,Democratic,650
CT,Bethlehem,,Republican,1066
CT,Bethlehem,,Unaffiliated,1132
CT,Bethlehem,,Minor,37
CT,Bloomfield,,Democratic,10233
CT,Bloomfield,,Republican,1432
CT,Bloomfield,,Unaffiliated,5709
CT,Bloomfield,,Minor,169
CT,Bolton,,Democratic,1142
CT,Bolton,,Republican,1070
CT,Bolton,,Unaffiliated,1732
CT,Bolton,,Minor,69
CT,Bozrah,,Democratic,574
CT,Bozrah,,Republican,551
CT,Bozrah,,Unaffiliated,916
CT,Bozrah,,Minor,48
CT,Branford,,Democratic,7490
CT,Branford,,Republican,4548
CT,Branford,,Unaffiliated,10454
CT,Branford,,Minor,322
CT,Bridgeport,,Democratic,44279
CT,Bridgeport,,Republican,5974
CT,Bridgeport,,Unaffiliated,25605
CT,Bridgeport,,Minor,563
CT,Bridgewater,,Democratic,492
CT,Bridgewater,,Republican,424
CT,Bridgewater,,Unaffiliated,583
CT,Bridgewater,,Minor,25
CT,Bristol,,Democratic,12878
CT,Bristol,,Republican,9421
CT,Bristol,,Unaffiliated,17373
CT,Bristol,,Minor,792
CT,Brookfield,,Democratic,3532
CT,Brookfield,,Republican,4241
CT,Brookfield,,Unaffiliated,6050
CT,Brookfield,,Minor,245
CT,Brooklyn,,Democratic,1350
CT,Brooklyn,,Republican,1658
CT,Brooklyn,,Unaffiliated,2905
CT,Brooklyn,,Minor,121
CT,Burlington,,Democratic,1920
CT,Burlington,,Republican,2288
CT,Burlington,,Unaffiliated,3250
CT,Burlington,,Minor,149
CT,Canaan,,Democratic,335
CT,Canaan,,Republican,141
CT,Canaan,,Unaffiliated,311
CT,Canaan,,Minor,2
CT,Canterbury,,Democratic,794
CT,Canterbury,,Republican,1408
CT,Canterbury,,Unaffiliated,1874
CT,Canterbury,,Minor,64
CT,Canton,,Democratic,2724
CT,Canton,,Republican,2225
CT,Canton,,Unaffiliated,3475
CT,Canton,,Minor,141
CT,Chaplin,,Democratic,446
CT,Chaplin,,Republican,541
CT,Chaplin,,Unaffiliated,708
CT,Chaplin,,Minor,28
CT,Cheshire,,Democratic,6353
CT,Cheshire,,Republican,5208
CT,Cheshire,,Unaffiliated,10062
CT,Cheshire,,Minor,305
CT,Chester,,Democratic,1295
CT,Chester,,Republican,594
CT,Chester,,Unaffiliated,1213
CT,Chester,,Minor,37
CT,Clinton,,Democratic,3183
CT,Clinton,,Republican,2853
CT,Clinton,,Unaffiliated,4751
CT,Clinton,,Minor,218
CT,Colchester,,Democratic,3629
CT,Colchester,,Republican,3224
CT,Colchester,,Unaffiliated,5739
CT,Colchester,,Minor,224
CT,Colebrook,,Democratic,298
CT,Colebrook,,Republican,370
CT,Colebrook,,Unaffiliated,497
CT,Colebrook,,Minor,15
CT,Columbia,,Democratic,1267
CT,Columbia,,Republican,1203
CT,Columbia,,Unaffiliated,1758
CT,Columbia,,Minor,111
CT,Cornwall,,Democratic,588
CT,Cornwall,,Republican,200
CT,Cornwall,,Unaffiliated,418
CT,Cornwall,,Minor,21
CT,Coventry,,Democratic,2661
CT,Coventry,,Republican,2502
CT,Coventry,,Unaffiliated,4526
CT,Coventry,,Minor,163
CT,Cromwell,,Democratic,3559
CT,Cromwell,,Republican,2731
CT,Cromwell,,Unaffiliated,5157
CT,Cromwell,,Minor,211
CT,Danbury,,Democratic,14333
CT,Danbury,,Republican,9429
CT,Danbury,,Unaffiliated,19210
CT,Danbury,,Minor,692
CT,Darien,,Democratic,4090
CT,Darien,,Republican,5365
CT,Darien,,Unaffiliated,6681
CT,Darien,,Minor,204
CT,Deep River,,Democratic,1281
CT,Deep River,,Republican,780
CT,Deep River,,Unaffiliated,1621
CT,Deep River,,Minor,54
CT,Derby,,Democratic,2579
CT,Derby,,Republican,1562
CT,Derby,,Unaffiliated,3472
CT,Derby,,Minor,97
CT,Durham,,Democratic,1430
CT,Durham,,Republican,1831
CT,Durham,,Unaffiliated,2531
CT,Durham,,Minor,72
CT,Eastford,,Democratic,289
CT,Eastford,,Republican,475
CT,Eastford,,Unaffiliated,548
CT,Eastford,,Minor,27
CT,East Granby,,Democratic,1129
CT,East Granby,,Republican,1032
CT,East Granby,,Unaffiliated,1842
CT,East Granby,,Minor,84
CT,East Haddam,,Democratic,2051
CT,East Haddam,,Republican,1992
CT,East Haddam,,Unaffiliated,3291
CT,East Haddam,,Minor,155
CT,East Hampton,,Democratic,2882
CT,East Hampton,,Republican,2656
CT,East Hampton,,Unaffiliated,4727
CT,East Hampton,,Minor,167
CT,East Hartford,,Democratic,14433
CT,East Hartford,,Republican,3698
CT,East Hartford,,Unaffiliated,14452
CT,East Hartford,,Minor,291
CT,East Haven,,Democratic,5847
CT,East Haven,,Republican,4285
CT,East Haven,,Unaffiliated,8565
CT,East Haven,,Minor,265
CT,East Lyme,,Democratic,4871
CT,East Lyme,,Republican,3330
CT,East Lyme,,Unaffiliated,6675
CT,East Lyme,,Minor,208
CT,Easton,,Democratic,1795
CT,Easton,,Republican,1648
CT,Easton,,Unaffiliated,2604
CT,Easton,,Minor,100
CT,East Windsor,,Democratic,2672
CT,East Windsor,,Republican,2119
CT,East Windsor,,Unaffiliated,4583
CT,East Windsor,,Minor,156
CT,Ellington,,Democratic,2927
CT,Ellington,,Republican,3346
CT,Ellington,,Unaffiliated,5907
CT,Ellington,,Minor,215
CT,Enfield,,Democratic,8686
CT,Enfield,,Republican,7000
CT,Enfield,,Unaffiliated,13044
CT,Enfield,,Minor,639
CT,Essex,,Democratic,2101
CT,Essex,,Republican,1353
CT,Essex,,Unaffiliated,2203
CT,Essex,,Minor,81
CT,Fairfield,,Democratic,15688
CT,Fairfield,,Republican,10688
CT,Fairfield,,Unaffiliated,19621
CT,Fairfield,,Minor,744
CT,Farmington,,Democratic,7162
CT,Farmington,,Republican,4768
CT,Farmington,,Unaffiliated,9653
CT,Farmington,,Minor,316
CT,Franklin,,Democratic,369
CT,Franklin,,Republican,484
CT,Franklin,,Unaffiliated,674
CT,Franklin,,Minor,27
CT,Glastonbury,,Democratic,9114
CT,Glastonbury,,Republican,6028
CT,Glastonbury,,Unaffiliated,11762
CT,Glastonbury,,Minor,405
CT,Goshen,,Democratic,653
CT,Goshen,,Republican,1023
CT,Goshen,,Unaffiliated,851
CT,Goshen,,Minor,45
CT,Granby,,Democratic,2695
CT,Granby,,Republican,2686
CT,Granby,,Unaffiliated,3843
CT,Granby,,Minor,168
CT,Greenwich,,Democratic,13664
CT,Greenwich,,Republican,13126
CT,Greenwich,,Unaffiliated,19042
CT,Greenwich,,Minor,770
CT,Griswold,,Democratic,2218
CT,Griswold,,Republican,2522
CT,Griswold,,Unaffiliated,3955
CT,Griswold,,Minor,176
CT,Groton,,Democratic,8285
CT,Groton,,Republican,5020
CT,Groton,,Unaffiliated,11585
CT,Groton,,Minor,418
CT,Guilford,,Democratic,6638
CT,Guilford,,Republican,3599
CT,Guilford,,Unaffiliated,7107
CT,Guilford,,Minor,435
CT,Haddam,,Democratic,1764
CT,Haddam,,Republican,1991
CT,Haddam,,Unaffiliated,2933
CT,Haddam,,Minor,101
CT,Hamden,,Democratic,21584
CT,Hamden,,Republican,4548
CT,Hamden,,Unaffiliated,14098
CT,Hamden,,Minor,598
CT,Hampton,,Democratic,398
CT,Hampton,,Republican,376
CT,Hampton,,Unaffiliated,622
CT,Hampton,,Minor,28
CT,Hartford,,Democratic,36959
CT,Hartford,,Republican,3715
CT,Hartford,,Unaffiliated,23060
CT,Hartford,,Minor,433
CT,Hartland,,Democratic,291
CT,Hartland,,Republican,647
CT,Hartland,,Unaffiliated,624
CT,Hartland,,Minor,33
CT,Harwinton,,Democratic,989
CT,Harwinton,,Republican,1703
CT,Harwinton,,Unaffiliated,1962
CT,Harwinton,,Minor,91
CT,Hebron,,Democratic,2224
CT,Hebron,,Republican,2056
CT,Hebron,,Unaffiliated,3583
CT,Hebron,,Minor,105
CT,Kent,,Democratic,1068
CT,Kent,,Republican,460
CT,Kent,,Unaffiliated,822
CT,Kent,,Minor,27
CT,Killingly,,Democratic,2561
CT,Killingly,,Republican,3248
CT,Killingly,,Unaffiliated,6164
CT,Killingly,,Minor,246
CT,Killingworth,,Democratic,1417
CT,Killingworth,,Republican,1493
CT,Killingworth,,Unaffiliated,2333
CT,Killingworth,,Minor,80
CT,Lebanon,,Democratic,1373
CT,Lebanon,,Republican,1666
CT,Lebanon,,Unaffiliated,2464
CT,Lebanon,,Minor,117
CT,Ledyard,,Democratic,2971
CT,Ledyard,,Republican,2862
CT,Ledyard,,Unaffiliated,5034
CT,Ledyard,,Minor,291
CT,Lisbon,,Democratic,823
CT,Lisbon,,Republican,894
CT,Lisbon,,Unaffiliated,1427
CT,Lisbon,,Minor,50
CT,Litchfield,,Democratic,1964
CT,Litchfield,,Republican,2051
CT,Litchfield,,Unaffiliated,2459
CT,Litchfield,,Minor,119
CT,Lyme,,Democratic,751
CT,Lyme,,Republican,453
CT,Lyme,,Unaffiliated,774
CT,Lyme,,Minor,31
CT,Madison,,Democratic,4922
CT,Madison,,Republican,3677
CT,Madison,,Unaffiliated,6328
CT,Madison,,Minor,222
CT,Manchester,,Democratic,15617
CT,Manchester,,Republican,6080
CT,Manchester,,Unaffiliated,16651
CT,Manchester,,Minor,674
CT,Mansfield,,Democratic,5247
CT,Mansfield,,Republican,1452
CT,Mansfield,,Unaffiliated,5024
CT,Mansfield,,Minor,191
CT,Marlborough,,Democratic,1475
CT,Marlborough,,Republican,1366
CT,Marlborough,,Unaffiliated,2081
CT,Marlborough,,Minor,100
CT,Meriden,,Democratic,12098
CT,Meriden,,Republican,6142
CT,Meriden,,Unaffiliated,18280
CT,Meriden,,Minor,500
CT,Middlebury,,Democratic,1634
CT,Middlebury,,Republican,2552
CT,Middlebury,,Unaffiliated,2677
CT,Middlebury,,Minor,99
CT,Middlefield,,Democratic,1004
CT,Middlefield,,Republican,851
CT,Middlefield,,Unaffiliated,1750
CT,Middlefield,,Minor,77
CT,Middletown,,Democratic,13864
CT,Middletown,,Republican,5318
CT,Middletown,,Unaffiliated,13221
CT,Middletown,,Minor,541
CT,Milford,,Democratic,12427
CT,Milford,,Republican,9475
CT,Milford,,Unaffiliated,19239
CT,Milford,,Minor,796
CT,Monroe,,Democratic,3387
CT,Monroe,,Republican,3951
CT,Monroe,,Unaffiliated,6988
CT,Monroe,,Minor,214
CT,Montville,,Democratic,3268
CT,Montville,,Republican,3019
CT,Montville,,Unaffiliated,6168
CT,Montville,,Minor,232
CT,Morris,,Democratic,414
CT,Morris,,Republican,715
CT,Morris,,Unaffiliated,715
CT,Morris,,Minor,37
CT,Naugatuck,,Democratic,5815
CT,Naugatuck,,Republican,5104
CT,Naugatuck,,Unaffiliated,8831
CT,Naugatuck,,Minor,321
CT,New Britain,,Democratic,16359
CT,New Britain,,Republican,5439
CT,New Britain,,Unaffiliated,17706
CT,New Britain,,Minor,535
CT,New Canaan,,Democratic,4124
CT,New Canaan,,Republican,5494
CT,New Canaan,,Unaffiliated,6040
CT,New Canaan,,Minor,166
CT,New Fairfield,,Democratic,2466
CT,New Fairfield,,Republican,3353
CT,New Fairfield,,Unaffiliated,4520
CT,New Fairfield,,Minor,204
CT,New Hartford,,Democratic,1381
CT,New Hartford,,Republican,1735
CT,New Hartford,,Unaffiliated,2254
CT,New Hartford,,Minor,121
CT,New Haven,,Democratic,42539
CT,New Haven,,Republican,4154
CT,New Haven,,Unaffiliated,22445
CT,New Haven,,Minor,714
CT,Newington,,Democratic,8203
CT,Newington,,Republican,4625
CT,Newington,,Unaffiliated,10008
CT,Newington,,Minor,353
CT,New London,,Democratic,8236
CT,New London,,Republican,1907
CT,New London,,Unaffiliated,8029
CT,New London,,Minor,240
CT,New Milford,,Democratic,5333
CT,New Milford,,Republican,5733
CT,New Milford,,Unaffiliated,8748
CT,New Milford,,Minor,361
CT,Newtown,,Democratic,6243
CT,Newtown,,Republican,5690
CT,Newtown,,Unaffiliated,8687
CT,Newtown,,Minor,424
CT,Norfolk,,Democratic,504
CT,Norfolk,,Republican,244
CT,Norfolk,,Unaffiliated,491
CT,Norfolk,,Minor,12
CT,North Branford,,Democratic,2300
CT,North Branford,,Republican,2964
CT,North Branford,,Unaffiliated,5101
CT,North Branford,,Minor,144
CT,North Canaan,,Democratic,640
CT,North Canaan,,Republican,812
CT,North Canaan,,Unaffiliated,1014
CT,North Canaan,,Minor,45
CT,North Haven,,Democratic,5068
CT,North Haven,,Republican,5111
CT,North Haven,,Unaffiliated,9076
CT,North Haven,,Minor,269
CT,North Stonington,,Democratic,1085
CT,North Stonington,,Republican,1259
CT,North Stonington,,Unaffiliated,2079
CT,North Stonington,,Minor,79
CT,Norwalk,,Democratic,24480
CT,Norwalk,,Republican,10606
CT,Norwalk,,Unaffiliated,26587
CT,Norwalk,,Minor,1114
CT,Norwich,,Democratic,7805
CT,Norwich,,Republican,4100
CT,Norwich,,Unaffiliated,10995
CT,Norwich,,Minor,419
CT,Old Lyme,,Democratic,2063
CT,Old Lyme,,Republican,1735
CT,Old Lyme,,Unaffiliated,2690
CT,Old Lyme,,Minor,105
CT,Old Saybrook,,Democratic,2861
CT,Old Saybrook,,Republican,2615
CT,Old Saybrook,,Unaffiliated,3943
CT,Old Saybrook,,Minor,180
CT,Orange,,Democratic,3026
CT,Orange,,Republican,2886
CT,Orange,,Unaffiliated,5339
CT,Orange,,Minor,156
CT,Oxford,,Democratic,1915
CT,Oxford,,Republican,3984
CT,Oxford,,Unaffiliated,4474
CT,Oxford,,Minor,175
CT,Plainfield,,Democratic,2678
CT,Plainfield,,Republican,3154
CT,Plainfield,,Unaffiliated,5286
CT,Plainfield,,Minor,198
CT,Plainville,,Democratic,3802
CT,Plainville,,Republican,3266
CT,Plainville,,Unaffiliated,6056
CT,Plainville,,Minor,209
CT,Plymouth,,Democratic,1797
CT,Plymouth,,Republican,2736
CT,Plymouth,,Unaffiliated,4389
CT,Plymouth,,Minor,173
CT,Pomfret,,Democratic,981
CT,Pomfret,,Republican,831
CT,Pomfret,,Unaffiliated,1410
CT,Pomfret,,Minor,53
CT,Portland,,Democratic,2253
CT,Portland,,Republican,1848
CT,Portland,,Unaffiliated,3129
CT,Portland,,Minor,134
CT,Preston,,Democratic,878
CT,Preston,,Republican,1091
CT,Preston,,Unaffiliated,1666
CT,Preston,,Minor,99
CT,Prospect,,Democratic,1405
CT,Prospect,,Republican,2689
CT,Prospect,,Unaffiliated,3254
CT,Prospect,,Minor,120
CT,Putnam,,Democratic,1713
CT,Putnam,,Republican,1657
CT,Putnam,,Unaffiliated,3351
CT,Putnam,,Minor,134
CT,Redding,,Democratic,2799
CT,Redding,,Republican,1642
CT,Redding,,Unaffiliated,2656
CT,Redding,,Minor,132
CT,Ridgefield,,Democratic,7320
CT,Ridgefield,,Republican,5357
CT,Ridgefield,,Unaffiliated,8252
CT,Ridgefield,,Minor,333
CT,Rocky Hill,,Democratic,4825
CT,Rocky Hill,,Republican,3182
CT,Rocky Hill,,Unaffiliated,6277
CT,Rocky Hill,,Minor,207
CT,Roxbury,,Democratic,626
CT,Roxbury,,Republican,497
CT,Roxbury,,Unaffiliated,703
CT,Roxbury,,Minor,29
CT,Salem,,Democratic,883
CT,Salem,,Republican,928
CT,Salem,,Unaffiliated,1490
CT,Salem,,Minor,48
CT,Salisbury,,Democratic,1624
CT,Salisbury,,Republican,436
CT,Salisbury,,Unaffiliated,1179
CT,Salisbury,,Minor,51
CT,Scotland,,Democratic,283
CT,Scotland,,Republican,374
CT,Scotland,,Unaffiliated,586
CT,Scotland,,Minor,21
CT,Seymour,,Democratic,2674
CT,Seymour,,Republican,3373
CT,Seymour,,Unaffiliated,5977
CT,Seymour,,Minor,131
CT,Sharon,,Democratic,816
CT,Sharon,,Republican,394
CT,Sharon,,Unaffiliated,709
CT,Sharon,,Minor,19
CT,Shelton,,Democratic,7391
CT,Shelton,,Republican,9260
CT,Shelton,,Unaffiliated,14310
CT,Shelton,,Minor,421
CT,Sherman,,Democratic,861
CT,Sherman,,Republican,749
CT,Sherman,,Unaffiliated,1207
CT,Sherman,,Minor,62
CT,Simsbury,,Democratic,7334
CT,Simsbury,,Republican,4766
CT,Simsbury,,Unaffiliated,8606
CT,Simsbury,,Minor,333
CT,Somers,,Democratic,1408
CT,Somers,,Republican,2363
CT,Somers,,Unaffiliated,3337
CT,Somers,,Minor,157
CT,Southbury,,Democratic,4294
CT,Southbury,,Republican,5062
CT,Southbury,,Unaffiliated,6574
CT,Southbury,,Minor,273
CT,Southington,,Democratic,8758
CT,Southington,,Republican,9496
CT,Southington,,Unaffiliated,15337
CT,Southington,,Minor,606
CT,South Windsor,,Democratic,6374
CT,South Windsor,,Republican,3818
CT,South Windsor,,Unaffiliated,8373
CT,South Windsor,,Minor,249
CT,Sprague,,Democratic,611
CT,Sprague,,Republican,559
CT,Sprague,,Unaffiliated,969
CT,Sprague,,Minor,45
CT,Stafford,,Democratic,2232
CT,Stafford,,Republican,2299
CT,Stafford,,Unaffiliated,3777
CT,Stafford,,Minor,188
CT,Stamford,,Democratic,35366
CT,Stamford,,Republican,15392
CT,Stamford,,Unaffiliated,31213
CT,Stamford,,Minor,1541
CT,Sterling,,Democratic,350
CT,Sterling,,Republican,848
CT,Sterling,,Unaffiliated,1345
CT,Sterling,,Minor,57
CT,Stonington,,Democratic,5536
CT,Stonington,,Republican,3252
CT,Stonington,,Unaffiliated,7258
CT,Stonington,,Minor,242
CT,Stratford,,Democratic,13980
CT,Stratford,,Republican,7031
CT,Stratford,,Unaffiliated,16322
CT,Stratford,,Minor,438
CT,Suffield,,Democratic,2750
CT,Suffield,,Republican,3160
CT,Suffield,,Unaffiliated,4946
CT,Suffield,,Minor,292
CT,Thomaston,,Democratic,1054
CT,Thomaston,,Republican,2112
CT,Thomaston,,Unaffiliated,2540
CT,Thomaston,,Minor,95
CT,Thompson,,Democratic,1519
CT,Thompson,,Republican,2093
CT,Thompson,,Unaffiliated,3497
CT,Thompson,,Minor,130
CT,Tolland,,Democratic,3131
CT,Tolland,,Republican,3005
CT,Tolland,,Unaffiliated,5508
CT,Tolland,,Minor,195
CT,Torrington,,Democratic,6351
CT,Torrington,,Republican,6764
CT,Torrington,,Unaffiliated,10234
CT,Torrington,,Minor,454
CT,Trumbull,,Democratic,8219
CT,Trumbull,,Republican,6659
CT,Trumbull,,Unaffiliated,12730
CT,Trumbull,,Minor,325
CT,Union,,Democratic,151
CT,Union,,Republican,227
CT,Union,,Unaffiliated,261
CT,Union,,Minor,13
CT,Vernon,,Democratic,6525
CT,Vernon,,Republican,4144
CT,Vernon,,Unaffiliated,9455
CT,Vernon,,Minor,349
CT,Voluntown,,Democratic,404
CT,Voluntown,,Republican,696
CT,Voluntown,,Unaffiliated,849
CT,Voluntown,,Minor,53
CT,Wallingford,,Democratic,8510
CT,Wallingford,,Republican,7117
CT,Wallingford,,Unaffiliated,15434
CT,Wallingford,,Minor,536
CT,Warren,,Democratic,359
CT,Warren,,Republican,357
CT,Warren,,Unaffiliated,456
CT,Warren,,Minor,17
CT,Washington,,Democratic,1077
CT,Washington,,Republican,610
CT,Washington,,Unaffiliated,1038
CT,Washington,,Minor,49
CT,Waterbury,,Democratic,23347
CT,Waterbury,,Republican,9546
CT,Waterbury,,Unaffiliated,27053
CT,Waterbury,,Minor,811
CT,Waterford,,Democratic,4823
CT,Waterford,,Republican,3512
CT,Waterford,,Unaffiliated,7236
CT,Waterford,,Minor,241
CT,Watertown,,Democratic,3430
CT,Watertown,,Republican,5500
CT,Watertown,,Unaffiliated,7244
CT,Watertown,,Minor,304
CT,Westbrook,,Democratic,1448
CT,Westbrook,,Republican,1533
CT,Westbrook,,Unaffiliated,2406
CT,Westbrook,,Minor,95
CT,West Hartford,,Democratic,23116
CT,West Hartford,,Republican,6347
CT,West Hartford,,Unaffiliated,17639
CT,West Hartford,,Minor,652
CT,West Haven,,Democratic,15429
CT,West Haven,,Republican,4659
CT,West Haven,,Unaffiliated,11392
CT,West Haven,,Minor,353
CT,Weston,,Democratic,3274
CT,Weston,,Republican,1490
CT,Weston,,Unaffiliated,3350
CT,Weston,,Minor,104
CT,Westport,,Democratic,9073
CT,Westport,,Republican,3793
CT,Westport,,Unaffiliated,8867
CT,Westport,,Minor,193
CT,Wethersfield,,Democratic,7531
CT,Wethersfield,,Republican,4001
CT,Wethersfield,,Unaffiliated,8434
CT,Wethersfield,,Minor,305
CT,Willington,,Democratic,1071
CT,Willington,,Republican,1073
CT,Willington,,Unaffiliated,1738
CT,Willington,,Minor,73
CT,Wilton,,Democratic,4670
CT,Wilton,,Republican,3370
CT,Wilton,,Unaffiliated,5887
CT,Wilton,,Minor,201
CT,Winchester,,Democratic,1795
CT,Winchester,,Republican,2148
CT,Winchester,,Unaffiliated,3450
CT,Winchester,,Minor,122
CT,Windham,,Democratic,4565
CT,Windham,,Republican,2189
CT,Windham,,Unaffiliated,6278
CT,Windham,,Minor,220
CT,Windsor,,Democratic,11499
CT,Windsor,,Republican,3013
CT,Windsor,,Unaffiliated,9256
CT,Windsor,,Minor,286
CT,Windsor Locks,,Democratic,2786
CT,Windsor Locks,,Republican,2028
CT,Windsor Locks,,Unaffiliated,4705
CT,Windsor Locks,,Minor,195
CT,Wolcott,,Democratic,2490
CT,Wolcott,,Republican,4026
CT,Wolcott,,Unaffiliated,5356
CT,Wolcott,,Minor,206
CT,Woodbridge,,Democratic,2827
CT,Woodbridge,,Republican,1210
CT,Woodbridge,,Unaffiliated,3070
CT,Woodbridge,,Minor,94
CT,Woodbury,,Democratic,2258
CT,Woodbury,,Republican,2724
CT,Woodbury,,Unaffiliated,3345
CT,Woodbury,,Minor,199
CT,Woodstock,,Democratic,1720
CT,Woodstock,,Republican,2053
CT,Woodstock,,Unaffiliated,3029
CT,Woodstock,,Minor,132
DC,Ward 1,,Democratic,45676
DC,Ward 1,,Republican,2052
DC,Ward 1,,NoParty,10164
DC,Ward 1,,StatehoodGreen,619
DC,Ward 1,,Other,305
DC,Ward 2,,Democratic,37260
DC,Ward 2,,Republican,3876
DC,Ward 2,,NoParty,11361
DC,Ward 2,,StatehoodGreen,344
DC,Ward 2,,Other,313
DC,Ward 3,,Democratic,41350
DC,Ward 3,,Republican,4072
DC,Ward 3,,NoParty,11288
DC,Ward 3,,StatehoodGreen,437
DC,Ward 3,,Other,305
DC,Ward 4,,Democratic,48563
DC,Ward 4,,Republican,2163
DC,Ward 4,,NoParty,9874
DC,Ward 4,,StatehoodGreen,622
DC,Ward 4,,Other,336
DC,Ward 5,,Democratic,53980
DC,Ward 5,,Republican,2471
DC,Ward 5,,NoParty,11717
DC,Ward 5,,StatehoodGreen,784
DC,Ward 5,,Other,452
DC,Ward 6,,Democratic,49725
DC,Ward 6,,Republican,5730
DC,Ward 6,,NoParty,12954
DC,Ward 6,,StatehoodGreen,545
DC,Ward 6,,Other,417
DC,Ward 7,,Democratic,48316
DC,Ward 7,,Republican,2076
DC,Ward 7,,NoParty,9859
DC,Ward 7,,StatehoodGreen,637
DC,Ward 7,,Other,427
DC,Ward 8,,Democratic,38292
DC,Ward 8,,Republican,2126
DC,Ward 8,,NoParty,8730
DC,Ward 8,,StatehoodGreen,566
DC,Ward 8,,Other,364
DE,New Castle,10003,Democratic,209217
DE,New Castle,10003,Republican,82496
DE,New Castle,10003,Unaffiliated,135986
DE,New Castle,10003,Other,11741
DE,Kent,10001,Democratic,54410
DE,Kent,10001,Republican,38853
DE,Kent,10001,Unaffiliated,50200
DE,Kent,10001,Other,4224
DE,Sussex,10005,Democratic,67632
DE,Sussex,10005,Republican,78737
DE,Sussex,10005,Unaffiliated,66357
DE,Sussex,10005,Other,5482
FL,Alachua,12001,Republican,48240
FL,Alachua,12001,Democratic,73056
FL,Alachua,12001,NoPartyAffiliation,37373
FL,Alachua,12001,Minor,5633
FL,Baker,12003,Republican,12490
FL,Baker,12003,Democratic,2831
FL,Baker,12003,NoPartyAffiliation,1866
FL,Baker,12003,Minor,463
FL,Bay,12005,Republican,73218
FL,Bay,12005,Democratic,23160
FL,Bay,12005,NoPartyAffiliation,23388
FL,Bay,12005,Minor,5191
FL,Bradford,12007,Republican,10643
FL,Bradford,12007,Democratic,3462
FL,Bradford,12007,NoPartyAffiliation,2013
FL,Bradford,12007,Minor,526
FL,Brevard,12009,Republican,202523
FL,Brevard,12009,Democratic,109374
FL,Brevard,12009,NoPartyAffiliation,105594
FL,Brevard,12009,Minor,18050
FL,Broward,12011,Republican,268703
FL,Broward,12011,Democratic,464477
FL,Broward,12011,NoPartyAffiliation,314653
FL,Broward,12011,Minor,30666
FL,Calhoun,12013,Republican,4790
FL,Calhoun,12013,Democratic,1872
FL,Calhoun,12013,NoPartyAffiliation,759
FL,Calhoun,12013,Minor,98
FL,Charlotte,12015,Republican,82630
FL,Charlotte,12015,Democratic,29132
FL,Charlotte,12015,NoPartyAffiliation,33063
FL,Charlotte,12015,Minor,6850
FL,Citrus,12017,Republican,70408
FL,Citrus,12017,Democratic,20655
FL,Citrus,12017,NoPartyAffiliation,22627
FL,Citrus,12017,Minor,5058
FL,Clay,12019,Republican,87193
FL,Clay,12019,Democratic,30256
FL,Clay,12019,NoPartyAffiliation,29140
FL,Clay,12019,Minor,6030
FL,Collier,12021,Republican,144220
FL,Collier,12021,Democratic,49863
FL,Collier,12021,NoPartyAffiliation,57919
FL,Collier,12021,Minor,8346
FL,Columbia,12023,Republican,24174
FL,Columbia,12023,Democratic,9424
FL,Columbia,12023,NoPartyAffiliation,6156
FL,Columbia,12023,Minor,1350
FL,DeSoto,12027,Republican,8175
FL,DeSoto,12027,Democratic,4064
FL,DeSoto,12027,NoPartyAffiliation,3059
FL,DeSoto,12027,Minor,524
FL,Dixie,12029,Republican,6717
FL,Dixie,12029,Democratic,1591
FL,Dixie,12029,NoPartyAffiliation,1319
FL,Dixie,12029,Minor,242
FL,Duval,12031,Republican,235678
FL,Duval,12031,Democratic,240957
FL,Duval,12031,NoPartyAffiliation,142385
FL,Duval,12031,Minor,23631
FL,Escambia,12033,Republican,98221
FL,Escambia,12033,Democratic,58532
FL,Escambia,12033,NoPartyAffiliation,38334
FL,Escambia,12033,Minor,7493
FL,Flagler,12035,Republican,49857
FL,Flagler,12035,Democratic,23036
FL,Flagler,12035,NoPartyAffiliation,20570
FL,Flagler,12035,Minor,4175
FL,Franklin,12037,Republican,4063
FL,Franklin,12037,Democratic,2138
FL,Franklin,12037,NoPartyAffiliation,1094
FL,Franklin,12037,Minor,287
FL,Gadsden,12039,Republican,5915
FL,Gadsden,12039,Democratic,17297
FL,Gadsden,12039,NoPartyAffiliation,2828
FL,Gadsden,12039,Minor,497
FL,Gilchrist,12041,Republican,9009
FL,Gilchrist,12041,Democratic,1698
FL,Gilchrist,12041,NoPartyAffiliation,1530
FL,Gilchrist,12041,Minor,500
FL,Glades,12043,Republican,4050
FL,Glades,12043,Democratic,1406
FL,Glades,12043,NoPartyAffiliation,1078
FL,Glades,12043,Minor,210
FL,Gulf,12045,Republican,7051
FL,Gulf,12045,Democratic,2242
FL,Gulf,12045,NoPartyAffiliation,1279
FL,Gulf,12045,Minor,377
FL,Hamilton,12047,Republican,3691
FL,Hamilton,12047,Democratic,2296
FL,Hamilton,12047,NoPartyAffiliation,798
FL,Hamilton,12047,Minor,221
FL,Hardee,12049,Republican,6586
FL,Hardee,12049,Democratic,2385
FL,Hardee,12049,NoPartyAffiliation,1946
FL,Hardee,12049,Minor,395
FL,Hendry,12051,Republican,9359
FL,Hendry,12051,Democratic,5385
FL,Hendry,12051,NoPartyAffiliation,3562
FL,Hendry,12051,Minor,563
FL,Hernando,12053,Republican,69777
FL,Hernando,12053,Democratic,30176
FL,Hernando,12053,NoPartyAffiliation,29850
FL,Hernando,12053,Minor,5662
FL,Highlands,12055,Republican,34283
FL,Highlands,12055,Democratic,13312
FL,Highlands,12055,NoPartyAffiliation,11588
FL,Highlands,12055,Minor,2563
FL,Hillsborough,12057,Republican,289799
FL,Hillsborough,12057,Democratic,267127
FL,Hillsborough,12057,NoPartyAffiliation,212770
FL,Hillsborough,12057,Minor,29947
FL,Holmes,12059,Republican,8297
FL,Holmes,12059,Democratic,1491
FL,Holmes,12059,NoPartyAffiliation,1194
FL,Holmes,12059,Minor,277
FL,Indian River,12061,Republican,62067
FL,Indian River,12061,Democratic,25893
FL,Indian River,12061,NoPartyAffiliation,24173
FL,Indian River,12061,Minor,5089
FL,Jackson,12063,Republican,15834
FL,Jackson,12063,Democratic,7710
FL,Jackson,12063,NoPartyAffiliation,2620
FL,Jackson,12063,Minor,636
FL,Jefferson,12065,Republican,4670
FL,Jefferson,12065,Democratic,3777
FL,Jefferson,12065,NoPartyAffiliation,1153
FL,Jefferson,12065,Minor,234
FL,Lafayette,12067,Republican,3293
FL,Lafayette,12067,Democratic,592
FL,Lafayette,12067,NoPartyAffiliation,267
FL,Lafayette,12067,Minor,69
FL,Lake,12069,Republican,132270
FL,Lake,12069,Democratic,68121
FL,Lake,12069,NoPartyAffiliation,65592
FL,Lake,12069,Minor,10361
FL,Lee,12071,Republican,242289
FL,Lee,12071,Democratic,104893
FL,Lee,12071,NoPartyAffiliation,125108
FL,Lee,12071,Minor,17985
FL,Leon,12073,Republican,54182
FL,Leon,12073,Democratic,86775
FL,Leon,12073,NoPartyAffiliation,35639
FL,Leon,12073,Minor,5798
FL,Levy,12075,Republican,18501
FL,Levy,12075,Democratic,6048
FL,Levy,12075,NoPartyAffiliation,4038
FL,Levy,12075,Minor,1183
FL,Liberty,12077,Republican,2855
FL,Liberty,12077,Democratic,1186
FL,Liberty,12077,NoPartyAffiliation,462
FL,Liberty,12077,Minor,23
FL,Madison,12079,Republican,5203
FL,Madison,12079,Democratic,3846
FL,Madison,12079,NoPartyAffiliation,1216
FL,Madison,12079,Minor,133
FL,Manatee,12081,Republican,138921
FL,Manatee,12081,Democratic,66537
FL,Manatee,12081,NoPartyAffiliation,64461
FL,Manatee,12081,Minor,9703
FL,Marion,12083,Republican,136217
FL,Marion,12083,Democratic,65942
FL,Marion,12083,NoPartyAffiliation,50672
FL,Marion,12083,Minor,10419
FL,Martin,12085,Republican,62760
FL,Martin,12085,Democratic,23568
FL,Martin,12085,NoPartyAffiliation,23860
FL,Martin,12085,Minor,5061
FL,Miami-Dade,12086,Republican,452280
FL,Miami-Dade,12086,Democratic,405126
FL,Miami-Dade,12086,NoPartyAffiliation,389585
FL,Miami-Dade,12086,Minor,33812
FL,Monroe,12087,Republican,24940
FL,Monroe,12087,Democratic,14701
FL,Monroe,12087,NoPartyAffiliation,12566
FL,Monroe,12087,Minor,2213
FL,Nassau,12089,Republican,48858
FL,Nassau,12089,Democratic,13448
FL,Nassau,12089,NoPartyAffiliation,14762
FL,Nassau,12089,Minor,3205
FL,Okaloosa,12091,Republican,85241
FL,Okaloosa,12091,Democratic,23817
FL,Okaloosa,12091,NoPartyAffiliation,30570
FL,Okaloosa,12091,Minor,5557
FL,Okeechobee,12093,Republican,12235
FL,Okeechobee,12093,Democratic,4276
FL,Okeechobee,12093,NoPartyAffiliation,3109
FL,Okeechobee,12093,Minor,841
FL,Orange,12095,Republican,222436
FL,Orange,12095,Democratic,308642
FL,Orange,12095,NoPartyAffiliation,236009
FL,Orange,12095,Minor,30527
FL,Osceola,12097,Republican,68875
FL,Osceola,12097,Democratic,80723
FL,Osceola,12097,NoPartyAffiliation,69754
FL,Osceola,12097,Minor,9493
FL,Palm Beach,12099,Republican,296543
FL,Palm Beach,12099,Democratic,306006
FL,Palm Beach,12099,NoPartyAffiliation,232995
FL,Palm Beach,12099,Minor,34039
FL,Pasco,12101,Republican,179700
FL,Pasco,12101,Democratic,98366
FL,Pasco,12101,NoPartyAffiliation,100729
FL,Pasco,12101,Minor,17572
FL,Pinellas,12103,Republican,238033
FL,Pinellas,12103,Democratic,188441
FL,Pinellas,12103,NoPartyAffiliation,152047
FL,Pinellas,12103,Minor,22498
FL,Polk,12105,Republican,190321
FL,Polk,12105,Democratic,130322
FL,Polk,12105,NoPartyAffiliation,110461
FL,Polk,12105,Minor,18115
FL,Putnam,12107,Republican,25640
FL,Putnam,12107,Democratic,10493
FL,Putnam,12107,NoPartyAffiliation,6986
FL,Putnam,12107,Minor,1410
FL,Santa Rosa,12113,Republican,89750
FL,Santa Rosa,12113,Democratic,20253
FL,Santa Rosa,12113,NoPartyAffiliation,25202
FL,Santa Rosa,12113,Minor,5229
FL,Sarasota,12115,Republican,160954
FL,Sarasota,12115,Democratic,80065
FL,Sarasota,12115,NoPartyAffiliation,73408
FL,Sarasota,12115,Minor,11866
FL,Seminole,12117,Republican,120177
FL,Seminole,12117,Democratic,105888
FL,Seminole,12117,NoPartyAffiliation,98541
FL,Seminole,12117,Minor,13185
FL,St. Johns,12109,Republican,132635
FL,St. Johns,12109,Democratic,47402
FL,St. Johns,12109,NoPartyAffiliation,49209
FL,St. Johns,12109,Minor,7652
FL,St. Lucie,12111,Republican,93531
FL,St. Lucie,12111,Democratic,78668
FL,St. Lucie,12111,NoPartyAffiliation,56929
FL,St. Lucie,12111,Minor,10450
FL,Sumter,12119,Republican,76098
FL,Sumter,12119,Democratic,22970
FL,Sumter,12119,NoPartyAffiliation,23272
FL,Sumter,12119,Minor,3890
FL,Suwannee,12121,Republican,16930
FL,Suwannee,12121,Democratic,5093
FL,Suwannee,12121,NoPartyAffiliation,3441
FL,Suwannee,12121,Minor,946
FL,Taylor,12123,Republican,7459
FL,Taylor,12123,Democratic,2853
FL,Taylor,12123,NoPartyAffiliation,975
FL,Taylor,12123,Minor,286
FL,Union,12125,Republican,4883
FL,Union,12125,Democratic,1498
FL,Union,12125,NoPartyAffiliation,662
FL,Union,12125,Minor,150
FL,Volusia,12127,Republican,170154
FL,Volusia,12127,Democratic,104866
FL,Volusia,12127,NoPartyAffiliation,101958
FL,Volusia,12127,Minor,16750
FL,Wakulla,12129,Republican,14018
FL,Wakulla,12129,Democratic,6297
FL,Wakulla,12129,NoPartyAffiliation,4115
FL,Wakulla,12129,Minor,982
FL,Walton,12131,Republican,42261
FL,Walton,12131,Democratic,7509
FL,Walton,12131,NoPartyAffiliation,9618
FL,Walton,12131,Minor,2276
FL,Washington,12133,Republican,10004
FL,Washington,12133,Democratic,2579
FL,Washington,12133,NoPartyAffiliation,1697
FL,Washington,12133,Minor,345
IA,Adair,19001,Democratic,718
IA,Adair,19001,Republican,2222
IA,Adair,19001,NoParty,1432
IA,Adair,19001,Other,24
IA,Adams,19003,Democratic,374
IA,Adams,19003,Republican,1161
IA,Adams,19003,NoParty,779
IA,Adams,19003,Other,9
IA,Allamakee,19005,Democratic,1511
IA,Allamakee,19005,Republican,4259
IA,Allamakee,19005,NoParty,2169
IA,Allamakee,19005,Other,42
IA,Appanoose,19007,Democratic,1302
IA,Appanoose,19007,Republican,3567
IA,Appanoose,19007,NoParty,2096
IA,Appanoose,19007,Other,45
IA,Audubon,19009,Democratic,712
IA,Audubon,19009,Republican,1837
IA,Audubon,19009,NoParty,880
IA,Audubon,19009,Other,22
IA,Benton,19011,Democratic,3025
IA,Benton,19011,Republican,6643
IA,Benton,19011,NoParty,5882
IA,Benton,19011,Other,89
IA,Black Hawk,19013,Democratic,23102
IA,Black Hawk,19013,Republican,20577
IA,Black Hawk,19013,NoParty,22678
IA,Black Hawk,19013,Other,603
IA,Boone,19015,Democratic,4010
IA,Boone,19015,Republican,6452
IA,Boone,19015,NoParty,6253
IA,Boone,19015,Other,125
IA,Bremer,19017,Democratic,3363
IA,Bremer,19017,Republican,5781
IA,Bremer,19017,NoParty,6442
IA,Bremer,19017,Other,78
IA,Buchanan,19019,Democratic,2761
IA,Buchanan,19019,Republican,4201
IA,Buchanan,19019,NoParty,4791
IA,Buchanan,19019,Other,71
IA,Buena Vista,19021,Democratic,1929
IA,Buena Vista,19021,Republican,3862
IA,Buena Vista,19021,NoParty,2467
IA,Buena Vista,19021,Other,53
IA,Butler,19023,Democratic,1428
IA,Butler,19023,Republican,4570
IA,Butler,19023,NoParty,2694
IA,Butler,19023,Other,50
IA,Calhoun,19025,Democratic,822
IA,Calhoun,19025,Republican,2933
IA,Calhoun,19025,NoParty,1788
IA,Calhoun,19025,Other,33
IA,Carroll,19027,Democratic,2377
IA,Carroll,19027,Republican,5674
IA,Carroll,19027,NoParty,4371
IA,Carroll,19027,Other,111
IA,Cass,19029,Democratic,1177
IA,Cass,19029,Republican,4361
IA,Cass,19029,NoParty,2058
IA,Cass,19029,Other,51
IA,Cedar,19031,Democratic,2630
IA,Cedar,19031,Republican,4613
IA,Cedar,19031,NoParty,3961
IA,Cedar,19031,Other,87
IA,Cerro Gordo,19033,Democratic,6718
IA,Cerro Gordo,19033,Republican,8954
IA,Cerro Gordo,19033,NoParty,8864
IA,Cerro Gordo,19033,Other,195
IA,Cherokee,19035,Democratic,919
IA,Cherokee,19035,Republican,4019
IA,Cherokee,19035,NoParty,1646
IA,Cherokee,19035,Other,36
IA,Chickasaw,19037,Democratic,1563
IA,Chickasaw,19037,Republican,2831
IA,Chickasaw,19037,NoParty,2342
IA,Chickasaw,19037,Other,26
IA,Clarke,19039,Democratic,956
IA,Clarke,19039,Republican,2337
IA,Clarke,19039,NoParty,1329
IA,Clarke,19039,Other,45
IA,Clay,19041,Democratic,1531
IA,Clay,19041,Republican,5290
IA,Clay,19041,NoParty,2561
IA,Clay,19041,Other,87
IA,Clayton,19043,Democratic,2193
IA,Clayton,19043,Republican,4953
IA,Clayton,19043,NoParty,3075
IA,Clayton,19043,Other,61
IA,Clinton,19045,Democratic,6747
IA,Clinton,19045,Republican,9400
IA,Clinton,19045,NoParty,10064
IA,Clinton,19045,Other,181
IA,Crawford,19047,Democratic,1388
IA,Crawford,19047,Republican,3823
IA,Crawford,19047,NoParty,1932
IA,Crawford,19047,Other,40
IA,Dallas,19049,Democratic,18123
IA,Dallas,19049,Republican,24260
IA,Dallas,19049,NoParty,24649
IA,Dallas,19049,Other,564
IA,Davis,19051,Democratic,818
IA,Davis,19051,Republican,2472
IA,Davis,19051,NoParty,894
IA,Davis,19051,Other,22
IA,Decatur,19053,Democratic,754
IA,Decatur,19053,Republican,2107
IA,Decatur,19053,NoParty,979
IA,Decatur,19053,Other,25
IA,Delaware,19055,Democratic,1964
IA,Delaware,19055,Republican,4887
IA,Delaware,19055,NoParty,3992
IA,Delaware,19055,Other,55
IA,Des Moines,19057,Democratic,6423
IA,Des Moines,19057,Republican,7191
IA,Des Moines,19057,NoParty,7338
IA,Des Moines,19057,Other,192
IA,Dickinson,19059,Democratic,2091
IA,Dickinson,19059,Republican,6646
IA,Dickinson,19059,NoParty,3665
IA,Dickinson,19059,Other,82
IA,Dubuque,19061,Democratic,19811
IA,Dubuque,19061,Republican,20012
IA,Dubuque,19061,NoParty,17428
IA,Dubuque,19061,Other,487
IA,Emmet,19063,Democratic,1061
IA,Emmet,19063,Republican,2464
IA,Emmet,19063,NoParty,1696
IA,Emmet,19063,Other,27
IA,Fayette,19065,Democratic,2318
IA,Fayette,19065,Republican,4806
IA,Fayette,19065,NoParty,3455
IA,Fayette,19065,Other,70
IA,Floyd,19067,Democratic,1962
IA,Floyd,19067,Republican,3016
IA,Floyd,19067,NoParty,3401
IA,Floyd,19067,Other,42
IA,Franklin,19069,Democratic,897
IA,Franklin,19069,Republican,2804
IA,Franklin,19069,NoParty,1520
IA,Franklin,19069,Other,27
IA,Fremont,19071,Democratic,640
IA,Fremont,19071,Republican,2509
IA,Fremont,19071,NoParty,934
IA,Fremont,19071,Other,31
IA,Greene,19073,Democratic,1096
IA,Greene,19073,Republican,2541
IA,Greene,19073,NoParty,1627
IA,Greene,19073,Other,47
IA,Grundy,19075,Democratic,1213
IA,Grundy,19075,Republican,4264
IA,Grundy,19075,NoParty,2345
IA,Grundy,19075,Other,51
IA,Guthrie,19077,Democratic,1287
IA,Guthrie,19077,Republican,3316
IA,Guthrie,19077,NoParty,2405
IA,Guthrie,19077,Other,47
IA,Hamilton,19079,Democratic,1617
IA,Hamilton,19079,Republican,4089
IA,Hamilton,19079,NoParty,2454
IA,Hamilton,19079,Other,39
IA,Hancock,19081,Democratic,1005
IA,Hancock,19081,Republican,3551
IA,Hancock,19081,NoParty,1744
IA,Hancock,19081,Other,45
IA,Hardin,19083,Democratic,1814
IA,Hardin,19083,Republican,4713
IA,Hardin,19083,NoParty,2565
IA,Hardin,19083,Other,56
IA,Harrison,19085,Democratic,1482
IA,Harrison,19085,Republican,4624
IA,Harrison,19085,NoParty,2114
IA,Harrison,19085,Other,85
IA,Henry,19087,Democratic,1933
IA,Henry,19087,Republican,4963
IA,Henry,19087,NoParty,3471
IA,Henry,19087,Other,70
IA,Howard,19089,Democratic,1172
IA,Howard,19089,Republican,1777
IA,Howard,19089,NoParty,2334
IA,Howard,19089,Other,24
IA,Humboldt,19091,Democratic,777
IA,Humboldt,19091,Republican,2827
IA,Humboldt,19091,NoParty,1844
IA,Humboldt,19091,Other,38
IA,Ida,19093,Democratic,522
IA,Ida,19093,Republican,2228
IA,Ida,19093,NoParty,1193
IA,Ida,19093,Other,11
IA,Iowa,19095,Democratic,2052
IA,Iowa,19095,Republican,4597
IA,Iowa,19095,NoParty,3691
IA,Iowa,19095,Other,72
IA,Jackson,19097,Democratic,3066
IA,Jackson,19097,Republican,4810
IA,Jackson,19097,NoParty,3807
IA,Jackson,19097,Other,52
IA,Jasper,19099,Democratic,5580
IA,Jasper,19099,Republican,8869
IA,Jasper,19099,NoParty,6718
IA,Jasper,19099,Other,143
IA,Jefferson,19101,Democratic,3094
IA,Jefferson,19101,Republican,3319
IA,Jefferson,19101,NoParty,2455
IA,Jefferson,19101,Other,93
IA,Johnson,19103,Democratic,42400
IA,Johnson,19103,Republican,17190
IA,Johnson,19103,NoParty,30936
IA,Johnson,19103,Other,736
IA,Jones,19105,Democratic,2440
IA,Jones,19105,Republican,4765
IA,Jones,19105,NoParty,4515
IA,Jones,19105,Other,56
IA,Keokuk,19107,Democratic,1018
IA,Keokuk,19107,Republican,2939
IA,Keokuk,19107,NoParty,1464
IA,Keokuk,19107,Other,31
IA,Kossuth,19109,Democratic,1679
IA,Kossuth,19109,Republican,4595
IA,Kossuth,19109,NoParty,2622
IA,Kossuth,19109,Other,54
IA,Lee,19111,Democratic,5308
IA,Lee,19111,Republican,6159
IA,Lee,19111,NoParty,5921
IA,Lee,19111,Other,131
IA,Linn,19113,Democratic,46103
IA,Linn,19113,Republican,38486
IA,Linn,19113,NoParty,47351
IA,Linn,19113,Other,1326
IA,Louisa,19115,Democratic,1108
IA,Louisa,19115,Republican,2590
IA,Louisa,19115,NoParty,1931
IA,Louisa,19115,Other,36
IA,Lucas,19117,Democratic,820
IA,Lucas,19117,Republican,2721
IA,Lucas,19117,NoParty,1396
IA,Lucas,19117,Other,32
IA,Lyon,19119,Democratic,524
IA,Lyon,19119,Republican,6083
IA,Lyon,19119,NoParty,1010
IA,Lyon,19119,Other,19
IA,Madison,19121,Democratic,1948
IA,Madison,19121,Republican,5185
IA,Madison,19121,NoParty,3351
IA,Madison,19121,Other,90
IA,Mahaska,19123,Democratic,1701
IA,Mahaska,19123,Republican,6727
IA,Mahaska,19123,NoParty,3389
IA,Mahaska,19123,Other,92
IA,Marion,19125,Democratic,3801
IA,Marion,19125,Republican,10620
IA,Marion,19125,NoParty,6769
IA,Marion,19125,Other,145
IA,Marshall,19127,Democratic,5365
IA,Marshall,19127,Republican,7323
IA,Marshall,19127,NoParty,6324
IA,Marshall,19127,Other,141
IA,Mills,19129,Democratic,1574
IA,Mills,19129,Republican,5449
IA,Mills,19129,NoParty,2030
IA,Mills,19129,Other,130
IA,Mitchell,19131,Democratic,1225
IA,Mitchell,19131,Republican,2789
IA,Mitchell,19131,NoParty,1988
IA,Mitchell,19131,Other,35
IA,Monona,19133,Democratic,1030
IA,Monona,19133,Republican,2646
IA,Monona,19133,NoParty,1310
IA,Monona,19133,Other,46
IA,Monroe,19135,Democratic,819
IA,Monroe,19135,Republican,2352
IA,Monroe,19135,NoParty,1328
IA,Monroe,19135,Other,24
IA,Montgomery,19137,Democratic,861
IA,Montgomery,19137,Republican,3155
IA,Montgomery,19137,NoParty,1269
IA,Montgomery,19137,Other,41
IA,Muscatine,19139,Democratic,5670
IA,Muscatine,19139,Republican,8092
IA,Muscatine,19139,NoParty,8031
IA,Muscatine,19139,Other,195
IA,O'Brien,19141,Democratic,880
IA,O'Brien,19141,Republican,5465
IA,O'Brien,19141,NoParty,1629
IA,O'Brien,19141,Other,55
IA,Osceola,19143,Democratic,312
IA,Osceola,19143,Republican,2341
IA,Osceola,19143,NoParty,809
IA,Osceola,19143,Other,13
IA,Page,19145,Democratic,1114
IA,Page,19145,Republican,5116
IA,Page,19145,NoParty,1878
IA,Page,19145,Other,62
IA,Palo Alto,19147,Democratic,1317
IA,Palo Alto,19147,Republican,2440
IA,Palo Alto,19147,NoParty,1519
IA,Palo Alto,19147,Other,33
IA,Plymouth,19149,Democratic,2220
IA,Plymouth,19149,Republican,8663
IA,Plymouth,19149,NoParty,4323
IA,Plymouth,19149,Other,77
IA,Pocahontas,19151,Democratic,600
IA,Pocahontas,19151,Republican,2118
IA,Pocahontas,19151,NoParty,1128
IA,Pocahontas,19151,Other,36
IA,Polk,19153,Democratic,102216
IA,Polk,19153,Republican,81101
IA,Polk,19153,NoParty,88414
IA,Polk,19153,Other,2640
IA,Pottawattamie,19155,Democratic,12189
IA,Pottawattamie,19155,Republican,21893
IA,Pottawattamie,19155,NoParty,14604
IA,Pottawattamie,19155,Other,583
IA,Poweshiek,19157,Democratic,2837
IA,Poweshiek,19157,Republican,3846
IA,Poweshiek,19157,NoParty,4114
IA,Poweshiek,19157,Other,57
IA,Ringgold,19159,Democratic,432
IA,Ringgold,19159,Republican,1833
IA,Ringgold,19159,NoParty,515
IA,Ringgold,19159,Other,15
IA,Sac,19161,Democratic,789
IA,Sac,19161,Republican,3544
IA,Sac,19161,NoParty,1693
IA,Sac,19161,Other,22
IA,Scott,19163,Democratic,28946
IA,Scott,19163,Republican,32196
IA,Scott,19163,NoParty,37523
IA,Scott,19163,Other,878
IA,Shelby,19165,Democratic,1257
IA,Shelby,19165,Republican,3961
IA,Shelby,19165,NoParty,1835
IA,Shelby,19165,Other,39
IA,Sioux,19167,Democratic,1449
IA,Sioux,19167,Republican,15262
IA,Sioux,19167,NoParty,3874
IA,Sioux,19167,Other,81
IA,Story,19169,Democratic,16308
IA,Story,19169,Republican,15486
IA,Story,19169,NoParty,19695
IA,Story,19169,Other,482
IA,Tama,19171,Democratic,2099
IA,Tama,19171,Republican,3987
IA,Tama,19171,NoParty,2784
IA,Tama,19171,Other,55
IA,Taylor,19173,Democratic,439
IA,Taylor,19173,Republican,1960
IA,Taylor,19173,NoParty,791
IA,Taylor,19173,Other,30
IA,Union,19175,Democratic,1163
IA,Union,19175,Republican,3191
IA,Union,19175,NoParty,2257
IA,Union,19175,Other,36
IA,Van Buren,19177,Democratic,504
IA,Van Buren,19177,Republican,2267
IA,Van Buren,19177,NoParty,1056
IA,Van Buren,19177,Other,29
IA,Wapello,19179,Democratic,4444
IA,Wapello,19179,Republican,6076
IA,Wapello,19179,NoParty,5007
IA,Wapello,19179,Other,122
IA,Warren,19181,Democratic,8874
IA,Warren,19181,Republican,14507
IA,Warren,19181,NoParty,11402
IA,Warren,19181,Other,280
IA,Washington,19183,Democratic,2658
IA,Washington,19183,Republican,5951
IA,Washington,19183,NoParty,3812
IA,Washington,19183,Other,95
IA,Wayne,19185,Democratic,471
IA,Wayne,19185,Republican,1985
IA,Wayne,19185,NoParty,777
IA,Wayne,19185,Other,22
IA,Webster,19187,Democratic,4576
IA,Webster,19187,Republican,8469
IA,Webster,19187,NoParty,5782
IA,Webster,19187,Other,146
IA,Winnebago,19189,Democratic,1174
IA,Winnebago,19189,Republican,2842
IA,Winnebago,19189,NoParty,2124
IA,Winnebago,19189,Other,32
IA,Winneshiek,19191,Democratic,3641
IA,Winneshiek,19191,Republican,4658
IA,Winneshiek,19191,NoParty,4531
IA,Winneshiek,19191,Other,49
IA,Woodbury,19193,Democratic,12184
IA,Woodbury,19193,Republican,20050
IA,Woodbury,19193,NoParty,14628
IA,Woodbury,19193,Other,404
IA,Worth,19195,Democratic,950
IA,Worth,19195,Republican,2096
IA,Worth,19195,NoParty,1443
IA,Worth,19195,Other,30
IA,Wright,19197,Democratic,1167
IA,Wright,19197,Republican,3197
IA,Wright,19197,NoParty,1855
IA,Wright,19197,Other,40
ID,Ada,16001,Republican,159349
ID,Ada,16001,Democratic,52985
ID,Ada,16001,Unaffiliated,84596
ID,Ada,16001,Constitution,819
ID,Ada,16001,Libertarian,3585
ID,Adams,16003,Republican,2305
ID,Adams,16003,Democratic,212
ID,Adams,16003,Unaffiliated,522
ID,Adams,16003,Constitution,13
ID,Adams,16003,Libertarian,23
ID,Bannock,16005,Republican,23952
ID,Bannock,16005,Democratic,5799
ID,Bannock,16005,Unaffiliated,15320
ID,Bannock,16005,Constitution,174
ID,Bannock,16005,Libertarian,498
ID,Bear Lake,16007,Republican,3139
ID,Bear Lake,16007,Democratic,145
ID,Bear Lake,16007,Unaffiliated,475
ID,Bear Lake,16007,Constitution,20
ID,Bear Lake,16007,Libertarian,14
ID,Benewah,16009,Republican,4234
ID,Benewah,16009,Democratic,473
ID,Benewah,16009,Unaffiliated,1258
ID,Benewah,16009,Constitution,52
ID,Benewah,16009,Libertarian,34
ID,Bingham,16011,Republican,16956
ID,Bingham,16011,Democratic,1614
ID,Bingham,16011,Unaffiliated,4639
ID,Bingham,16011,Constitution,111
ID,Bingham,16011,Libertarian,166
ID,Blaine,16013,Republican,4776
ID,Blaine,16013,Democratic,4492
ID,Blaine,16013,Unaffiliated,5621
ID,Blaine,16013,Constitution,21
ID,Blaine,16013,Libertarian,145
ID,Boise,16015,Republican,4216
ID,Boise,16015,Democratic,372
ID,Boise,16015,Unaffiliated,1117
ID,Boise,16015,Constitution,37
ID,Boise,16015,Libertarian,58
ID,Bonner,16017,Republican,25368
ID,Bonner,16017,Democratic,2661
ID,Bonner,16017,Unaffiliated,5492
ID,Bonner,16017,Constitution,244
ID,Bonner,16017,Libertarian,396
ID,Bonneville,16019,Republican,42146
ID,Bonneville,16019,Democratic,5321
ID,Bonneville,16019,Unaffiliated,15680
ID,Bonneville,16019,Constitution,253
ID,Bonneville,16019,Libertarian,671
ID,Boundary,16021,Republican,6667
ID,Boundary,16021,Democratic,375
ID,Boundary,16021,Unaffiliated,1171
ID,Boundary,16021,Constitution,49
ID,Boundary,16021,Libertarian,74
ID,Butte,16023,Republican,1276
ID,Butte,16023,Democratic,69
ID,Butte,16023,Unaffiliated,255
ID,Butte,16023,Constitution,3
ID,Butte,16023,Libertarian,4
ID,Camas,16025,Republican,649
ID,Camas,16025,Democratic,59
ID,Camas,16025,Unaffiliated,109
ID,Camas,16025,Constitution,3
ID,Camas,16025,Libertarian,6
ID,Canyon,16027,Republican,74543
ID,Canyon,16027,Democratic,12286
ID,Canyon,16027,Unaffiliated,26831
ID,Canyon,16027,Constitution,519
ID,Canyon,16027,Libertarian,1263
ID,Caribou,16029,Republican,3194
ID,Caribou,16029,Democratic,128
ID,Caribou,16029,Unaffiliated,543
ID,Caribou,16029,Constitution,16
ID,Caribou,16029,Libertarian,36
ID,Cassia,16031,Republican,8157
ID,Cassia,16031,Democratic,578
ID,Cassia,16031,Unaffiliated,1665
ID,Cassia,16031,Constitution,29
ID,Cassia,16031,Libertarian,59
ID,Clark,16033,Republican,296
ID,Clark,16033,Democratic,22
ID,Clark,16033,Unaffiliated,50
ID,Clark,16033,Constitution,2
ID,Clark,16033,Libertarian,3
ID,Clearwater,16035,Republican,3537
ID,Clearwater,16035,Democratic,319
ID,Clearwater,16035,Unaffiliated,986
ID,Clearwater,16035,Constitution,23
ID,Clearwater,16035,Libertarian,38
ID,Custer,16037,Republican,2393
ID,Custer,16037,Democratic,144
ID,Custer,16037,Unaffiliated,455
ID,Custer,16037,Constitution,6
ID,Custer,16037,Libertarian,9
ID,Elmore,16039,Republican,8108
ID,Elmore,16039,Democratic,1200
ID,Elmore,16039,Unaffiliated,2822
ID,Elmore,16039,Constitution,68
ID,Elmore,16039,Libertarian,142
ID,Franklin,16041,Republican,6549
ID,Franklin,16041,Democratic,217
ID,Franklin,16041,Unaffiliated,1081
ID,Franklin,16041,Constitution,52
ID,Franklin,16041,Libertarian,50
ID,Fremont,16043,Republican,6170
ID,Fremont,16043,Democratic,306
ID,Fremont,16043,Unaffiliated,1137
ID,Fremont,16043,Constitution,27
ID,Fremont,16043,Libertarian,41
ID,Gem,16045,Republican,9378
ID,Gem,16045,Democratic,703
ID,Gem,16045,Unaffiliated,1981
ID,Gem,16045,Constitution,70
ID,Gem,16045,Libertarian,103
ID,Gooding,16047,Republican,4994
ID,Gooding,16047,Democratic,515
ID,Gooding,16047,Unaffiliated,1209
ID,Gooding,16047,Constitution,36
ID,Gooding,16047,Libertarian,58
ID,Idaho,16049,Republican,8981
ID,Idaho,16049,Democratic,517
ID,Idaho,16049,Unaffiliated,1554
ID,Idaho,16049,Constitution,56
ID,Idaho,16049,Libertarian,85
ID,Jefferson,16051,Republican,13951
ID,Jefferson,16051,Democratic,549
ID,Jefferson,16051,Unaffiliated,2778
ID,Jefferson,16051,Constitution,78
ID,Jefferson,16051,Libertarian,117
ID,Jerome,16053,Republican,6078
ID,Jerome,16053,Democratic,836
ID,Jerome,16053,Unaffiliated,2033
ID,Jerome,16053,Constitution,54
ID,Jerome,16053,Libertarian,71
ID,Kootenai,16055,Republican,76417
ID,Kootenai,16055,Democratic,9761
ID,Kootenai,16055,Unaffiliated,23259
ID,Kootenai,16055,Constitution,565
ID,Kootenai,16055,Libertarian,1342
ID,Latah,16057,Republican,11495
ID,Latah,16057,Democratic,4400
ID,Latah,16057,Unaffiliated,7158
ID,Latah,16057,Constitution,72
ID,Latah,16057,Libertarian,273
ID,Lemhi,16059,Republican,4242
ID,Lemhi,16059,Democratic,358
ID,Lemhi,16059,Unaffiliated,779
ID,Lemhi,16059,Constitution,11
ID,Lemhi,16059,Libertarian,35
ID,Lewis,16061,Republican,1678
ID,Lewis,16061,Democratic,127
ID,Lewis,16061,Unaffiliated,385
ID,Lewis,16061,Constitution,16
ID,Lewis,16061,Libertarian,16
ID,Lincoln,16063,Republican,1649
ID,Lincoln,16063,Democratic,156
ID,Lincoln,16063,Unaffiliated,400
ID,Lincoln,16063,Constitution,8
ID,Lincoln,16063,Libertarian,11
ID,Madison,16065,Republican,15401
ID,Madison,16065,Democratic,931
ID,Madison,16065,Unaffiliated,4445
ID,Madison,16065,Constitution,128
ID,Madison,16065,Libertarian,215
ID,Minidoka,16067,Republican,6213
ID,Minidoka,16067,Democratic,649
ID,Minidoka,16067,Unaffiliated,1614
ID,Minidoka,16067,Constitution,36
ID,Minidoka,16067,Libertarian,57
ID,Nez Perce,16069,Republican,13095
ID,Nez Perce,16069,Democratic,2633
ID,Nez Perce,16069,Unaffiliated,6198
ID,Nez Perce,16069,Constitution,98
ID,Nez Perce,16069,Libertarian,201
ID,Oneida,16071,Republican,2332
ID,Oneida,16071,Democratic,96
ID,Oneida,16071,Unaffiliated,347
ID,Oneida,16071,Constitution,15
ID,Oneida,16071,Libertarian,26
ID,Owyhee,16073,Republican,4302
ID,Owyhee,16073,Democratic,370
ID,Owyhee,16073,Unaffiliated,883
ID,Owyhee,16073,Constitution,39
ID,Owyhee,16073,Libertarian,45
ID,Payette,16075,Republican,9773
ID,Payette,16075,Democratic,960
ID,Payette,16075,Unaffiliated,2609
ID,Payette,16075,Constitution,84
ID,Payette,16075,Libertarian,124
ID,Power,16077,Republican,2310
ID,Power,16077,Democratic,384
ID,Power,16077,Unaffiliated,752
ID,Power,16077,Constitution,10
ID,Power,16077,Libertarian,25
ID,Shoshone,16079,Republican,4649
ID,Shoshone,16079,Democratic,1018
ID,Shoshone,16079,Unaffiliated,1576
ID,Shoshone,16079,Constitution,34
ID,Shoshone,16079,Libertarian,72
ID,Teton,16081,Republican,3406
ID,Teton,16081,Democratic,1750
ID,Teton,16081,Unaffiliated,2431
ID,Teton,16081,Constitution,19
ID,Teton,16081,Libertarian,85
ID,Twin Falls,16083,Republican,28633
ID,Twin Falls,16083,Democratic,3481
ID,Twin Falls,16083,Unaffiliated,8590
ID,Twin Falls,16083,Constitution,147
ID,Twin Falls,16083,Libertarian,359
ID,Valley,16085,Republican,5424
ID,Valley,16085,Democratic,1099
ID,Valley,16085,Unaffiliated,1786
ID,Valley,16085,Constitution,24
ID,Valley,16085,Libertarian,81
ID,Washington,16087,Republican,4968
ID,Washington,16087,Democratic,416
ID,Washington,16087,Unaffiliated,861
ID,Washington,16087,Constitution,13
ID,Washington,16087,Libertarian,42
KS,Allen,20001,Republican,4836
KS,Allen,20001,Democratic,1303
KS,Allen,20001,Unaffiliated,2725
KS,Allen,20001,Libertarian,100
KS,Allen,20001,No Labels Kansas,13
KS,Allen,20001,United Kansas,3
KS,Anderson,20003,Republican,3272
KS,Anderson,20003,Democratic,866
KS,Anderson,20003,Unaffiliated,1614
KS,Anderson,20003,Libertarian,68
KS,Anderson,20003,No Labels Kansas,9
KS,Anderson,20003,United Kansas,1
KS,Atchison,20005,Republican,4969
KS,Atchison,20005,Democratic,2252
KS,Atchison,20005,Unaffiliated,3731
KS,Atchison,20005,Libertarian,69
KS,Atchison,20005,No Labels Kansas,13
KS,Atchison,20005,United Kansas,3
KS,Barber,20007,Republican,2222
KS,Barber,20007,Democratic,261
KS,Barber,20007,Unaffiliated,331
KS,Barber,20007,Libertarian,23
KS,Barber,20007,No Labels Kansas,0
KS,Barber,20007,United Kansas,0
KS,Barton,20009,Republican,10305
KS,Barton,20009,Democratic,2181
KS,Barton,20009,Unaffiliated,4350
KS,Barton,20009,Libertarian,133
KS,Barton,20009,No Labels Kansas,83
KS,Barton,20009,United Kansas,13
KS,Bourbon,20011,Republican,6420
KS,Bourbon,20011,Democratic,2189
KS,Bourbon,20011,Unaffiliated,4050
KS,Bourbon,20011,Libertarian,111
KS,Bourbon,20011,No Labels Kansas,19
KS,Bourbon,20011,United Kansas,2
KS,Brown,20013,Republican,3893
KS,Brown,20013,Democratic,962
KS,Brown,20013,Unaffiliated,1718
KS,Brown,20013,Libertarian,70
KS,Brown,20013,No Labels Kansas,21
KS,Brown,20013,United Kansas,2
KS,Butler,20015,Republican,27024
KS,Butler,20015,Democratic,7488
KS,Butler,20015,Unaffiliated,14426
KS,Butler,20015,Libertarian,697
KS,Butler,20015,No Labels Kansas,112
KS,Butler,20015,United Kansas,18
KS,Chase,20017,Republican,1344
KS,Chase,20017,Democratic,253
KS,Chase,20017,Unaffiliated,261
KS,Chase,20017,Libertarian,16
KS,Chase,20017,No Labels Kansas,3
KS,Chase,20017,United Kansas,0
KS,Chautauqua,20019,Republican,1699
KS,Chautauqua,20019,Democratic,193
KS,Chautauqua,20019,Unaffiliated,410
KS,Chautauqua,20019,Libertarian,16
KS,Chautauqua,20019,No Labels Kansas,3
KS,Chautauqua,20019,United Kansas,0
KS,Cherokee,20021,Republican,7717
KS,Cherokee,20021,Democratic,2807
KS,Cherokee,20021,Unaffiliated,4917
KS,Cherokee,20021,Libertarian,152
KS,Cherokee,20021,No Labels Kansas,20
KS,Cherokee,20021,United Kansas,4
KS,Cheyenne,20023,Republican,1486
KS,Cheyenne,20023,Democratic,159
KS,Cheyenne,20023,Unaffiliated,366
KS,Cheyenne,20023,Libertarian,15
KS,Cheyenne,20023,No Labels Kansas,1
KS,Cheyenne,20023,United Kansas,1
KS,Clark,20025,Republican,1079
KS,Clark,20025,Democratic,160
KS,Clark,20025,Unaffiliated,230
KS,Clark,20025,Libertarian,11
KS,Clark,20025,No Labels Kansas,1
KS,Clark,20025,United Kansas,1
KS,Clay,20027,Republican,4169
KS,Clay,20027,Democratic,628
KS,Clay,20027,Unaffiliated,1166
KS,Clay,20027,Libertarian,59
KS,Clay,20027,No Labels Kansas,20
KS,Clay,20027,United Kansas,0
KS,Cloud,20029,Republican,3821
KS,Cloud,20029,Democratic,690
KS,Cloud,20029,Unaffiliated,1163
KS,Cloud,20029,Libertarian,56
KS,Cloud,20029,No Labels Kansas,23
KS,Cloud,20029,United Kansas,3
KS,Coffey,20031,Republican,4064
KS,Coffey,20031,Democratic,758
KS,Coffey,20031,Unaffiliated,1269
KS,Coffey,20031,Libertarian,75
KS,Coffey,20031,No Labels Kansas,22
KS,Coffey,20031,United Kansas,2
KS,Comanche,20033,Republican,874
KS,Comanche,20033,Democratic,104
KS,Comanche,20033,Unaffiliated,134
KS,Comanche,20033,Libertarian,14
KS,Comanche,20033,No Labels Kansas,4
KS,Comanche,20033,United Kansas,0
KS,Cowley,20035,Republican,10607
KS,Cowley,20035,Democratic,3793
KS,Cowley,20035,Unaffiliated,5882
KS,Cowley,20035,Libertarian,220
KS,Cowley,20035,No Labels Kansas,67
KS,Cowley,20035,United Kansas,4
KS,Crawford,20037,Republican,10388
KS,Crawford,20037,Democratic,6807
KS,Crawford,20037,Unaffiliated,10206
KS,Crawford,20037,Libertarian,292
KS,Crawford,20037,No Labels Kansas,38
KS,Crawford,20037,United Kansas,11
KS,Decatur,20039,Republican,1452
KS,Decatur,20039,Democratic,191
KS,Decatur,20039,Unaffiliated,353
KS,Decatur,20039,Libertarian,21
KS,Decatur,20039,No Labels Kansas,7
KS,Decatur,20039,United Kansas,0
KS,Dickinson,20041,Republican,8600
KS,Dickinson,20041,Democratic,1667
KS,Dickinson,20041,Unaffiliated,3400
KS,Dickinson,20041,Libertarian,141
KS,Dickinson,20041,No Labels Kansas,43
KS,Dickinson,20041,United Kansas,4
KS,Doniphan,20043,Republican,3212
KS,Doniphan,20043,Democratic,531
KS,Doniphan,20043,Unaffiliated,1261
KS,Doniphan,20043,Libertarian,22
KS,Doniphan,20043,No Labels Kansas,6
KS,Doniphan,20043,United Kansas,0
KS,Douglas,20045,Republican,20326
KS,Douglas,20045,Democratic,36107
KS,Douglas,20045,Unaffiliated,22637
KS,Douglas,20045,Libertarian,989
KS,Douglas,20045,No Labels Kansas,285
KS,Douglas,20045,United Kansas,32
KS,Edwards,20047,Republican,1248
KS,Edwards,20047,Democratic,227
KS,Edwards,20047,Unaffiliated,338
KS,Edwards,20047,Libertarian,9
KS,Edwards,20047,No Labels Kansas,7
KS,Edwards,20047,United Kansas,0
KS,Elk,20049,Republican,1348
KS,Elk,20049,Democratic,178
KS,Elk,20049,Unaffiliated,329
KS,Elk,20049,Libertarian,18
KS,Elk,20049,No Labels Kansas,4
KS,Elk,20049,United Kansas,0
KS,Ellis,20051,Republican,10987
KS,Ellis,20051,Democratic,3572
KS,Ellis,20051,Unaffiliated,5689
KS,Ellis,20051,Libertarian,232
KS,Ellis,20051,No Labels Kansas,26
KS,Ellis,20051,United Kansas,9
KS,Ellsworth,20053,Republican,2391
KS,Ellsworth,20053,Democratic,596
KS,Ellsworth,20053,Unaffiliated,831
KS,Ellsworth,20053,Libertarian,25
KS,Ellsworth,20053,No Labels Kansas,8
KS,Ellsworth,20053,United Kansas,2
KS,Finney,20055,Republican,8875
KS,Finney,20055,Democratic,4468
KS,Finney,20055,Unaffiliated,7146
KS,Finney,20055,Libertarian,245
KS,Finney,20055,No Labels Kansas,57
KS,Finney,20055,United Kansas,20
KS,Ford,20057,Republican,6987
KS,Ford,20057,Democratic,3756
KS,Ford,20057,Unaffiliated,5729
KS,Ford,20057,Libertarian,214
KS,Ford,20057,No Labels Kansas,98
KS,Ford,20057,United Kansas,12
KS,Franklin,20059,Republican,10481
KS,Franklin,20059,Democratic,3226
KS,Franklin,20059,Unaffiliated,5178
KS,Franklin,20059,Libertarian,242
KS,Franklin,20059,No Labels Kansas,56
KS,Franklin,20059,United Kansas,4
KS,Geary,20061,Republican,7185
KS,Geary,20061,Democratic,4086
KS,Geary,20061,Unaffiliated,6840
KS,Geary,20061,Libertarian,299
KS,Geary,20061,No Labels Kansas,71
KS,Geary,20061,United Kansas,11
KS,Gove,20063,Republican,1384
KS,Gove,20063,Democratic,155
KS,Gove,20063,Unaffiliated,349
KS,Gove,20063,Libertarian,5
KS,Gove,20063,No Labels Kansas,0
KS,Gove,20063,United Kansas,0
KS,Graham,20065,Republican,1389
KS,Graham,20065,Democratic,174
KS,Graham,20065,Unaffiliated,246
KS,Graham,20065,Libertarian,11
KS,Graham,20065,No Labels Kansas,0
KS,Graham,20065,United Kansas,1
KS,Grant,20067,Republican,2383
KS,Grant,20067,Democratic,453
KS,Grant,20067,Unaffiliated,890
KS,Grant,20067,Libertarian,39
KS,Grant,20067,No Labels Kansas,5
KS,Grant,20067,United Kansas,5
KS,Gray,20069,Republican,2252
KS,Gray,20069,Democratic,383
KS,Gray,20069,Unaffiliated,713
KS,Gray,20069,Libertarian,38
KS,Gray,20069,No Labels Kansas,9
KS,Gray,20069,United Kansas,0
KS,Greeley,20071,Republican,701
KS,Greeley,20071,Democratic,42
KS,Greeley,20071,Unaffiliated,113
KS,Greeley,20071,Libertarian,2
KS,Greeley,20071,No Labels Kansas,2
KS,Greeley,20071,United Kansas,0
KS,Greenwood,20073,Republican,2846
KS,Greenwood,20073,Democratic,483
KS,Greenwood,20073,Unaffiliated,1259
KS,Greenwood,20073,Libertarian,36
KS,Greenwood,20073,No Labels Kansas,12
KS,Greenwood,20073,United Kansas,2
KS,Hamilton,20075,Republican,925
KS,Hamilton,20075,Democratic,133
KS,Hamilton,20075,Unaffiliated,279
KS,Hamilton,20075,Libertarian,12
KS,Hamilton,20075,No Labels Kansas,3
KS,Hamilton,20075,United Kansas,0
KS,Harper,20077,Republican,2574
KS,Harper,20077,Democratic,475
KS,Harper,20077,Unaffiliated,786
KS,Harper,20077,Libertarian,36
KS,Harper,20077,No Labels Kansas,5
KS,Harper,20077,United Kansas,3
KS,Harvey,20079,Republican,11610
KS,Harvey,20079,Democratic,5304
KS,Harvey,20079,Unaffiliated,5728
KS,Harvey,20079,Libertarian,231
KS,Harvey,20079,No Labels Kansas,63
KS,Harvey,20079,United Kansas,12
KS,Haskell,20081,Republican,1497
KS,Haskell,20081,Democratic,213
KS,Haskell,20081,Unaffiliated,493
KS,Haskell,20081,Libertarian,12
KS,Haskell,20081,No Labels Kansas,5
KS,Haskell,20081,United Kansas,1
KS,Hodgeman,20083,Republican,947
KS,Hodgeman,20083,Democratic,121
KS,Hodgeman,20083,Unaffiliated,208
KS,Hodgeman,20083,Libertarian,4
KS,Hodgeman,20083,No Labels Kansas,1
KS,Hodgeman,20083,United Kansas,0
KS,Jackson,20085,Republican,5039
KS,Jackson,20085,Democratic,1587
KS,Jackson,20085,Unaffiliated,2439
KS,Jackson,20085,Libertarian,73
KS,Jackson,20085,No Labels Kansas,16
KS,Jackson,20085,United Kansas,4
KS,Jefferson,20087,Republican,7220
KS,Jefferson,20087,Democratic,2494
KS,Jefferson,20087,Unaffiliated,4059
KS,Jefferson,20087,Libertarian,179
KS,Jefferson,20087,No Labels Kansas,53
KS,Jefferson,20087,United Kansas,4
KS,Jewell,20089,Republican,1614
KS,Jewell,20089,Democratic,171
KS,Jewell,20089,Unaffiliated,399
KS,Jewell,20089,Libertarian,25
KS,Jewell,20089,No Labels Kansas,3
KS,Jewell,20089,United Kansas,0
KS,Johnson,20091,Republican,186804
KS,Johnson,20091,Democratic,147020
KS,Johnson,20091,Unaffiliated,123324
KS,Johnson,20091,Libertarian,5512
KS,Johnson,20091,No Labels Kansas,1405
KS,Johnson,20091,United Kansas,170
KS,Kearny,20093,Republican,1423
KS,Kearny,20093,Democratic,252
KS,Kearny,20093,Unaffiliated,517
KS,Kearny,20093,Libertarian,15
KS,Kearny,20093,No Labels Kansas,3
KS,Kearny,20093,United Kansas,4
KS,Kingman,20095,Republican,3698
KS,Kingman,20095,Democratic,645
KS,Kingman,20095,Unaffiliated,1214
KS,Kingman,20095,Libertarian,50
KS,Kingman,20095,No Labels Kansas,8
KS,Kingman,20095,United Kansas,0
KS,Kiowa,20097,Republican,1172
KS,Kiowa,20097,Democratic,127
KS,Kiowa,20097,Unaffiliated,206
KS,Kiowa,20097,Libertarian,14
KS,Kiowa,20097,No Labels Kansas,2
KS,Kiowa,20097,United Kansas,0
KS,Labette,20099,Republican,6361
KS,Labette,20099,Democratic,2654
KS,Labette,20099,Unaffiliated,4545
KS,Labette,20099,Libertarian,119
KS,Labette,20099,No Labels Kansas,26
KS,Labette,20099,United Kansas,4
KS,Lane,20101,Republican,869
KS,Lane,20101,Democratic,81
KS,Lane,20101,Unaffiliated,167
KS,Lane,20101,Libertarian,8
KS,Lane,20101,No Labels Kansas,2
KS,Lane,20101,United Kansas,0
KS,Leavenworth,20103,Republican,24886
KS,Leavenworth,20103,Democratic,13052
KS,Leavenworth,20103,Unaffiliated,18439
KS,Leavenworth,20103,Libertarian,736
KS,Leavenworth,20103,No Labels Kansas,171
KS,Leavenworth,20103,United Kansas,33
KS,Lincoln,20105,Republican,1519
KS,Lincoln,20105,Democratic,215
KS,Lincoln,20105,Unaffiliated,337
KS,Lincoln,20105,Libertarian,38
KS,Lincoln,20105,No Labels Kansas,3
KS,Lincoln,20105,United Kansas,1
KS,Linn,20107,Republican,4831
KS,Linn,20107,Democratic,942
KS,Linn,20107,Unaffiliated,1915
KS,Linn,20107,Libertarian,62
KS,Linn,20107,No Labels Kansas,17
KS,Linn,20107,United Kansas,4
KS,Logan,20109,Republican,1402
KS,Logan,20109,Democratic,128
KS,Logan,20109,Unaffiliated,350
KS,Logan,20109,Libertarian,10
KS,Logan,20109,No Labels Kansas,3
KS,Logan,20109,United Kansas,1
KS,Lyon,20111,Republican,8393
KS,Lyon,20111,Democratic,4803
KS,Lyon,20111,Unaffiliated,7009
KS,Lyon,20111,Libertarian,215
KS,Lyon,20111,No Labels Kansas,127
KS,Lyon,20111,United Kansas,14
KS,Marion,20113,Republican,5316
KS,Marion,20113,Democratic,1015
KS,Marion,20113,Unaffiliated,1831
KS,Marion,20113,Libertarian,74
KS,Marion,20113,No Labels Kansas,15
KS,Marion,20113,United Kansas,3
KS,Marshall,20115,Republican,4120
KS,Marshall,20115,Democratic,1211
KS,Marshall,20115,Unaffiliated,1890
KS,Marshall,20115,Libertarian,46
KS,Marshall,20115,No Labels Kansas,28
KS,Marshall,20115,United Kansas,3
KS,McPherson,20117,Republican,11486
KS,McPherson,20117,Democratic,2772
KS,McPherson,20117,Unaffiliated,4775
KS,McPherson,20117,Libertarian,232
KS,McPherson,20117,No Labels Kansas,82
KS,McPherson,20117,United Kansas,8
KS,Meade,20119,Republican,2187
KS,Meade,20119,Democratic,291
KS,Meade,20119,Unaffiliated,743
KS,Meade,20119,Libertarian,23
KS,Meade,20119,No Labels Kansas,2
KS,Meade,20119,United Kansas,1
KS,Miami,20121,Republican,14147
KS,Miami,20121,Democratic,4396
KS,Miami,20121,Unaffiliated,7047
KS,Miami,20121,Libertarian,319
KS,Miami,20121,No Labels Kansas,113
KS,Miami,20121,United Kansas,7
KS,Mitchell,20123,Republican,3044
KS,Mitchell,20123,Democratic,422
KS,Mitchell,20123,Unaffiliated,703
KS,Mitchell,20123,Libertarian,23
KS,Mitchell,20123,No Labels Kansas,7
KS,Mitchell,20123,United Kansas,1
KS,Montgomery,20125,Republican,12064
KS,Montgomery,20125,Democratic,3720
KS,Montgomery,20125,Unaffiliated,5240
KS,Montgomery,20125,Libertarian,237
KS,Montgomery,20125,No Labels Kansas,56
KS,Montgomery,20125,United Kansas,2
KS,Morris,20127,Republican,2514
KS,Morris,20127,Democratic,549
KS,Morris,20127,Unaffiliated,903
KS,Morris,20127,Libertarian,37
KS,Morris,20127,No Labels Kansas,13
KS,Morris,20127,United Kansas,3
KS,Morton,20129,Republican,1422
KS,Morton,20129,Democratic,200
KS,Morton,20129,Unaffiliated,397
KS,Morton,20129,Libertarian,12
KS,Morton,20129,No Labels Kansas,7
KS,Morton,20129,United Kansas,1
KS,Nemaha,20131,Republican,4937
KS,Nemaha,20131,Democratic,928
KS,Nemaha,20131,Unaffiliated,1468
KS,Nemaha,20131,Libertarian,50
KS,Nemaha,20131,No Labels Kansas,16
KS,Nemaha,20131,United Kansas,4
KS,Neosho,20133,Republican,5817
KS,Neosho,20133,Democratic,1730
KS,Neosho,20133,Unaffiliated,3393
KS,Neosho,20133,Libertarian,130
KS,Neosho,20133,No Labels Kansas,23
KS,Neosho,20133,United Kansas,4
KS,Ness,20135,Republican,1452
KS,Ness,20135,Democratic,177
KS,Ness,20135,Unaffiliated,319
KS,Ness,20135,Libertarian,9
KS,Ness,20135,No Labels Kansas,4
KS,Ness,20135,United Kansas,0
KS,Norton,20137,Republican,2429
KS,Norton,20137,Democratic,300
KS,Norton,20137,Unaffiliated,689
KS,Norton,20137,Libertarian,26
KS,Norton,20137,No Labels Kansas,3
KS,Norton,20137,United Kansas,2
KS,Osage,20139,Republican,6724
KS,Osage,20139,Democratic,1837
KS,Osage,20139,Unaffiliated,3533
KS,Osage,20139,Libertarian,135
KS,Osage,20139,No Labels Kansas,26
KS,Osage,20139,United Kansas,0
KS,Osborne,20141,Republican,1702
KS,Osborne,20141,Democratic,292
KS,Osborne,20141,Unaffiliated,582
KS,Osborne,20141,Libertarian,21
KS,Osborne,20141,No Labels Kansas,3
KS,Osborne,20141,United Kansas,1
KS,Ottawa,20143,Republican,2834
KS,Ottawa,20143,Democratic,352
KS,Ottawa,20143,Unaffiliated,670
KS,Ottawa,20143,Libertarian,35
KS,Ottawa,20143,No Labels Kansas,8
KS,Ottawa,20143,United Kansas,3
KS,Pawnee,20145,Republican,2396
KS,Pawnee,20145,Democratic,472
KS,Pawnee,20145,Unaffiliated,756
KS,Pawnee,20145,Libertarian,31
KS,Pawnee,20145,No Labels Kansas,10
KS,Pawnee,20145,United Kansas,4
KS,Phillips,20147,Republican,2982
KS,Phillips,20147,Democratic,259
KS,Phillips,20147,Unaffiliated,727
KS,Phillips,20147,Libertarian,24
KS,Phillips,20147,No Labels Kansas,3
KS,Phillips,20147,United Kansas,0
KS,Pottawatomie,20149,Republican,11968
KS,Pottawatomie,20149,Democratic,2523
KS,Pottawatomie,20149,Unaffiliated,4031
KS,Pottawatomie,20149,Libertarian,209
KS,Pottawatomie,20149,No Labels Kansas,57
KS,Pottawatomie,20149,United Kansas,10
KS,Pratt,20151,Republican,3904
KS,Pratt,20151,Democratic,720
KS,Pratt,20151,Unaffiliated,1009
KS,Pratt,20151,Libertarian,59
KS,Pratt,20151,No Labels Kansas,7
KS,Pratt,20151,United Kansas,3
KS,Rawlins,20153,Republican,1473
KS,Rawlins,20153,Democratic,155
KS,Rawlins,20153,Unaffiliated,339
KS,Rawlins,20153,Libertarian,18
KS,Rawlins,20153,No Labels Kansas,3
KS,Rawlins,20153,United Kansas,0
KS,Reno,20155,Republican,22174
KS,Reno,20155,Democratic,7813
KS,Reno,20155,Unaffiliated,12368
KS,Reno,20155,Libertarian,516
KS,Reno,20155,No Labels Kansas,212
KS,Reno,20155,United Kansas,35
KS,Republic,20157,Republican,2515
KS,Republic,20157,Democratic,360
KS,Republic,20157,Unaffiliated,629
KS,Republic,20157,Libertarian,30
KS,Republic,20157,No Labels Kansas,8
KS,Republic,20157,United Kansas,1
KS,Rice,20159,Republican,4054
KS,Rice,20159,Democratic,846
KS,Rice,20159,Unaffiliated,1645
KS,Rice,20159,Libertarian,119
KS,Rice,20159,No Labels Kansas,20
KS,Rice,20159,United Kansas,1
KS,Riley,20161,Republican,15864
KS,Riley,20161,Democratic,10628
KS,Riley,20161,Unaffiliated,12207
KS,Riley,20161,Libertarian,746
KS,Riley,20161,No Labels Kansas,186
KS,Riley,20161,United Kansas,22
KS,Rooks,20163,Republican,2649
KS,Rooks,20163,Democratic,302
KS,Rooks,20163,Unaffiliated,615
KS,Rooks,20163,Libertarian,25
KS,Rooks,20163,No Labels Kansas,3
KS,Rooks,20163,United Kansas,2
KS,Rush,20165,Republican,1523
KS,Rush,20165,Democratic,203
KS,Rush,20165,Unaffiliated,431
KS,Rush,20165,Libertarian,16
KS,Rush,20165,No Labels Kansas,3
KS,Rush,20165,United Kansas,0
KS,Russell,20167,Republican,3135
KS,Russell,20167,Democratic,488
KS,Russell,20167,Unaffiliated,919
KS,Russell,20167,Libertarian,39
KS,Russell,20167,No Labels Kansas,10
KS,Russell,20167,United Kansas,0
KS,Saline,20169,Republican,18146
KS,Saline,20169,Democratic,6971
KS,Saline,20169,Unaffiliated,11872
KS,Saline,20169,Libertarian,553
KS,Saline,20169,No Labels Kansas,153
KS,Saline,20169,United Kansas,24
KS,Scott,20171,Republican,2398
KS,Scott,20171,Democratic,253
KS,Scott,20171,Unaffiliated,811
KS,Scott,20171,Libertarian,26
KS,Scott,20171,No Labels Kansas,3
KS,Scott,20171,United Kansas,0
KS,Sedgwick,20173,Republican,138208
KS,Sedgwick,20173,Democratic,84792
KS,Sedgwick,20173,Unaffiliated,114761
KS,Sedgwick,20173,Libertarian,4862
KS,Sedgwick,20173,No Labels Kansas,1043
KS,Sedgwick,20173,United Kansas,236
KS,Seward,20175,Republican,4533
KS,Seward,20175,Democratic,2434
KS,Seward,20175,Unaffiliated,4086
KS,Seward,20175,Libertarian,166
KS,Seward,20175,No Labels Kansas,32
KS,Seward,20175,United Kansas,16
KS,Shawnee,20177,Republican,43643
KS,Shawnee,20177,Democratic,34331
KS,Shawnee,20177,Unaffiliated,36348
KS,Shawnee,20177,Libertarian,1303
KS,Shawnee,20177,No Labels Kansas,301
KS,Shawnee,20177,United Kansas,52
KS,Sheridan,20179,Republican,1404
KS,Sheridan,20179,Democratic,143
KS,Sheridan,20179,Unaffiliated,303
KS,Sheridan,20179,Libertarian,4
KS,Sheridan,20179,No Labels Kansas,3
KS,Sheridan,20179,United Kansas,0
KS,Sherman,20181,Republican,2581
KS,Sherman,20181,Democratic,312
KS,Sherman,20181,Unaffiliated,687
KS,Sherman,20181,Libertarian,34
KS,Sherman,20181,No Labels Kansas,4
KS,Sherman,20181,United Kansas,3
KS,Smith,20183,Republican,2105
KS,Smith,20183,Democratic,267
KS,Smith,20183,Unaffiliated,450
KS,Smith,20183,Libertarian,12
KS,Smith,20183,No Labels Kansas,1
KS,Smith,20183,United Kansas,0
KS,Stafford,20185,Republican,1884
KS,Stafford,20185,Democratic,261
KS,Stafford,20185,Unaffiliated,493
KS,Stafford,20185,Libertarian,20
KS,Stafford,20185,No Labels Kansas,5
KS,Stafford,20185,United Kansas,4
KS,Stanton,20187,Republican,732
KS,Stanton,20187,Democratic,123
KS,Stanton,20187,Unaffiliated,159
KS,Stanton,20187,Libertarian,12
KS,Stanton,20187,No Labels Kansas,2
KS,Stanton,20187,United Kansas,0
KS,Stevens,20189,Republican,2409
KS,Stevens,20189,Democratic,289
KS,Stevens,20189,Unaffiliated,588
KS,Stevens,20189,Libertarian,35
KS,Stevens,20189,No Labels Kansas,4
KS,Stevens,20189,United Kansas,2
KS,Sumner,20191,Republican,8869
KS,Sumner,20191,Democratic,2476
KS,Sumner,20191,Unaffiliated,4016
KS,Sumner,20191,Libertarian,174
KS,Sumner,20191,No Labels Kansas,30
KS,Sumner,20191,United Kansas,1
KS,Thomas,20193,Republican,3719
KS,Thomas,20193,Democratic,512
KS,Thomas,20193,Unaffiliated,1200
KS,Thomas,20193,Libertarian,35
KS,Thomas,20193,No Labels Kansas,9
KS,Thomas,20193,United Kansas,1
KS,Trego,20195,Republican,1410
KS,Trego,20195,Democratic,252
KS,Trego,20195,Unaffiliated,374
KS,Trego,20195,Libertarian,12
KS,Trego,20195,No Labels Kansas,0
KS,Trego,20195,United Kansas,0
KS,Wabaunsee,20197,Republican,3408
KS,Wabaunsee,20197,Democratic,730
KS,Wabaunsee,20197,Unaffiliated,1168
KS,Wabaunsee,20197,Libertarian,52
KS,Wabaunsee,20197,No Labels Kansas,3
KS,Wabaunsee,20197,United Kansas,1
KS,Wallace,20199,Republican,914
KS,Wallace,20199,Democratic,53
KS,Wallace,20199,Unaffiliated,187
KS,Wallace,20199,Libertarian,5
KS,Wallace,20199,No Labels Kansas,0
KS,Wallace,20199,United Kansas,0
KS,Washington,20201,Republican,2893
KS,Washington,20201,Democratic,269
KS,Washington,20201,Unaffiliated,415
KS,Washington,20201,Libertarian,24
KS,Washington,20201,No Labels Kansas,4
KS,Washington,20201,United Kansas,1
KS,Wichita,20203,Republican,864
KS,Wichita,20203,Democratic,111
KS,Wichita,20203,Unaffiliated,254
KS,Wichita,20203,Libertarian,8
KS,Wichita,20203,No Labels Kansas,1
KS,Wichita,20203,United Kansas,1
KS,Wilson,20205,Republican,3474
KS,Wilson,20205,Democratic,519
KS,Wilson,20205,Unaffiliated,1017
KS,Wilson,20205,Libertarian,50
KS,Wilson,20205,No Labels Kansas,11
KS,Wilson,20205,United Kansas,2
KS,Woodson,20207,Republican,1500
KS,Woodson,20207,Democratic,219
KS,Woodson,20207,Unaffiliated,501
KS,Woodson,20207,Libertarian,27
KS,Woodson,20207,No Labels Kansas,5
KS,Woodson,20207,United Kansas,0
KS,Wyandotte,20209,Republican,18297
KS,Wyandotte,20209,Democratic,40847
KS,Wyandotte,20209,Unaffiliated,31770
KS,Wyandotte,20209,Libertarian,981
KS,Wyandotte,20209,No Labels Kansas,329
KS,Wyandotte,20209,United Kansas,74
KY,Adair,21001,Democratic,2606
KY,Adair,21001,Republican,10091
KY,Adair,21001,Other,1123
KY,Allen,21003,Democratic,3303
KY,Allen,21003,Republican,10399
KY,Allen,21003,Other,1449
KY,Anderson,21005,Democratic,6635
KY,Anderson,21005,Republican,10279
KY,Anderson,21005,Other,1662
KY,Ballard,21007,Democratic,2744
KY,Ballard,21007,Republican,2792
KY,Ballard,21007,Other,445
KY,Barren,21009,Democratic,11616
KY,Barren,21009,Republican,17127
KY,Barren,21009,Other,2892
KY,Bath,21011,Democratic,5168
KY,Bath,21011,Republican,3432
KY,Bath,21011,Other,679
KY,Bell,21013,Democratic,5397
KY,Bell,21013,Republican,11657
KY,Bell,21013,Other,1275
KY,Boone,21015,Democratic,28649
KY,Boone,21015,Republican,58737
KY,Boone,21015,Other,17429
KY,Bourbon,21017,Democratic,6318
KY,Bourbon,21017,Republican,6658
KY,Bourbon,21017,Other,1471
KY,Boyd,21019,Democratic,14217
KY,Boyd,21019,Republican,16557
KY,Boyd,21019,Other,4220
KY,Boyle,21021,Democratic,9012
KY,Boyle,21021,Republican,10769
KY,Boyle,21021,Other,2343
KY,Bracken,21023,Democratic,2865
KY,Bracken,21023,Republican,3111
KY,Bracken,21023,Other,478
KY,Breathitt,21025,Democratic,7479
KY,Breathitt,21025,Republican,1830
KY,Breathitt,21025,Other,420
KY,Breckinridge,21027,Democratic,4776
KY,Breckinridge,21027,Republican,9512
KY,Breckinridge,21027,Other,1208
KY,Bullitt,21029,Democratic,21307
KY,Bullitt,21029,Republican,35703
KY,Bullitt,21029,Other,7675
KY,Butler,21031,Democratic,1501
KY,Butler,21031,Republican,6924
KY,Butler,21031,Other,607
KY,Caldwell,21033,Democratic,3900
KY,Caldwell,21033,Republican,4752
KY,Caldwell,21033,Other,768
KY,Calloway,21035,Democratic,11625
KY,Calloway,21035,Republican,12646
KY,Calloway,21035,Other,3576
KY,Campbell,21037,Democratic,26170
KY,Campbell,21037,Republican,34882
KY,Campbell,21037,Other,11528
KY,Carlisle,21039,Democratic,1585
KY,Carlisle,21039,Republican,1858
KY,Carlisle,21039,Other,222
KY,Carroll,21041,Democratic,3803
KY,Carroll,21041,Republican,3160
KY,Carroll,21041,Other,695
KY,Carter,21043,Democratic,7531
KY,Carter,21043,Republican,9558
KY,Carter,21043,Other,1647
KY,Casey,21045,Democratic,1405
KY,Casey,21045,Republican,8842
KY,Casey,21045,Other,642
KY,Christian,21047,Democratic,19728
KY,Christian,21047,Republican,19677
KY,Christian,21047,Other,6390
KY,Clark,21049,Democratic,11664
KY,Clark,21049,Republican,13837
KY,Clark,21049,Other,3510
KY,Clay,21051,Democratic,1522
KY,Clay,21051,Republican,11442
KY,Clay,21051,Other,614
KY,Clinton,21053,Democratic,761
KY,Clinton,21053,Republican,6322
KY,Clinton,21053,Other,287
KY,Crittenden,21055,Democratic,1690
KY,Crittenden,21055,Republican,4097
KY,Crittenden,21055,Other,621
KY,Cumberland,21057,Democratic,579
KY,Cumberland,21057,Republican,4386
KY,Cumberland,21057,Other,322
KY,Daviess,21059,Democratic,32223
KY,Daviess,21059,Republican,35260
KY,Daviess,21059,Other,7973
KY,Edmonson,21061,Democratic,2169
KY,Edmonson,21061,Republican,6839
KY,Edmonson,21061,Other,823
KY,Elliott,21063,Democratic,3136
KY,Elliott,21063,Republican,1266
KY,Elliott,21063,Other,324
KY,Estill,21065,Democratic,3008
KY,Estill,21065,Republican,6475
KY,Estill,21065,Other,903
KY,Fayette,21067,Democratic,116549
KY,Fayette,21067,Republican,75987
KY,Fayette,21067,Other,32090
KY,Fleming,21069,Democratic,4099
KY,Fleming,21069,Republican,5939
KY,Fleming,21069,Other,852
KY,Floyd,21071,Democratic,16745
KY,Floyd,21071,Republican,8193
KY,Floyd,21071,Other,1732
KY,Franklin,21073,Democratic,21573
KY,Franklin,21073,Republican,13300
KY,Franklin,21073,Other,4041
KY,Fulton,21075,Democratic,2811
KY,Fulton,21075,Republican,1583
KY,Fulton,21075,Other,513
KY,Gallatin,21077,Democratic,2393
KY,Gallatin,21077,Republican,3222
KY,Gallatin,21077,Other,721
KY,Garrard,21079,Democratic,3132
KY,Garrard,21079,Republican,9007
KY,Garrard,21079,Other,1348
KY,Grant,21081,Democratic,5049
KY,Grant,21081,Republican,10740
KY,Grant,21081,Other,2241
KY,Graves,21083,Democratic,11034
KY,Graves,21083,Republican,13404
KY,Graves,21083,Other,2286
KY,Grayson,21085,Democratic,4355
KY,Grayson,21085,Republican,13288
KY,Grayson,21085,Other,1514
KY,Green,21087,Democratic,1842
KY,Green,21087,Republican,6049
KY,Green,21087,Other,612
KY,Greenup,21089,Democratic,10223
KY,Greenup,21089,Republican,14920
KY,Greenup,21089,Other,2907
KY,Hancock,21091,Democratic,2569
KY,Hancock,21091,Republican,3676
KY,Hancock,21091,Other,542
KY,Hardin,21093,Democratic,31902
KY,Hardin,21093,Republican,38404
KY,Hardin,21093,Other,11858
KY,Harlan,21095,Democratic,6177
KY,Harlan,21095,Republican,11068
KY,Harlan,21095,Other,934
KY,Harrison,21097,Democratic,6095
KY,Harrison,21097,Republican,6976
KY,Harrison,21097,Other,1110
KY,Hart,21099,Democratic,5143
KY,Hart,21099,Republican,7278
KY,Hart,21099,Other,1099
KY,Henderson,21101,Democratic,17188
KY,Henderson,21101,Republican,12900
KY,Henderson,21101,Other,3337
KY,Henry,21103,Democratic,4707
KY,Henry,21103,Republican,6532
KY,Henry,21103,Other,1080
KY,Hickman,21105,Democratic,1394
KY,Hickman,21105,Republican,1635
KY,Hickman,21105,Other,239
KY,Hopkins,21107,Democratic,14076
KY,Hopkins,21107,Republican,15480
KY,Hopkins,21107,Other,3195
KY,Jackson,21109,Democratic,1038
KY,Jackson,21109,Republican,8267
KY,Jackson,21109,Other,622
KY,Jefferson,21111,Democratic,324809
KY,Jefferson,21111,Republican,185584
KY,Jefferson,21111,Other,73822
KY,Jessamine,21113,Democratic,13593
KY,Jessamine,21113,Republican,21938
KY,Jessamine,21113,Other,5099
KY,Johnson,21115,Democratic,4438
KY,Johnson,21115,Republican,11218
KY,Johnson,21115,Other,1113
KY,Kenton,21117,Democratic,53428
KY,Kenton,21117,Republican,69901
KY,Kenton,21117,Other,25568
KY,Knott,21119,Democratic,6872
KY,Knott,21119,Republican,2826
KY,Knott,21119,Other,486
KY,Knox,21121,Democratic,4539
KY,Knox,21121,Republican,17104
KY,Knox,21121,Other,1439
KY,LaRue,21123,Democratic,4145
KY,LaRue,21123,Republican,6457
KY,LaRue,21123,Other,1083
KY,Laurel,21125,Democratic,8466
KY,Laurel,21125,Republican,35033
KY,Laurel,21125,Other,3545
KY,Lawrence,21127,Democratic,3539
KY,Lawrence,21127,Republican,6920
KY,Lawrence,21127,Other,1035
KY,Lee,21129,Democratic,1175
KY,Lee,21129,Republican,3339
KY,Lee,21129,Other,292
KY,Leslie,21131,Democratic,675
KY,Leslie,21131,Republican,6239
KY,Leslie,21131,Other,322
KY,Letcher,21133,Democratic,7555
KY,Letcher,21133,Republican,6408
KY,Letcher,21133,Other,783
KY,Lewis,21135,Democratic,1639
KY,Lewis,21135,Republican,7573
KY,Lewis,21135,Other,633
KY,Lincoln,21137,Democratic,5509
KY,Lincoln,21137,Republican,10824
KY,Lincoln,21137,Other,1855
KY,Livingston,21139,Democratic,2641
KY,Livingston,21139,Republican,4118
KY,Livingston,21139,Other,593
KY,Logan,21141,Democratic,7827
KY,Logan,21141,Republican,9663
KY,Logan,21141,Other,1999
KY,Lyon,21143,Democratic,2585
KY,Lyon,21143,Republican,3159
KY,Lyon,21143,Other,588
KY,McCracken,21145,Democratic,25181
KY,McCracken,21145,Republican,27441
KY,McCracken,21145,Other,7201
KY,McCreary,21147,Democratic,1673
KY,McCreary,21147,Republican,8140
KY,McCreary,21147,Other,808
KY,McLean,21149,Democratic,2808
KY,McLean,21149,Republican,3309
KY,McLean,21149,Other,516
KY,Madison,21151,Democratic,26449
KY,Madison,21151,Republican,35897
KY,Madison,21151,Other,9168
KY,Magoffin,21153,Democratic,4537
KY,Magoffin,21153,Republican,4241
KY,Magoffin,21153,Other,289
KY,Marion,21155,Democratic,7462
KY,Marion,21155,Republican,5166
KY,Marion,21155,Other,906
KY,Marshall,21157,Democratic,9858
KY,Marshall,21157,Republican,12934
KY,Marshall,21157,Other,2158
KY,Martin,21159,Democratic,1075
KY,Martin,21159,Republican,5633
KY,Martin,21159,Other,321
KY,Mason,21161,Democratic,5347
KY,Mason,21161,Republican,5834
KY,Mason,21161,Other,1372
KY,Meade,21163,Democratic,7767
KY,Meade,21163,Republican,11968
KY,Meade,21163,Other,2579
KY,Menifee,21165,Democratic,2512
KY,Menifee,21165,Republican,2221
KY,Menifee,21165,Other,451
KY,Mercer,21167,Democratic,6894
KY,Mercer,21167,Republican,9569
KY,Mercer,21167,Other,1830
KY,Metcalfe,21169,Democratic,2756
KY,Metcalfe,21169,Republican,4503
KY,Metcalfe,21169,Other,707
KY,Monroe,21171,Democratic,841
KY,Monroe,21171,Republican,6794
KY,Monroe,21171,Other,399
KY,Montgomery,21173,Democratic,8983
KY,Montgomery,21173,Republican,9636
KY,Montgomery,21173,Other,1814
KY,Morgan,21175,Democratic,5048
KY,Morgan,21175,Republican,3086
KY,Morgan,21175,Other,537
KY,Muhlenberg,21177,Democratic,10601
KY,Muhlenberg,21177,Republican,9368
KY,Muhlenberg,21177,Other,1679
KY,Nelson,21179,Democratic,14689
KY,Nelson,21179,Republican,17208
KY,Nelson,21179,Other,3772
KY,Nicholas,21181,Democratic,3045
KY,Nicholas,21181,Republican,1965
KY,Nicholas,21181,Other,393
KY,Ohio,21183,Democratic,4826
KY,Ohio,21183,Republican,10570
KY,Ohio,21183,Other,1459
KY,Oldham,21185,Democratic,17055
KY,Oldham,21185,Republican,29836
KY,Oldham,21185,Other,7181
KY,Owen,21187,Democratic,2990
KY,Owen,21187,Republican,4655
KY,Owen,21187,Other,687
KY,Owsley,21189,Democratic,625
KY,Owsley,21189,Republican,2535
KY,Owsley,21189,Other,155
KY,Pendleton,21191,Democratic,3283
KY,Pendleton,21191,Republican,6529
KY,Pendleton,21191,Other,1111
KY,Perry,21193,Democratic,10288
KY,Perry,21193,Republican,7052
KY,Perry,21193,Other,1015
KY,Pike,21195,Democratic,19426
KY,Pike,21195,Republican,19480
KY,Pike,21195,Other,3297
KY,Powell,21197,Democratic,4192
KY,Powell,21197,Republican,4611
KY,Powell,21197,Other,721
KY,Pulaski,21199,Democratic,9487
KY,Pulaski,21199,Republican,36477
KY,Pulaski,21199,Other,4997
KY,Robertson,21201,Democratic,968
KY,Robertson,21201,Republican,671
KY,Robertson,21201,Other,95
KY,Rockcastle,21203,Democratic,1729
KY,Rockcastle,21203,Republican,9754
KY,Rockcastle,21203,Other,873
KY,Rowan,21205,Democratic,8690
KY,Rowan,21205,Republican,7131
KY,Rowan,21205,Other,1986
KY,Russell,21207,Democratic,2091
KY,Russell,21207,Republican,10872
KY,Russell,21207,Other,966
KY,Scott,21209,Democratic,17085
KY,Scott,21209,Republican,22883
KY,Scott,21209,Other,5182
KY,Shelby,21211,Democratic,13912
KY,Shelby,21211,Republican,20409
KY,Shelby,21211,Other,4375
KY,Simpson,21213,Democratic,5322
KY,Simpson,21213,Republican,7512
KY,Simpson,21213,Other,1800
KY,Spencer,21215,Democratic,4891
KY,Spencer,21215,Republican,10123
KY,Spencer,21215,Other,1593
KY,Taylor,21217,Democratic,5678
KY,Taylor,21217,Republican,11370
KY,Taylor,21217,Other,1659
KY,Todd,21219,Democratic,3772
KY,Todd,21219,Republican,3680
KY,Todd,21219,Other,736
KY,Trigg,21221,Democratic,3852
KY,Trigg,21221,Republican,6431
KY,Trigg,21221,Other,1085
KY,Trimble,21223,Democratic,3133
KY,Trimble,21223,Republican,3228
KY,Trimble,21223,Other,613
KY,Union,21225,Democratic,4737
KY,Union,21225,Republican,4399
KY,Union,21225,Other,693
KY,Warren,21227,Democratic,37125
KY,Warren,21227,Republican,43077
KY,Warren,21227,Other,12098
KY,Washington,21229,Democratic,3812
KY,Washington,21229,Republican,4871
KY,Washington,21229,Other,716
KY,Wayne,21231,Democratic,3206
KY,Wayne,21231,Republican,10159
KY,Wayne,21231,Other,1048
KY,Webster,21233,Democratic,4096
KY,Webster,21233,Republican,3969
KY,Webster,21233,Other,650
KY,Whitley,21235,Democratic,4468
KY,Whitley,21235,Republican,19508
KY,Whitley,21235,Other,1947
KY,Wolfe,21237,Democratic,3727
KY,Wolfe,21237,Republican,1184
KY,Wolfe,21237,Other,282
KY,Woodford,21239,Democratic,9619
KY,Woodford,21239,Republican,9739
KY,Woodford,21239,Other,2390
LA,Acadia,22001,Democratic,10905
LA,Acadia,22001,Republican,17632
LA,Acadia,22001,Other,9398
LA,Allen,22003,Democratic,3773
LA,Allen,22003,Republican,5625
LA,Allen,22003,Other,2910
LA,Ascension,22005,Democratic,25145
LA,Ascension,22005,Republican,34954
LA,Ascension,22005,Other,24562
LA,Assumption,22007,Democratic,6242
LA,Assumption,22007,Republican,4677
LA,Assumption,22007,Other,3001
LA,Avoyelles,22009,Democratic,8805
LA,Avoyelles,22009,Republican,8589
LA,Avoyelles,22009,Other,5630
LA,Beauregard,22011,Democratic,4144
LA,Beauregard,22011,Republican,12142
LA,Beauregard,22011,Other,7072
LA,Bienville,22013,Democratic,3810
LA,Bienville,22013,Republican,3094
LA,Bienville,22013,Other,1819
LA,Bossier,22015,Democratic,17747
LA,Bossier,22015,Republican,35890
LA,Bossier,22015,Other,22639
LA,Caddo,22017,Democratic,66912
LA,Caddo,22017,Republican,43442
LA,Caddo,22017,Other,41115
LA,Calcasieu,22019,Democratic,37000
LA,Calcasieu,22019,Republican,49629
LA,Calcasieu,22019,Other,37231
LA,Caldwell,22021,Democratic,1304
LA,Caldwell,22021,Republican,3182
LA,Caldwell,22021,Other,1447
LA,Cameron,22023,Democratic,906
LA,Cameron,22023,Republican,2313
LA,Cameron,22023,Other,1130
LA,Catahoula,22025,Democratic,2150
LA,Catahoula,22025,Republican,2586
LA,Catahoula,22025,Other,1321
LA,Claiborne,22027,Democratic,3262
LA,Claiborne,22027,Republican,3042
LA,Claiborne,22027,Other,2049
LA,Concordia,22029,Democratic,4978
LA,Concordia,22029,Republican,4346
LA,Concordia,22029,Other,2714
LA,De Soto,22031,Democratic,7012
LA,De Soto,22031,Republican,8101
LA,De Soto,22031,Other,4616
LA,East Baton Rouge,22033,Democratic,126784
LA,East Baton Rouge,22033,Republican,79703
LA,East Baton Rouge,22033,Other,81776
LA,East Carroll,22035,Democratic,2905
LA,East Carroll,22035,Republican,807
LA,East Carroll,22035,Other,938
LA,East Feliciana,22037,Democratic,5335
LA,East Feliciana,22037,Republican,5058
LA,East Feliciana,22037,Other,3110
LA,Evangeline,22039,Democratic,8040
LA,Evangeline,22039,Republican,8163
LA,Evangeline,22039,Other,4494
LA,Franklin,22041,Democratic,4443
LA,Franklin,22041,Republican,6014
LA,Franklin,22041,Other,2789
LA,Grant,22043,Democratic,2529
LA,Grant,22043,Republican,6888
LA,Grant,22043,Other,3518
LA,Iberia,22045,Democratic,14759
LA,Iberia,22045,Republican,16576
LA,Iberia,22045,Other,11941
LA,Iberville,22047,Democratic,10898
LA,Iberville,22047,Republican,4915
LA,Iberville,22047,Other,4477
LA,Jackson,22049,Democratic,2994
LA,Jackson,22049,Republican,4532
LA,Jackson,22049,Other,2145
LA,Jefferson,22051,Democratic,94160
LA,Jefferson,22051,Republican,85717
LA,Jefferson,22051,Other,87072
LA,Jefferson Davis,22053,Democratic,5525
LA,Jefferson Davis,22053,Republican,9363
LA,Jefferson Davis,22053,Other,5855
LA,Lafayette,22055,Democratic,45410
LA,Lafayette,22055,Republican,67574
LA,Lafayette,22055,Other,49103
LA,Lafourche,22057,Democratic,14582
LA,Lafourche,22057,Republican,26411
LA,Lafourche,22057,Other,16855
LA,LaSalle,22059,Democratic,1488
LA,LaSalle,22059,Republican,5279
LA,LaSalle,22059,Other,1870
LA,Lincoln,22061,Democratic,9076
LA,Lincoln,22061,Republican,10732
LA,Lincoln,22061,Other,7531
LA,Livingston,22063,Democratic,14813
LA,Livingston,22063,Republican,47671
LA,Livingston,22063,Other,25494
LA,Madison,22065,Democratic,3924
LA,Madison,22065,Republican,1596
LA,Madison,22065,Other,1683
LA,Morehouse,22067,Democratic,7161
LA,Morehouse,22067,Republican,5539
LA,Morehouse,22067,Other,4016
LA,Natchitoches,22069,Democratic,9124
LA,Natchitoches,22069,Republican,7673
LA,Natchitoches,22069,Other,6208
LA,Orleans,22071,Democratic,162909
LA,Orleans,22071,Republican,25022
LA,Orleans,22071,Other,76854
LA,Ouachita,22073,Democratic,34938
LA,Ouachita,22073,Republican,40344
LA,Ouachita,22073,Other,26923
LA,Plaquemines,22075,Democratic,4529
LA,Plaquemines,22075,Republican,5554
LA,Plaquemines,22075,Other,3970
LA,Pointe Coupee,22077,Democratic,6419
LA,Pointe Coupee,22077,Republican,4820
LA,Pointe Coupee,22077,Other,3446
LA,Rapides,22079,Democratic,25821
LA,Rapides,22079,Republican,32605
LA,Rapides,22079,Other,22245
LA,Red River,22081,Democratic,2462
LA,Red River,22081,Republican,1910
LA,Red River,22081,Other,1084
LA,Richland,22083,Democratic,4595
LA,Richland,22083,Republican,5794
LA,Richland,22083,Other,3342
LA,Sabine,22085,Democratic,3297
LA,Sabine,22085,Republican,7023
LA,Sabine,22085,Other,3249
LA,St. Bernard,22087,Democratic,9768
LA,St. Bernard,22087,Republican,7747
LA,St. Bernard,22087,Other,9721
LA,St. Charles,22089,Democratic,11104
LA,St. Charles,22089,Republican,14226
LA,St. Charles,22089,Other,10053
LA,St. Helena,22091,Democratic,4708
LA,St. Helena,22091,Republican,2200
LA,St. Helena,22091,Other,1622
LA,St. James,22093,Democratic,8418
LA,St. James,22093,Republican,3775
LA,St. James,22093,Other,2669
LA,St. John the Baptist,22095,Democratic,16537
LA,St. John the Baptist,22095,Republican,4772
LA,St. John the Baptist,22095,Other,7181
LA,St. Landry,22097,Democratic,24749
LA,St. Landry,22097,Republican,17065
LA,St. Landry,22097,Other,13315
LA,St. Martin,22099,Democratic,12457
LA,St. Martin,22099,Republican,13916
LA,St. Martin,22099,Other,8911
LA,St. Mary,22101,Democratic,10521
LA,St. Mary,22101,Republican,10813
LA,St. Mary,22101,Other,9068
LA,St. Tammany,22103,Democratic,39730
LA,St. Tammany,22103,Republican,92806
LA,St. Tammany,22103,Other,62432
LA,Tangipahoa,22105,Democratic,24332
LA,Tangipahoa,22105,Republican,32396
LA,Tangipahoa,22105,Other,23599
LA,Tensas,22107,Democratic,1771
LA,Tensas,22107,Republican,867
LA,Tensas,22107,Other,526
LA,Terrebonne,22109,Democratic,14982
LA,Terrebonne,22109,Republican,26437
LA,Terrebonne,22109,Other,18445
LA,Union,22111,Democratic,4252
LA,Union,22111,Republican,7453
LA,Union,22111,Other,3578
LA,Vermilion,22113,Democratic,10345
LA,Vermilion,22113,Republican,17077
LA,Vermilion,22113,Other,10656
LA,Vernon,22115,Democratic,5199
LA,Vernon,22115,Republican,12321
LA,Vernon,22115,Other,7999
LA,Washington,22117,Democratic,9830
LA,Washington,22117,Republican,11010
LA,Washington,22117,Other,7408
LA,Webster,22119,Democratic,7484
LA,Webster,22119,Republican,9427
LA,Webster,22119,Other,5694
LA,West Baton Rouge,22121,Democratic,7725
LA,West Baton Rouge,22121,Republican,5482
LA,West Baton Rouge,22121,Other,4589
LA,West Carroll,22123,Democratic,1561
LA,West Carroll,22123,Republican,3708
LA,West Carroll,22123,Other,1708
LA,West Feliciana,22125,Democratic,2583
LA,West Feliciana,22125,Republican,3397
LA,West Feliciana,22125,Other,1864
LA,Winn,22127,Democratic,2521
LA,Winn,22127,Republican,3468
LA,Winn,22127,Other,2248
MA,Barnstable,25001,Democratic,42512
MA,Barnstable,25001,Republican,23181
MA,Barnstable,25001,Unenrolled,129067
MA,Barnstable,25001,Other,1806
MA,Berkshire,25003,Democratic,27402
MA,Berkshire,25003,Republican,6886
MA,Berkshire,25003,Unenrolled,63122
MA,Berkshire,25003,Other,1013
MA,Bristol,25005,Democratic,91386
MA,Bristol,25005,Republican,40504
MA,Bristol,25005,Unenrolled,289947
MA,Bristol,25005,Other,5252
MA,Dukes,25007,Democratic,5637
MA,Dukes,25007,Republican,1106
MA,Dukes,25007,Unenrolled,9949
MA,Dukes,25007,Other,103
MA,Essex,25009,Democratic,142448
MA,Essex,25009,Republican,52346
MA,Essex,25009,Unenrolled,387530
MA,Essex,25009,Other,5893
MA,Franklin,25011,Democratic,14554
MA,Franklin,25011,Republican,4022
MA,Franklin,25011,Unenrolled,38850
MA,Franklin,25011,Other,671
MA,Hampden,25013,Democratic,89003
MA,Hampden,25013,Republican,36604
MA,Hampden,25013,Unenrolled,230496
MA,Hampden,25013,Other,4260
MA,Hampshire,25015,Democratic,35290
MA,Hampshire,25015,Republican,7876
MA,Hampshire,25015,Unenrolled,67523
MA,Hampshire,25015,Other,1172
MA,Middlesex,25017,Democratic,318277
MA,Middlesex,25017,Republican,77573
MA,Middlesex,25017,Unenrolled,707203
MA,Middlesex,25017,Other,9267
MA,Nantucket,25019,Democratic,2462
MA,Nantucket,25019,Republican,997
MA,Nantucket,25019,Unenrolled,6448
MA,Nantucket,25019,Other,100
MA,Norfolk,25021,Democratic,142374
MA,Norfolk,25021,Republican,43908
MA,Norfolk,25021,Unenrolled,343893
MA,Norfolk,25021,Other,4393
MA,Plymouth,25023,Democratic,87941
MA,Plymouth,25023,Republican,44937
MA,Plymouth,25023,Unenrolled,278782
MA,Plymouth,25023,Other,4616
MA,Suffolk,25025,Democratic,183302
MA,Suffolk,25025,Republican,21669
MA,Suffolk,25025,Unenrolled,276417
MA,Suffolk,25025,Other,4084
MA,Worcester,25027,Democratic,116015
MA,Worcester,25027,Republican,61778
MA,Worcester,25027,Unenrolled,425208
MA,Worcester,25027,Other,6771
MD,Baltimore City,24510,Democratic,298085
MD,Baltimore City,24510,Republican,29870
MD,Baltimore City,24510,Unaffiliated,72102
MD,Baltimore City,24510,Green,860
MD,Baltimore City,24510,Libertarian,0
MD,Baltimore City,24510,Other,7643
MD,Allegany,24001,Democratic,10809
MD,Allegany,24001,Republican,23751
MD,Allegany,24001,Unaffiliated,9700
MD,Allegany,24001,Green,67
MD,Allegany,24001,Libertarian,0
MD,Allegany,24001,Other,835
MD,Anne Arundel,24003,Democratic,173555
MD,Anne Arundel,24003,Republican,129229
MD,Anne Arundel,24003,Unaffiliated,112375
MD,Anne Arundel,24003,Green,550
MD,Anne Arundel,24003,Libertarian,0
MD,Anne Arundel,24003,Other,7098
MD,Baltimore,24005,Democratic,306119
MD,Baltimore,24005,Republican,139736
MD,Baltimore,24005,Unaffiliated,129045
MD,Baltimore,24005,Green,845
MD,Baltimore,24005,Libertarian,0
MD,Baltimore,24005,Other,10644
MD,Calvert,24009,Democratic,23195
MD,Calvert,24009,Republican,28938
MD,Calvert,24009,Unaffiliated,17497
MD,Calvert,24009,Green,68
MD,Calvert,24009,Libertarian,0
MD,Calvert,24009,Other,1176
MD,Caroline,24011,Democratic,5894
MD,Caroline,24011,Republican,11406
MD,Caroline,24011,Unaffiliated,5302
MD,Caroline,24011,Green,32
MD,Caroline,24011,Libertarian,0
MD,Caroline,24011,Other,406
MD,Carroll,24013,Democratic,32961
MD,Carroll,24013,Republican,64305
MD,Carroll,24013,Unaffiliated,32233
MD,Carroll,24013,Green,160
MD,Carroll,24013,Libertarian,0
MD,Carroll,24013,Other,2112
MD,Cecil,24015,Democratic,18741
MD,Cecil,24015,Republican,36054
MD,Cecil,24015,Unaffiliated,18214
MD,Cecil,24015,Green,86
MD,Cecil,24015,Libertarian,0
MD,Cecil,24015,Other,1399
MD,Charles,24017,Democratic,77701
MD,Charles,24017,Republican,23433
MD,Charles,24017,Unaffiliated,27965
MD,Charles,24017,Green,153
MD,Charles,24017,Libertarian,0
MD,Charles,24017,Other,1805
MD,Dorchester,24019,Democratic,9400
MD,Dorchester,24019,Republican,9823
MD,Dorchester,24019,Unaffiliated,4708
MD,Dorchester,24019,Green,21
MD,Dorchester,24019,Libertarian,0
MD,Dorchester,24019,Other,436
MD,Frederick,24021,Democratic,79077
MD,Frederick,24021,Republican,68632
MD,Frederick,24021,Unaffiliated,57850
MD,Frederick,24021,Green,292
MD,Frederick,24021,Libertarian,0
MD,Frederick,24021,Other,2976
MD,Garrett,24023,Democratic,3387
MD,Garrett,24023,Republican,14106
MD,Garrett,24023,Unaffiliated,3368
MD,Garrett,24023,Green,23
MD,Garrett,24023,Libertarian,0
MD,Garrett,24023,Other,308
MD,Harford,24025,Democratic,64508
MD,Harford,24025,Republican,83059
MD,Harford,24025,Unaffiliated,48351
MD,Harford,24025,Green,211
MD,Harford,24025,Libertarian,0
MD,Harford,24025,Other,3579
MD,Howard,24027,Democratic,123948
MD,Howard,24027,Republican,47427
MD,Howard,24027,Unaffiliated,67823
MD,Howard,24027,Green,352
MD,Howard,24027,Libertarian,0
MD,Howard,24027,Other,3513
MD,Kent,24029,Democratic,5584
MD,Kent,24029,Republican,5584
MD,Kent,24029,Unaffiliated,3019
MD,Kent,24029,Green,17
MD,Kent,24029,Libertarian,0
MD,Kent,24029,Other,224
MD,Montgomery,24031,Democratic,407126
MD,Montgomery,24031,Republican,99579
MD,Montgomery,24031,Unaffiliated,189856
MD,Montgomery,24031,Green,1092
MD,Montgomery,24031,Libertarian,0
MD,Montgomery,24031,Other,10016
MD,Prince George's,24033,Democratic,456041
MD,Prince George's,24033,Republican,41678
MD,Prince George's,24033,Unaffiliated,114847
MD,Prince George's,24033,Green,878
MD,Prince George's,24033,Libertarian,0
MD,Prince George's,24033,Other,14685
MD,Queen Anne's,24035,Democratic,11219
MD,Queen Anne's,24035,Republican,20900
MD,Queen Anne's,24035,Unaffiliated,9500
MD,Queen Anne's,24035,Green,48
MD,Queen Anne's,24035,Libertarian,0
MD,Queen Anne's,24035,Other,628
MD,Somerset,24039,Democratic,5294
MD,Somerset,24039,Republican,6401
MD,Somerset,24039,Unaffiliated,2817
MD,Somerset,24039,Green,25
MD,Somerset,24039,Libertarian,0
MD,Somerset,24039,Other,250
MD,St. Mary's,24037,Democratic,25080
MD,St. Mary's,24037,Republican,33612
MD,St. Mary's,24037,Unaffiliated,19376
MD,St. Mary's,24037,Green,78
MD,St. Mary's,24037,Libertarian,0
MD,St. Mary's,24037,Other,1275
MD,Talbot,24041,Democratic,10424
MD,Talbot,24041,Republican,11738
MD,Talbot,24041,Unaffiliated,6381
MD,Talbot,24041,Green,22
MD,Talbot,24041,Libertarian,0
MD,Talbot,24041,Other,445
MD,Washington,24043,Democratic,30552
MD,Washington,24043,Republican,45111
MD,Washington,24043,Unaffiliated,26306
MD,Washington,24043,Green,152
MD,Washington,24043,Libertarian,0
MD,Washington,24043,Other,1794
MD,Wicomico,24045,Democratic,25699
MD,Wicomico,24045,Republican,24481
MD,Wicomico,24045,Unaffiliated,16230
MD,Wicomico,24045,Green,91
MD,Wicomico,24045,Libertarian,0
MD,Wicomico,24045,Other,1362
MD,Worcester,24047,Democratic,13358
MD,Worcester,24047,Republican,20509
MD,Worcester,24047,Unaffiliated,9748
MD,Worcester,24047,Green,48
MD,Worcester,24047,Libertarian,0
MD,Worcester,24047,Other,799
ME,Androscoggin,23001,Democratic,19163
ME,Androscoggin,23001,Republican,20661
ME,Androscoggin,23001,Unenrolled,20429
ME,Androscoggin,23001,GreenIndependent,2718
ME,Androscoggin,23001,Other,1223
ME,Aroostook,23003,Democratic,9907
ME,Aroostook,23003,Republican,15630
ME,Aroostook,23003,Unenrolled,11729
ME,Aroostook,23003,GreenIndependent,1435
ME,Aroostook,23003,Other,208
ME,Cumberland,23005,Democratic,94861
ME,Cumberland,23005,Republican,45370
ME,Cumberland,23005,Unenrolled,63137
ME,Cumberland,23005,GreenIndependent,6392
ME,Cumberland,23005,Other,994
ME,Franklin,23007,Democratic,5204
ME,Franklin,23007,Republican,7050
ME,Franklin,23007,Unenrolled,6177
ME,Franklin,23007,GreenIndependent,736
ME,Franklin,23007,Other,79
ME,Hancock,23009,Democratic,14143
ME,Hancock,23009,Republican,12270
ME,Hancock,23009,Unenrolled,12097
ME,Hancock,23009,GreenIndependent,1332
ME,Hancock,23009,Other,164
ME,Kennebec,23011,Democratic,23907
ME,Kennebec,23011,Republican,27154
ME,Kennebec,23011,Unenrolled,24266
ME,Kennebec,23011,GreenIndependent,3004
ME,Kennebec,23011,Other,471
ME,Knox,23013,Democratic,11070
ME,Knox,23013,Republican,7643
ME,Knox,23013,Unenrolled,8845
ME,Knox,23013,GreenIndependent,888
ME,Knox,23013,Other,121
ME,Lincoln,23015,Democratic,8998
ME,Lincoln,23015,Republican,8064
ME,Lincoln,23015,Unenrolled,8220
ME,Lincoln,23015,GreenIndependent,941
ME,Lincoln,23015,Other,107
ME,Oxford,23017,Democratic,9429
ME,Oxford,23017,Republican,12976
ME,Oxford,23017,Unenrolled,13183
ME,Oxford,23017,GreenIndependent,1624
ME,Oxford,23017,Other,187
ME,Penobscot,23019,Democratic,26009
ME,Penobscot,23019,Republican,35089
ME,Penobscot,23019,Unenrolled,28081
ME,Penobscot,23019,GreenIndependent,3241
ME,Penobscot,23019,Other,820
ME,Piscataquis,23021,Democratic,2251
ME,Piscataquis,23021,Republican,4805
ME,Piscataquis,23021,Unenrolled,3575
ME,Piscataquis,23021,GreenIndependent,401
ME,Piscataquis,23021,Other,56
ME,Sagadahoc,23023,Democratic,9785
ME,Sagadahoc,23023,Republican,7163
ME,Sagadahoc,23023,Unenrolled,8452
ME,Sagadahoc,23023,GreenIndependent,921
ME,Sagadahoc,23023,Other,135
ME,Somerset,23025,Democratic,6903
ME,Somerset,23025,Republican,12926
ME,Somerset,23025,Unenrolled,9495
ME,Somerset,23025,GreenIndependent,1126
ME,Somerset,23025,Other,163
ME,Waldo,23027,Democratic,8900
ME,Waldo,23027,Republican,8737
ME,Waldo,23027,Unenrolled,8439
ME,Waldo,23027,GreenIndependent,1123
ME,Waldo,23027,Other,131
ME,Washington,23029,Democratic,4843
ME,Washington,23029,Republican,8153
ME,Washington,23029,Unenrolled,6320
ME,Washington,23029,GreenIndependent,638
ME,Washington,23029,Other,103
ME,York,23031,Democratic,49991
ME,York,23031,Republican,39941
ME,York,23031,Unenrolled,49869
ME,York,23031,GreenIndependent,4167
ME,York,23031,Other,718
NC,Alamance,37001,Democratic,36490
NC,Alamance,37001,Republican,38225
NC,Alamance,37001,Unaffiliated,45043
NC,Alamance,37001,Libertarian,619
NC,Alamance,37001,Green,47
NC,Alamance,37001,NoLabels,0
NC,Alexander,37003,Democratic,3594
NC,Alexander,37003,Republican,12719
NC,Alexander,37003,Unaffiliated,9324
NC,Alexander,37003,Libertarian,113
NC,Alexander,37003,Green,5
NC,Alexander,37003,NoLabels,0
NC,Alleghany,37005,Democratic,1487
NC,Alleghany,37005,Republican,3626
NC,Alleghany,37005,Unaffiliated,3070
NC,Alleghany,37005,Libertarian,32
NC,Alleghany,37005,Green,2
NC,Alleghany,37005,NoLabels,0
NC,Anson,37007,Democratic,7636
NC,Anson,37007,Republican,3424
NC,Anson,37007,Unaffiliated,4870
NC,Anson,37007,Libertarian,58
NC,Anson,37007,Green,6
NC,Anson,37007,NoLabels,0
NC,Ashe,37009,Democratic,3313
NC,Ashe,37009,Republican,9627
NC,Ashe,37009,Unaffiliated,7700
NC,Ashe,37009,Libertarian,100
NC,Ashe,37009,Green,5
NC,Ashe,37009,NoLabels,0
NC,Avery,37011,Democratic,1119
NC,Avery,37011,Republican,7109
NC,Avery,37011,Unaffiliated,4172
NC,Avery,37011,Libertarian,66
NC,Avery,37011,Green,5
NC,Avery,37011,NoLabels,0
NC,Beaufort,37013,Democratic,8796
NC,Beaufort,37013,Republican,13322
NC,Beaufort,37013,Unaffiliated,11644
NC,Beaufort,37013,Libertarian,123
NC,Beaufort,37013,Green,13
NC,Beaufort,37013,NoLabels,0
NC,Bertie,37015,Democratic,6964
NC,Bertie,37015,Republican,1801
NC,Bertie,37015,Unaffiliated,3903
NC,Bertie,37015,Libertarian,41
NC,Bertie,37015,Green,2
NC,Bertie,37015,NoLabels,0
NC,Bladen,37017,Democratic,7977
NC,Bladen,37017,Republican,6028
NC,Bladen,37017,Unaffiliated,8846
NC,Bladen,37017,Libertarian,70
NC,Bladen,37017,Green,11
NC,Bladen,37017,NoLabels,0
NC,Brunswick,37019,Democratic,27629
NC,Brunswick,37019,Republican,60353
NC,Brunswick,37019,Unaffiliated,58751
NC,Brunswick,37019,Libertarian,732
NC,Brunswick,37019,Green,54
NC,Brunswick,37019,NoLabels,0
NC,Buncombe,37021,Democratic,71347
NC,Buncombe,37021,Republican,44873
NC,Buncombe,37021,Unaffiliated,99000
NC,Buncombe,37021,Libertarian,1537
NC,Buncombe,37021,Green,263
NC,Buncombe,37021,NoLabels,0
NC,Burke,37023,Democratic,11197
NC,Burke,37023,Republican,25198
NC,Burke,37023,Unaffiliated,23760
NC,Burke,37023,Libertarian,360
NC,Burke,37023,Green,28
NC,Burke,37023,NoLabels,0
NC,Cabarrus,37025,Democratic,43609
NC,Cabarrus,37025,Republican,52075
NC,Cabarrus,37025,Unaffiliated,65548
NC,Cabarrus,37025,Libertarian,1066
NC,Cabarrus,37025,Green,131
NC,Cabarrus,37025,NoLabels,0
NC,Caldwell,37027,Democratic,8560
NC,Caldwell,37027,Republican,27900
NC,Caldwell,37027,Unaffiliated,19201
NC,Caldwell,37027,Libertarian,343
NC,Caldwell,37027,Green,18
NC,Caldwell,37027,NoLabels,0
NC,Camden,37029,Democratic,1191
NC,Camden,37029,Republican,3458
NC,Camden,37029,Unaffiliated,3905
NC,Camden,37029,Libertarian,65
NC,Camden,37029,Green,7
NC,Camden,37029,NoLabels,0
NC,Carteret,37031,Democratic,8268
NC,Carteret,37031,Republican,26825
NC,Carteret,37031,Unaffiliated,22192
NC,Carteret,37031,Libertarian,334
NC,Carteret,37031,Green,24
NC,Carteret,37031,NoLabels,0
NC,Caswell,37033,Democratic,5401
NC,Caswell,37033,Republican,4834
NC,Caswell,37033,Unaffiliated,5336
NC,Caswell,37033,Libertarian,58
NC,Caswell,37033,Green,3
NC,Caswell,37033,NoLabels,0
NC,Catawba,37035,Democratic,19606
NC,Catawba,37035,Republican,51420
NC,Catawba,37035,Unaffiliated,46772
NC,Catawba,37035,Libertarian,671
NC,Catawba,37035,Green,56
NC,Catawba,37035,NoLabels,0
NC,Chatham,37037,Democratic,20949
NC,Chatham,37037,Republican,14983
NC,Chatham,37037,Unaffiliated,27981
NC,Chatham,37037,Libertarian,300
NC,Chatham,37037,Green,30
NC,Chatham,37037,NoLabels,0
NC,Cherokee,37039,Democratic,2961
NC,Cherokee,37039,Republican,13289
NC,Cherokee,37039,Unaffiliated,8467
NC,Cherokee,37039,Libertarian,152
NC,Cherokee,37039,Green,9
NC,Cherokee,37039,NoLabels,0
NC,Chowan,37041,Democratic,3126
NC,Chowan,37041,Republican,3283
NC,Chowan,37041,Unaffiliated,3767
NC,Chowan,37041,Libertarian,48
NC,Chowan,37041,Green,2
NC,Chowan,37041,NoLabels,0
NC,Clay,37043,Democratic,1267
NC,Clay,37043,Republican,5145
NC,Clay,37043,Unaffiliated,3749
NC,Clay,37043,Libertarian,54
NC,Clay,37043,Green,2
NC,Clay,37043,NoLabels,0
NC,Cleveland,37045,Democratic,17985
NC,Cleveland,37045,Republican,27746
NC,Cleveland,37045,Unaffiliated,23407
NC,Cleveland,37045,Libertarian,397
NC,Cleveland,37045,Green,20
NC,Cleveland,37045,NoLabels,0
NC,Columbus,37047,Democratic,11616
NC,Columbus,37047,Republican,11929
NC,Columbus,37047,Unaffiliated,13614
NC,Columbus,37047,Libertarian,127
NC,Columbus,37047,Green,10
NC,Columbus,37047,NoLabels,0
NC,Craven,37049,Democratic,18512
NC,Craven,37049,Republican,29056
NC,Craven,37049,Unaffiliated,29045
NC,Craven,37049,Libertarian,551
NC,Craven,37049,Green,51
NC,Craven,37049,NoLabels,0
NC,Cumberland,37051,Democratic,82975
NC,Cumberland,37051,Republican,50942
NC,Cumberland,37051,Unaffiliated,87970
NC,Cumberland,37051,Libertarian,1772
NC,Cumberland,37051,Green,177
NC,Cumberland,37051,NoLabels,0
NC,Currituck,37053,Democratic,3020
NC,Currituck,37053,Republican,10711
NC,Currituck,37053,Unaffiliated,10797
NC,Currituck,37053,Libertarian,205
NC,Currituck,37053,Green,7
NC,Currituck,37053,NoLabels,0
NC,Dare,37055,Democratic,6113
NC,Dare,37055,Republican,11491
NC,Dare,37055,Unaffiliated,14928
NC,Dare,37055,Libertarian,215
NC,Dare,37055,Green,18
NC,Dare,37055,NoLabels,0
NC,Davidson,37057,Democratic,20715
NC,Davidson,37057,Republican,59200
NC,Davidson,37057,Unaffiliated,42074
NC,Davidson,37057,Libertarian,673
NC,Davidson,37057,Green,41
NC,Davidson,37057,NoLabels,0
NC,Davie,37059,Democratic,4439
NC,Davie,37059,Republican,17149
NC,Davie,37059,Unaffiliated,11993
NC,Davie,37059,Libertarian,157
NC,Davie,37059,Green,15
NC,Davie,37059,NoLabels,0
NC,Duplin,37061,Democratic,9601
NC,Duplin,37061,Republican,10704
NC,Duplin,37061,Unaffiliated,11909
NC,Duplin,37061,Libertarian,127
NC,Duplin,37061,Green,11
NC,Duplin,37061,NoLabels,0
NC,Durham,37063,Democratic,122564
NC,Durham,37063,Republican,22531
NC,Durham,37063,Unaffiliated,100790
NC,Durham,37063,Libertarian,1014
NC,Durham,37063,Green,220
NC,Durham,37063,NoLabels,0
NC,Edgecombe,37065,Democratic,18767
NC,Edgecombe,37065,Republican,6907
NC,Edgecombe,37065,Unaffiliated,10077
NC,Edgecombe,37065,Libertarian,117
NC,Edgecombe,37065,Green,17
NC,Edgecombe,37065,NoLabels,0
NC,Forsyth,37067,Democratic,94634
NC,Forsyth,37067,Republican,71178
NC,Forsyth,37067,Unaffiliated,106142
NC,Forsyth,37067,Libertarian,1600
NC,Forsyth,37067,Green,197
NC,Forsyth,37067,NoLabels,0
NC,Franklin,37069,Democratic,16530
NC,Franklin,37069,Republican,17831
NC,Franklin,37069,Unaffiliated,22000
NC,Franklin,37069,Libertarian,372
NC,Franklin,37069,Green,20
NC,Franklin,37069,NoLabels,0
NC,Gaston,37071,Democratic,40280
NC,Gaston,37071,Republican,62758
NC,Gaston,37071,Unaffiliated,59742
NC,Gaston,37071,Libertarian,1167
NC,Gaston,37071,Green,77
NC,Gaston,37071,NoLabels,0
NC,Gates,37073,Democratic,2931
NC,Gates,37073,Republican,2363
NC,Gates,37073,Unaffiliated,2942
NC,Gates,37073,Libertarian,33
NC,Gates,37073,Green,3
NC,Gates,37073,NoLabels,0
NC,Graham,37075,Democratic,902
NC,Graham,37075,Republican,3271
NC,Graham,37075,Unaffiliated,2053
NC,Graham,37075,Libertarian,27
NC,Graham,37075,Green,0
NC,Graham,37075,NoLabels,0
NC,Granville,37077,Democratic,14684
NC,Granville,37077,Republican,11722
NC,Granville,37077,Unaffiliated,15185
NC,Granville,37077,Libertarian,225
NC,Granville,37077,Green,10
NC,Granville,37077,NoLabels,0
NC,Greene,37079,Democratic,4254
NC,Greene,37079,Republican,2746
NC,Greene,37079,Unaffiliated,3976
NC,Greene,37079,Libertarian,29
NC,Greene,37079,Green,6
NC,Greene,37079,NoLabels,0
NC,Guilford,37081,Democratic,152238
NC,Guilford,37081,Republican,88631
NC,Guilford,37081,Unaffiliated,149606
NC,Guilford,37081,Libertarian,1978
NC,Guilford,37081,Green,247
NC,Guilford,37081,NoLabels,0
NC,Halifax,37083,Democratic,18264
NC,Halifax,37083,Republican,4848
NC,Halifax,37083,Unaffiliated,11429
NC,Halifax,37083,Libertarian,95
NC,Halifax,37083,Green,8
NC,Halifax,37083,NoLabels,0
NC,Harnett,37085,Democratic,24205
NC,Harnett,37085,Republican,34654
NC,Harnett,37085,Unaffiliated,36004
NC,Harnett,37085,Libertarian,802
NC,Harnett,37085,Green,79
NC,Harnett,37085,NoLabels,0
NC,Haywood,37087,Democratic,10811
NC,Haywood,37087,Republican,17347
NC,Haywood,37087,Unaffiliated,19738
NC,Haywood,37087,Libertarian,311
NC,Haywood,37087,Green,32
NC,Haywood,37087,NoLabels,0
NC,Henderson,37089,Democratic,16945
NC,Henderson,37089,Republican,32537
NC,Henderson,37089,Unaffiliated,41958
NC,Henderson,37089,Libertarian,623
NC,Henderson,37089,Green,64
NC,Henderson,37089,NoLabels,0
NC,Hertford,37091,Democratic,7919
NC,Hertford,37091,Republican,1717
NC,Hertford,37091,Unaffiliated,3964
NC,Hertford,37091,Libertarian,41
NC,Hertford,37091,Green,5
NC,Hertford,37091,NoLabels,0
NC,Hoke,37093,Democratic,12949
NC,Hoke,37093,Republican,8121
NC,Hoke,37093,Unaffiliated,15543
NC,Hoke,37093,Libertarian,308
NC,Hoke,37093,Green,27
NC,Hoke,37093,NoLabels,0
NC,Hyde,37095,Democratic,1138
NC,Hyde,37095,Republican,741
NC,Hyde,37095,Unaffiliated,1147
NC,Hyde,37095,Libertarian,13
NC,Hyde,37095,Green,0
NC,Hyde,37095,NoLabels,0
NC,Iredell,37097,Democratic,27551
NC,Iredell,37097,Republican,61634
NC,Iredell,37097,Unaffiliated,59443
NC,Iredell,37097,Libertarian,910
NC,Iredell,37097,Green,52
NC,Iredell,37097,NoLabels,0
NC,Jackson,37099,Democratic,7596
NC,Jackson,37099,Republican,8868
NC,Jackson,37099,Unaffiliated,14035
NC,Jackson,37099,Libertarian,227
NC,Jackson,37099,Green,28
NC,Jackson,37099,NoLabels,0
NC,Johnston,37101,Democratic,41020
NC,Johnston,37101,Republican,61653
NC,Johnston,37101,Unaffiliated,66382
NC,Johnston,37101,Libertarian,1189
NC,Johnston,37101,Green,93
NC,Johnston,37101,NoLabels,0
NC,Jones,37103,Democratic,2116
NC,Jones,37103,Republican,2417
NC,Jones,37103,Unaffiliated,2492
NC,Jones,37103,Libertarian,30
NC,Jones,37103,Green,0
NC,Jones,37103,NoLabels,0
NC,Lee,37105,Democratic,11939
NC,Lee,37105,Republican,12985
NC,Lee,37105,Unaffiliated,16322
NC,Lee,37105,Libertarian,316
NC,Lee,37105,Green,24
NC,Lee,37105,NoLabels,0
NC,Lenoir,37107,Democratic,14607
NC,Lenoir,37107,Republican,10706
NC,Lenoir,37107,Unaffiliated,12593
NC,Lenoir,37107,Libertarian,133
NC,Lenoir,37107,Green,20
NC,Lenoir,37107,NoLabels,0
NC,Lincoln,37109,Democratic,11069
NC,Lincoln,37109,Republican,33979
NC,Lincoln,37109,Unaffiliated,25001
NC,Lincoln,37109,Libertarian,414
NC,Lincoln,37109,Green,21
NC,Lincoln,37109,NoLabels,0
NC,Macon,37111,Democratic,4480
NC,Macon,37111,Republican,12755
NC,Macon,37111,Unaffiliated,12171
NC,Macon,37111,Libertarian,183
NC,Macon,37111,Green,12
NC,Macon,37111,NoLabels,0
NC,Madison,37113,Democratic,4490
NC,Madison,37113,Republican,5124
NC,Madison,37113,Unaffiliated,7931
NC,Madison,37113,Libertarian,119
NC,Madison,37113,Green,15
NC,Madison,37113,NoLabels,0
NC,Martin,37115,Democratic,6821
NC,Martin,37115,Republican,3679
NC,Martin,37115,Unaffiliated,5913
NC,Martin,37115,Libertarian,62
NC,Martin,37115,Green,7
NC,Martin,37115,NoLabels,0
NC,McDowell,37117,Democratic,4842
NC,McDowell,37117,Republican,13961
NC,McDowell,37117,Unaffiliated,12139
NC,McDowell,37117,Libertarian,183
NC,McDowell,37117,Green,12
NC,McDowell,37117,NoLabels,0
NC,Mecklenburg,37119,Democratic,322076
NC,Mecklenburg,37119,Republican,157300
NC,Mecklenburg,37119,Unaffiliated,350045
NC,Mecklenburg,37119,Libertarian,5408
NC,Mecklenburg,37119,Green,584
NC,Mecklenburg,37119,NoLabels,0
NC,Mitchell,37121,Democratic,922
NC,Mitchell,37121,Republican,6389
NC,Mitchell,37121,Unaffiliated,3850
NC,Mitchell,37121,Libertarian,53
NC,Mitchell,37121,Green,4
NC,Mitchell,37121,NoLabels,0
NC,Montgomery,37123,Democratic,4352
NC,Montgomery,37123,Republican,6748
NC,Montgomery,37123,Unaffiliated,6101
NC,Montgomery,37123,Libertarian,73
NC,Montgomery,37123,Green,7
NC,Montgomery,37123,NoLabels,0
NC,Moore,37125,Democratic,14711
NC,Moore,37125,Republican,33686
NC,Moore,37125,Unaffiliated,32133
NC,Moore,37125,Libertarian,602
NC,Moore,37125,Green,26
NC,Moore,37125,NoLabels,0
NC,Nash,37127,Democratic,25149
NC,Nash,37127,Republican,19939
NC,Nash,37127,Unaffiliated,25835
NC,Nash,37127,Libertarian,266
NC,Nash,37127,Green,23
NC,Nash,37127,NoLabels,0
NC,New Hanover,37129,Democratic,49155
NC,New Hanover,37129,Republican,54826
NC,New Hanover,37129,Unaffiliated,82472
NC,New Hanover,37129,Libertarian,1348
NC,New Hanover,37129,Green,137
NC,New Hanover,37129,NoLabels,0
NC,Northampton,37131,Democratic,6994
NC,Northampton,37131,Republican,1649
NC,Northampton,37131,Unaffiliated,4105
NC,Northampton,37131,Libertarian,32
NC,Northampton,37131,Green,2
NC,Northampton,37131,NoLabels,0
NC,Onslow,37133,Democratic,21718
NC,Onslow,37133,Republican,51280
NC,Onslow,37133,Unaffiliated,59472
NC,Onslow,37133,Libertarian,1667
NC,Onslow,37133,Green,78
NC,Onslow,37133,NoLabels,0
NC,Orange,37135,Democratic,49281
NC,Orange,37135,Republican,13122
NC,Orange,37135,Unaffiliated,48898
NC,Orange,37135,Libertarian,461
NC,Orange,37135,Green,84
NC,Orange,37135,NoLabels,0
NC,Pamlico,37137,Democratic,2440
NC,Pamlico,37137,Republican,4329
NC,Pamlico,37137,Unaffiliated,3471
NC,Pamlico,37137,Libertarian,51
NC,Pamlico,37137,Green,5
NC,Pamlico,37137,NoLabels,0
NC,Pasquotank,37139,Democratic,9559
NC,Pasquotank,37139,Republican,8116
NC,Pasquotank,37139,Unaffiliated,13188
NC,Pasquotank,37139,Libertarian,196
NC,Pasquotank,37139,Green,19
NC,Pasquotank,37139,NoLabels,0
NC,Pender,37141,Democratic,10058
NC,Pender,37141,Republican,22322
NC,Pender,37141,Unaffiliated,21399
NC,Pender,37141,Libertarian,402
NC,Pender,37141,Green,17
NC,Pender,37141,NoLabels,0
NC,Perquimans,37143,Democratic,2446
NC,Perquimans,37143,Republican,3910
NC,Perquimans,37143,Unaffiliated,4237
NC,Perquimans,37143,Libertarian,52
NC,Perquimans,37143,Green,3
NC,Perquimans,37143,NoLabels,0
NC,Person,37145,Democratic,8712
NC,Person,37145,Republican,8801
NC,Person,37145,Unaffiliated,10649
NC,Person,37145,Libertarian,129
NC,Person,37145,Green,9
NC,Person,37145,NoLabels,0
NC,Pitt,37147,Democratic,45249
NC,Pitt,37147,Republican,31189
NC,Pitt,37147,Unaffiliated,49067
NC,Pitt,37147,Libertarian,676
NC,Pitt,37147,Green,77
NC,Pitt,37147,NoLabels,0
NC,Polk,37149,Democratic,3386
NC,Polk,37149,Republican,6669
NC,Polk,37149,Unaffiliated,7117
NC,Polk,37149,Libertarian,105
NC,Polk,37149,Green,3
NC,Polk,37149,NoLabels,0
NC,Randolph,37151,Democratic,13822
NC,Randolph,37151,Republican,51808
NC,Randolph,37151,Unaffiliated,33075
NC,Randolph,37151,Libertarian,531
NC,Randolph,37151,Green,27
NC,Randolph,37151,NoLabels,0
NC,Richmond,37153,Democratic,10370
NC,Richmond,37153,Republican,8212
NC,Richmond,37153,Unaffiliated,9750
NC,Richmond,37153,Libertarian,108
NC,Richmond,37153,Green,15
NC,Richmond,37153,NoLabels,0
NC,Robeson,37155,Democratic,29602
NC,Robeson,37155,Republican,16267
NC,Robeson,37155,Unaffiliated,30990
NC,Robeson,37155,Libertarian,226
NC,Robeson,37155,Green,30
NC,Robeson,37155,NoLabels,0
NC,Rockingham,37157,Democratic,15816
NC,Rockingham,37157,Republican,26332
NC,Rockingham,37157,Unaffiliated,21525
NC,Rockingham,37157,Libertarian,325
NC,Rockingham,37157,Green,28
NC,Rockingham,37157,NoLabels,0
NC,Rowan,37159,Democratic,21474
NC,Rowan,37159,Republican,43768
NC,Rowan,37159,Unaffiliated,35583
NC,Rowan,37159,Libertarian,624
NC,Rowan,37159,Green,49
NC,Rowan,37159,NoLabels,0
NC,Rutherford,37161,Democratic,8449
NC,Rutherford,37161,Republican,21236
NC,Rutherford,37161,Unaffiliated,17305
NC,Rutherford,37161,Libertarian,237
NC,Rutherford,37161,Green,21
NC,Rutherford,37161,NoLabels,0
NC,Sampson,37163,Democratic,11478
NC,Sampson,37163,Republican,16007
NC,Sampson,37163,Unaffiliated,11027
NC,Sampson,37163,Libertarian,175
NC,Sampson,37163,Green,20
NC,Sampson,37163,NoLabels,0
NC,Scotland,37165,Democratic,8356
NC,Scotland,37165,Republican,5090
NC,Scotland,37165,Unaffiliated,8356
NC,Scotland,37165,Libertarian,77
NC,Scotland,37165,Green,12
NC,Scotland,37165,NoLabels,0
NC,Stanly,37167,Democratic,7901
NC,Stanly,37167,Republican,22841
NC,Stanly,37167,Unaffiliated,16155
NC,Stanly,37167,Libertarian,236
NC,Stanly,37167,Green,36
NC,Stanly,37167,NoLabels,0
NC,Stokes,37169,Democratic,4609
NC,Stokes,37169,Republican,18146
NC,Stokes,37169,Unaffiliated,10795
NC,Stokes,37169,Libertarian,198
NC,Stokes,37169,Green,19
NC,Stokes,37169,NoLabels,0
NC,Surry,37171,Democratic,7908
NC,Surry,37171,Republican,23632
NC,Surry,37171,Unaffiliated,16986
NC,Surry,37171,Libertarian,215
NC,Surry,37171,Green,18
NC,Surry,37171,NoLabels,0
NC,Swain,37173,Democratic,2430
NC,Swain,37173,Republican,3376
NC,Swain,37173,Unaffiliated,4163
NC,Swain,37173,Libertarian,78
NC,Swain,37173,Green,13
NC,Swain,37173,NoLabels,0
NC,Transylvania,37175,Democratic,5385
NC,Transylvania,37175,Republican,8641
NC,Transylvania,37175,Unaffiliated,12565
NC,Transylvania,37175,Libertarian,153
NC,Transylvania,37175,Green,10
NC,Transylvania,37175,NoLabels,0
NC,Tyrrell,37177,Democratic,923
NC,Tyrrell,37177,Republican,505
NC,Tyrrell,37177,Unaffiliated,917
NC,Tyrrell,37177,Libertarian,12
NC,Tyrrell,37177,Green,1
NC,Tyrrell,37177,NoLabels,0
NC,Union,37179,Democratic,38437
NC,Union,37179,Republican,72273
NC,Union,37179,Unaffiliated,72354
NC,Union,37179,Libertarian,1117
NC,Union,37179,Green,86
NC,Union,37179,NoLabels,0
NC,Vance,37181,Democratic,14493
NC,Vance,37181,Republican,5335
NC,Vance,37181,Unaffiliated,8134
NC,Vance,37181,Libertarian,110
NC,Vance,37181,Green,11
NC,Vance,37181,NoLabels,0
NC,Wake,37183,Democratic,281833
NC,Wake,37183,Republican,173052
NC,Wake,37183,Unaffiliated,394576
NC,Wake,37183,Libertarian,5357
NC,Wake,37183,Green,650
NC,Wake,37183,NoLabels,0
NC,Warren,37185,Democratic,7302
NC,Warren,37185,Republican,2554
NC,Warren,37185,Unaffiliated,3580
NC,Warren,37185,Libertarian,43
NC,Warren,37185,Green,3
NC,Warren,37185,NoLabels,0
NC,Washington,37187,Democratic,4141
NC,Washington,37187,Republican,1552
NC,Washington,37187,Unaffiliated,2518
NC,Washington,37187,Libertarian,23
NC,Washington,37187,Green,2
NC,Washington,37187,NoLabels,0
NC,Watauga,37189,Democratic,10453
NC,Watauga,37189,Republican,12291
NC,Watauga,37189,Unaffiliated,21145
NC,Watauga,37189,Libertarian,301
NC,Watauga,37189,Green,61
NC,Watauga,37189,NoLabels,0
NC,Wayne,37191,Democratic,25230
NC,Wayne,37191,Republican,26789
NC,Wayne,37191,Unaffiliated,24413
NC,Wayne,37191,Libertarian,430
NC,Wayne,37191,Green,36
NC,Wayne,37191,NoLabels,0
NC,Wilkes,37193,Democratic,5862
NC,Wilkes,37193,Republican,25215
NC,Wilkes,37193,Unaffiliated,14037
NC,Wilkes,37193,Libertarian,187
NC,Wilkes,37193,Green,10
NC,Wilkes,37193,NoLabels,0
NC,Wilson,37195,Democratic,22447
NC,Wilson,37195,Republican,14111
NC,Wilson,37195,Unaffiliated,18101
NC,Wilson,37195,Libertarian,232
NC,Wilson,37195,Green,28
NC,Wilson,37195,NoLabels,0
NC,Yadkin,37197,Democratic,2669
NC,Yadkin,37197,Republican,14721
NC,Yadkin,37197,Unaffiliated,8152
NC,Yadkin,37197,Libertarian,120
NC,Yadkin,37197,Green,5
NC,Yadkin,37197,NoLabels,0
NC,Yancey,37199,Democratic,3308
NC,Yancey,37199,Republican,5529
NC,Yancey,37199,Unaffiliated,5543
NC,Yancey,37199,Libertarian,81
NC,Yancey,37199,Green,9
NC,Yancey,37199,NoLabels,0
NE,Adams,31001,Republican,11582
NE,Adams,31001,Democratic,3580
NE,Adams,31001,Nonpartisan,3668
NE,Adams,31001,Libertarian,242
NE,Adams,31001,Other,138
NE,Antelope,31003,Republican,3294
NE,Antelope,31003,Democratic,467
NE,Antelope,31003,Nonpartisan,525
NE,Antelope,31003,Libertarian,28
NE,Antelope,31003,Other,15
NE,Arthur,31005,Republican,291
NE,Arthur,31005,Democratic,16
NE,Arthur,31005,Nonpartisan,19
NE,Arthur,31005,Libertarian,2
NE,Arthur,31005,Other,0
NE,Banner,31007,Republican,434
NE,Banner,31007,Democratic,21
NE,Banner,31007,Nonpartisan,60
NE,Banner,31007,Libertarian,8
NE,Banner,31007,Other,0
NE,Blaine,31009,Republican,300
NE,Blaine,31009,Democratic,21
NE,Blaine,31009,Nonpartisan,29
NE,Blaine,31009,Libertarian,4
NE,Blaine,31009,Other,0
NE,Boone,31011,Republican,2694
NE,Boone,31011,Democratic,489
NE,Boone,31011,Nonpartisan,392
NE,Boone,31011,Libertarian,26
NE,Boone,31011,Other,11
NE,Box Butte,31013,Republican,4357
NE,Box Butte,31013,Democratic,1012
NE,Box Butte,31013,Nonpartisan,1317
NE,Box Butte,31013,Libertarian,86
NE,Box Butte,31013,Other,43
NE,Boyd,31015,Republican,983
NE,Boyd,31015,Democratic,125
NE,Boyd,31015,Nonpartisan,132
NE,Boyd,31015,Libertarian,5
NE,Boyd,31015,Other,2
NE,Brown,31017,Republican,1723
NE,Brown,31017,Democratic,130
NE,Brown,31017,Nonpartisan,181
NE,Brown,31017,Libertarian,9
NE,Brown,31017,Other,10
NE,Buffalo,31019,Republican,19317
NE,Buffalo,31019,Democratic,5205
NE,Buffalo,31019,Nonpartisan,5868
NE,Buffalo,31019,Libertarian,482
NE,Buffalo,31019,Other,198
NE,Burt,31021,Republican,2886
NE,Burt,31021,Democratic,952
NE,Burt,31021,Nonpartisan,895
NE,Burt,31021,Libertarian,57
NE,Burt,31021,Other,28
NE,Butler,31023,Republican,3910
NE,Butler,31023,Democratic,913
NE,Butler,31023,Nonpartisan,879
NE,Butler,31023,Libertarian,44
NE,Butler,31023,Other,16
NE,Cass,31025,Republican,10683
NE,Cass,31025,Democratic,3690
NE,Cass,31025,Nonpartisan,4769
NE,Cass,31025,Libertarian,342
NE,Cass,31025,Other,132
NE,Cedar,31027,Republican,4102
NE,Cedar,31027,Democratic,833
NE,Cedar,31027,Nonpartisan,758
NE,Cedar,31027,Libertarian,43
NE,Cedar,31027,Other,22
NE,Chase,31029,Republican,1885
NE,Chase,31029,Democratic,200
NE,Chase,31029,Nonpartisan,272
NE,Chase,31029,Libertarian,19
NE,Chase,31029,Other,8
NE,Cherry,31031,Republican,2961
NE,Cherry,31031,Democratic,287
NE,Cherry,31031,Nonpartisan,365
NE,Cherry,31031,Libertarian,28
NE,Cherry,31031,Other,15
NE,Cheyenne,31033,Republican,4215
NE,Cheyenne,31033,Democratic,708
NE,Cheyenne,31033,Nonpartisan,1218
NE,Cheyenne,31033,Libertarian,89
NE,Cheyenne,31033,Other,38
NE,Clay,31035,Republican,2973
NE,Clay,31035,Democratic,521
NE,Clay,31035,Nonpartisan,553
NE,Clay,31035,Libertarian,42
NE,Clay,31035,Other,17
NE,Colfax,31037,Republican,2856
NE,Colfax,31037,Democratic,1403
NE,Colfax,31037,Nonpartisan,778
NE,Colfax,31037,Libertarian,59
NE,Colfax,31037,Other,25
NE,Cuming,31039,Republican,3960
NE,Cuming,31039,Democratic,816
NE,Cuming,31039,Nonpartisan,943
NE,Cuming,31039,Libertarian,43
NE,Cuming,31039,Other,20
NE,Custer,31041,Republican,5799
NE,Custer,31041,Democratic,754
NE,Custer,31041,Nonpartisan,1022
NE,Custer,31041,Libertarian,75
NE,Custer,31041,Other,22
NE,Dakota,31043,Republican,4033
NE,Dakota,31043,Democratic,3536
NE,Dakota,31043,Nonpartisan,2660
NE,Dakota,31043,Libertarian,137
NE,Dakota,31043,Other,68
NE,Dawes,31045,Republican,3128
NE,Dawes,31045,Democratic,798
NE,Dawes,31045,Nonpartisan,950
NE,Dawes,31045,Libertarian,68
NE,Dawes,31045,Other,27
NE,Dawson,31047,Republican,7611
NE,Dawson,31047,Democratic,2757
NE,Dawson,31047,Nonpartisan,2260
NE,Dawson,31047,Libertarian,139
NE,Dawson,31047,Other,87
NE,Deuel,31049,Republican,1036
NE,Deuel,31049,Democratic,123
NE,Deuel,31049,Nonpartisan,228
NE,Deuel,31049,Libertarian,13
NE,Deuel,31049,Other,5
NE,Dixon,31051,Republican,2340
NE,Dixon,31051,Democratic,584
NE,Dixon,31051,Nonpartisan,534
NE,Dixon,31051,Libertarian,34
NE,Dixon,31051,Other,16
NE,Dodge,31053,Republican,11906
NE,Dodge,31053,Democratic,4943
NE,Dodge,31053,Nonpartisan,4800
NE,Dodge,31053,Libertarian,352
NE,Dodge,31053,Other,218
NE,Douglas,31055,Republican,129314
NE,Douglas,31055,Democratic,133019
NE,Douglas,31055,Nonpartisan,95627
NE,Douglas,31055,Libertarian,5559
NE,Douglas,31055,Other,4309
NE,Dundy,31057,Republican,937
NE,Dundy,31057,Democratic,87
NE,Dundy,31057,Nonpartisan,156
NE,Dundy,31057,Libertarian,11
NE,Dundy,31057,Other,3
NE,Fillmore,31059,Republican,2680
NE,Fillmore,31059,Democratic,594
NE,Fillmore,31059,Nonpartisan,594
NE,Fillmore,31059,Libertarian,49
NE,Fillmore,31059,Other,15
NE,Franklin,31061,Republican,1515
NE,Franklin,31061,Democratic,221
NE,Franklin,31061,Nonpartisan,305
NE,Franklin,31061,Libertarian,22
NE,Franklin,31061,Other,7
NE,Frontier,31063,Republican,1383
NE,Frontier,31063,Democratic,162
NE,Frontier,31063,Nonpartisan,214
NE,Frontier,31063,Libertarian,13
NE,Frontier,31063,Other,9
NE,Furnas,31065,Republican,2404
NE,Furnas,31065,Democratic,347
NE,Furnas,31065,Nonpartisan,510
NE,Furnas,31065,Libertarian,37
NE,Furnas,31065,Other,14
NE,Gage,31067,Republican,8347
NE,Gage,31067,Democratic,2787
NE,Gage,31067,Nonpartisan,3107
NE,Gage,31067,Libertarian,165
NE,Gage,31067,Other,122
NE,Garden,31069,Republican,1014
NE,Garden,31069,Democratic,109
NE,Garden,31069,Nonpartisan,159
NE,Garden,31069,Libertarian,14
NE,Garden,31069,Other,3
NE,Garfield,31071,Republican,1071
NE,Garfield,31071,Democratic,97
NE,Garfield,31071,Nonpartisan,103
NE,Garfield,31071,Libertarian,9
NE,Garfield,31071,Other,4
NE,Gosper,31073,Republican,1072
NE,Gosper,31073,Democratic,127
NE,Gosper,31073,Nonpartisan,191
NE,Gosper,31073,Libertarian,9
NE,Gosper,31073,Other,4
NE,Grant,31075,Republican,385
NE,Grant,31075,Democratic,20
NE,Grant,31075,Nonpartisan,27
NE,Grant,31075,Libertarian,1
NE,Grant,31075,Other,0
NE,Greeley,31077,Republican,1077
NE,Greeley,31077,Democratic,318
NE,Greeley,31077,Nonpartisan,146
NE,Greeley,31077,Libertarian,7
NE,Greeley,31077,Other,4
NE,Hall,31079,Republican,17700
NE,Hall,31079,Democratic,7177
NE,Hall,31079,Nonpartisan,7226
NE,Hall,31079,Libertarian,455
NE,Hall,31079,Other,241
NE,Hamilton,31081,Republican,4896
NE,Hamilton,31081,Democratic,843
NE,Hamilton,31081,Nonpartisan,1029
NE,Hamilton,31081,Libertarian,71
NE,Hamilton,31081,Other,31
NE,Harlan,31083,Republican,1688
NE,Harlan,31083,Democratic,284
NE,Harlan,31083,Nonpartisan,325
NE,Harlan,31083,Libertarian,14
NE,Harlan,31083,Other,7
NE,Hayes,31085,Republican,524
NE,Hayes,31085,Democratic,22
NE,Hayes,31085,Nonpartisan,57
NE,Hayes,31085,Libertarian,6
NE,Hayes,31085,Other,2
NE,Hitchcock,31087,Republican,1385
NE,Hitchcock,31087,Democratic,163
NE,Hitchcock,31087,Nonpartisan,279
NE,Hitchcock,31087,Libertarian,22
NE,Hitchcock,31087,Other,3
NE,Holt,31089,Republican,5503
NE,Holt,31089,Democratic,696
NE,Holt,31089,Nonpartisan,722
NE,Holt,31089,Libertarian,40
NE,Holt,31089,Other,25
NE,Hooker,31091,Republican,433
NE,Hooker,31091,Democratic,49
NE,Hooker,31091,Nonpartisan,50
NE,Hooker,31091,Libertarian,2
NE,Hooker,31091,Other,0
NE,Howard,31093,Republican,3221
NE,Howard,31093,Democratic,732
NE,Howard,31093,Nonpartisan,638
NE,Howard,31093,Libertarian,58
NE,Howard,31093,Other,11
NE,Jefferson,31095,Republican,2955
NE,Jefferson,31095,Democratic,808
NE,Jefferson,31095,Nonpartisan,830
NE,Jefferson,31095,Libertarian,54
NE,Jefferson,31095,Other,40
NE,Johnson,31097,Republican,1688
NE,Johnson,31097,Democratic,556
NE,Johnson,31097,Nonpartisan,486
NE,Johnson,31097,Libertarian,35
NE,Johnson,31097,Other,10
NE,Kearney,31099,Republican,3292
NE,Kearney,31099,Democratic,609
NE,Kearney,31099,Nonpartisan,662
NE,Kearney,31099,Libertarian,69
NE,Kearney,31099,Other,16
NE,Keith,31101,Republican,3923
NE,Keith,31101,Democratic,655
NE,Keith,31101,Nonpartisan,1055
NE,Keith,31101,Libertarian,58
NE,Keith,31101,Other,23
NE,Keya Paha,31103,Republican,560
NE,Keya Paha,31103,Democratic,35
NE,Keya Paha,31103,Nonpartisan,21
NE,Keya Paha,31103,Libertarian,2
NE,Keya Paha,31103,Other,0
NE,Kimball,31105,Republican,1828
NE,Kimball,31105,Democratic,285
NE,Kimball,31105,Nonpartisan,399
NE,Kimball,31105,Libertarian,30
NE,Kimball,31105,Other,10
NE,Knox,31107,Republican,3779
NE,Knox,31107,Democratic,915
NE,Knox,31107,Nonpartisan,715
NE,Knox,31107,Libertarian,40
NE,Knox,31107,Other,29
NE,Lancaster,31109,Republican,83155
NE,Lancaster,31109,Democratic,68325
NE,Lancaster,31109,Nonpartisan,51015
NE,Lancaster,31109,Libertarian,3222
NE,Lancaster,31109,Other,1881
NE,Lincoln,31111,Republican,14560
NE,Lincoln,31111,Democratic,3756
NE,Lincoln,31111,Nonpartisan,4283
NE,Lincoln,31111,Libertarian,330
NE,Lincoln,31111,Other,173
NE,Logan,31113,Republican,443
NE,Logan,31113,Democratic,36
NE,Logan,31113,Nonpartisan,61
NE,Logan,31113,Libertarian,6
NE,Logan,31113,Other,0
NE,Loup,31115,Republican,412
NE,Loup,31115,Democratic,60
NE,Loup,31115,Nonpartisan,33
NE,Loup,31115,Libertarian,2
NE,Loup,31115,Other,1
NE,Madison,31119,Republican,13543
NE,Madison,31119,Democratic,3310
NE,Madison,31119,Nonpartisan,3829
NE,Madison,31119,Libertarian,246
NE,Madison,31119,Other,163
NE,McPherson,31117,Republican,290
NE,McPherson,31117,Democratic,18
NE,McPherson,31117,Nonpartisan,16
NE,McPherson,31117,Libertarian,5
NE,McPherson,31117,Other,0
NE,Merrick,31121,Republican,3925
NE,Merrick,31121,Democratic,610
NE,Merrick,31121,Nonpartisan,738
NE,Merrick,31121,Libertarian,45
NE,Merrick,31121,Other,20
NE,Morrill,31123,Republican,2241
NE,Morrill,31123,Democratic,309
NE,Morrill,31123,Nonpartisan,395
NE,Morrill,31123,Libertarian,26
NE,Morrill,31123,Other,12
NE,Nance,31125,Republican,1634
NE,Nance,31125,Democratic,436
NE,Nance,31125,Nonpartisan,293
NE,Nance,31125,Libertarian,24
NE,Nance,31125,Other,11
NE,Nemaha,31127,Republican,2675
NE,Nemaha,31127,Democratic,786
NE,Nemaha,31127,Nonpartisan,917
NE,Nemaha,31127,Libertarian,70
NE,Nemaha,31127,Other,24
NE,Nuckolls,31129,Republican,2105
NE,Nuckolls,31129,Democratic,448
NE,Nuckolls,31129,Nonpartisan,445
NE,Nuckolls,31129,Libertarian,23
NE,Nuckolls,31129,Other,20
NE,Otoe,31131,Republican,6243
NE,Otoe,31131,Democratic,2017
NE,Otoe,31131,Nonpartisan,2293
NE,Otoe,31131,Libertarian,140
NE,Otoe,31131,Other,58
NE,Pawnee,31133,Republican,1184
NE,Pawnee,31133,Democratic,296
NE,Pawnee,31133,Nonpartisan,256
NE,Pawnee,31133,Libertarian,19
NE,Pawnee,31133,Other,11
NE,Perkins,31135,Republican,1405
NE,Perkins,31135,Democratic,184
NE,Perkins,31135,Nonpartisan,237
NE,Perkins,31135,Libertarian,16
NE,Perkins,31135,Other,6
NE,Phelps,31137,Republican,4559
NE,Phelps,31137,Democratic,653
NE,Phelps,31137,Nonpartisan,813
NE,Phelps,31137,Libertarian,75
NE,Phelps,31137,Other,30
NE,Pierce,31139,Republican,3807
NE,Pierce,31139,Democratic,427
NE,Pierce,31139,Nonpartisan,706
NE,Pierce,31139,Libertarian,46
NE,Pierce,31139,Other,21
NE,Platte,31141,Republican,13453
NE,Platte,31141,Democratic,3386
NE,Platte,31141,Nonpartisan,3271
NE,Platte,31141,Libertarian,214
NE,Platte,31141,Other,125
NE,Polk,31143,Republican,2595
NE,Polk,31143,Democratic,469
NE,Polk,31143,Nonpartisan,498
NE,Polk,31143,Libertarian,42
NE,Polk,31143,Other,11
NE,Red Willow,31145,Republican,4969
NE,Red Willow,31145,Democratic,767
NE,Red Willow,31145,Nonpartisan,1158
NE,Red Willow,31145,Libertarian,78
NE,Red Willow,31145,Other,33
NE,Richardson,31147,Republican,3243
NE,Richardson,31147,Democratic,1005
NE,Richardson,31147,Nonpartisan,852
NE,Richardson,31147,Libertarian,36
NE,Richardson,31147,Other,36
NE,Rock,31149,Republican,923
NE,Rock,31149,Democratic,65
NE,Rock,31149,Nonpartisan,61
NE,Rock,31149,Libertarian,6
NE,Rock,31149,Other,1
NE,Saline,31151,Republican,3859
NE,Saline,31151,Democratic,2155
NE,Saline,31151,Nonpartisan,1514
NE,Saline,31151,Libertarian,100
NE,Saline,31151,Other,41
NE,Sarpy,31153,Republican,58017
NE,Sarpy,31153,Democratic,33528
NE,Sarpy,31153,Nonpartisan,36517
NE,Sarpy,31153,Libertarian,2273
NE,Sarpy,31153,Other,1064
NE,Saunders,31155,Republican,10642
NE,Saunders,31155,Democratic,2827
NE,Saunders,31155,Nonpartisan,3056
NE,Saunders,31155,Libertarian,206
NE,Saunders,31155,Other,80
NE,Scotts Bluff,31157,Republican,12917
NE,Scotts Bluff,31157,Democratic,4212
NE,Scotts Bluff,31157,Nonpartisan,4869
NE,Scotts Bluff,31157,Libertarian,308
NE,Scotts Bluff,31157,Other,179
NE,Seward,31159,Republican,7237
NE,Seward,31159,Democratic,1930
NE,Seward,31159,Nonpartisan,2235
NE,Seward,31159,Libertarian,149
NE,Seward,31159,Other,40
NE,Sheridan,31161,Republican,2476
NE,Sheridan,31161,Democratic,343
NE,Sheridan,31161,Nonpartisan,450
NE,Sheridan,31161,Libertarian,25
NE,Sheridan,31161,Other,16
NE,Sherman,31163,Republican,1391
NE,Sherman,31163,Democratic,447
NE,Sherman,31163,Nonpartisan,215
NE,Sherman,31163,Libertarian,17
NE,Sherman,31163,Other,7
NE,Sioux,31165,Republican,685
NE,Sioux,31165,Democratic,59
NE,Sioux,31165,Nonpartisan,88
NE,Sioux,31165,Libertarian,6
NE,Sioux,31165,Other,2
NE,Stanton,31167,Republican,2822
NE,Stanton,31167,Democratic,438
NE,Stanton,31167,Nonpartisan,459
NE,Stanton,31167,Libertarian,37
NE,Stanton,31167,Other,17
NE,Thayer,31169,Republican,2455
NE,Thayer,31169,Democratic,509
NE,Thayer,31169,Nonpartisan,513
NE,Thayer,31169,Libertarian,31
NE,Thayer,31169,Other,14
NE,Thomas,31171,Republican,392
NE,Thomas,31171,Democratic,30
NE,Thomas,31171,Nonpartisan,60
NE,Thomas,31171,Libertarian,1
NE,Thomas,31171,Other,5
NE,Thurston,31173,Republican,1326
NE,Thurston,31173,Democratic,1708
NE,Thurston,31173,Nonpartisan,651
NE,Thurston,31173,Libertarian,32
NE,Thurston,31173,Other,52
NE,Valley,31175,Republican,2215
NE,Valley,31175,Democratic,395
NE,Valley,31175,Nonpartisan,342
NE,Valley,31175,Libertarian,16
NE,Valley,31175,Other,8
NE,Washington,31177,Republican,9300
NE,Washington,31177,Democratic,2590
NE,Washington,31177,Nonpartisan,3263
NE,Washington,31177,Libertarian,218
NE,Washington,31177,Other,88
NE,Wayne,31179,Republican,3421
NE,Wayne,31179,Democratic,840
NE,Wayne,31179,Nonpartisan,856
NE,Wayne,31179,Libertarian,87
NE,Wayne,31179,Other,22
NE,Webster,31181,Republican,1626
NE,Webster,31181,Democratic,278
NE,Webster,31181,Nonpartisan,330
NE,Webster,31181,Libertarian,31
NE,Webster,31181,Other,3
NE,Wheeler,31183,Republican,454
NE,Wheeler,31183,Democratic,65
NE,Wheeler,31183,Nonpartisan,43
NE,Wheeler,31183,Libertarian,6
NE,Wheeler,31183,Other,0
NE,York,31185,Republican,6257
NE,York,31185,Democratic,1287
NE,York,31185,Nonpartisan,1580
NE,York,31185,Libertarian,103
NE,York,31185,Other,52
NH,Acworth,,Undeclared,294
NH,Acworth,,Republican,238
NH,Acworth,,Democratic,173
NH,Albany,,Undeclared,199
NH,Albany,,Republican,173
NH,Albany,,Democratic,180
NH,Alexandria,,Undeclared,546
NH,Alexandria,,Republican,522
NH,Alexandria,,Democratic,228
NH,Allenstown,,Undeclared,1074
NH,Allenstown,,Republican,1182
NH,Allenstown,,Democratic,799
NH,Alstead,,Undeclared,646
NH,Alstead,,Republican,382
NH,Alstead,,Democratic,365
NH,Alton,,Undeclared,1699
NH,Alton,,Republican,2260
NH,Alton,,Democratic,815
NH,Amherst,,Undeclared,3459
NH,Amherst,,Republican,2885
NH,Amherst,,Democratic,2577
NH,Andover,,Undeclared,713
NH,Andover,,Republican,604
NH,Andover,,Democratic,602
NH,Antrim,,Undeclared,835
NH,Antrim,,Republican,668
NH,Antrim,,Democratic,465
NH,Ashland,,Undeclared,726
NH,Ashland,,Republican,422
NH,Ashland,,Democratic,337
NH,Atkinson,,Undeclared,2207
NH,Atkinson,,Republican,2457
NH,Atkinson,,Democratic,1158
NH,Auburn,,Undeclared,1628
NH,Auburn,,Republican,2020
NH,Auburn,,Democratic,912
NH,Barnstead,,Undeclared,1258
NH,Barnstead,,Republican,1559
NH,Barnstead,,Democratic,741
NH,Barrington,,Undeclared,2846
NH,Barrington,,Republican,2329
NH,Barrington,,Democratic,2021
NH,Bartlett,,Undeclared,1227
NH,Bartlett,,Republican,691
NH,Bartlett,,Democratic,836
NH,Bath,,Undeclared,336
NH,Bath,,Republican,314
NH,Bath,,Democratic,125
NH,Bedford,,Undeclared,6471
NH,Bedford,,Republican,6328
NH,Bedford,,Democratic,4092
NH,Belmont,,Undeclared,1529
NH,Belmont,,Republican,2329
NH,Belmont,,Democratic,1080
NH,Bennington,,Undeclared,405
NH,Bennington,,Republican,377
NH,Bennington,,Democratic,248
NH,Benton,,Undeclared,101
NH,Benton,,Republican,116
NH,Benton,,Democratic,42
NH,Berlin,,Undeclared,1864
NH,Berlin,,Republican,1397
NH,Berlin,,Democratic,1451
NH,Bethlehem,,Undeclared,838
NH,Bethlehem,,Republican,542
NH,Bethlehem,,Democratic,664
NH,Boscawen,,Undeclared,943
NH,Boscawen,,Republican,901
NH,Boscawen,,Democratic,607
NH,Bow,,Undeclared,2382
NH,Bow,,Republican,2014
NH,Bow,,Democratic,1851
NH,Bradford,,Undeclared,518
NH,Bradford,,Republican,406
NH,Bradford,,Democratic,322
NH,Brentwood,,Undeclared,1432
NH,Brentwood,,Republican,1136
NH,Brentwood,,Democratic,869
NH,Bridgewater,,Undeclared,399
NH,Bridgewater,,Republican,430
NH,Bridgewater,,Democratic,200
NH,Bristol,,Undeclared,913
NH,Bristol,,Republican,884
NH,Bristol,,Democratic,500
NH,Brookfield,,Undeclared,273
NH,Brookfield,,Republican,235
NH,Brookfield,,Democratic,106
NH,Brookline,,Undeclared,1812
NH,Brookline,,Republican,1358
NH,Brookline,,Democratic,916
NH,Cambridge,,Undeclared,2
NH,Cambridge,,Republican,6
NH,Cambridge,,Democratic,0
NH,Campton,,Undeclared,880
NH,Campton,,Republican,934
NH,Campton,,Democratic,737
NH,Canaan,,Undeclared,1151
NH,Canaan,,Republican,724
NH,Canaan,,Democratic,716
NH,Candia,,Undeclared,1165
NH,Candia,,Republican,1536
NH,Candia,,Democratic,618
NH,Canterbury,,Undeclared,949
NH,Canterbury,,Republican,532
NH,Canterbury,,Democratic,464
NH,Carroll,,Undeclared,214
NH,Carroll,,Republican,233
NH,Carroll,,Democratic,173
NH,Center Harbor,,Undeclared,334
NH,Center Harbor,,Republican,340
NH,Center Harbor,,Democratic,200
NH,Charlestown,,Undeclared,1250
NH,Charlestown,,Republican,1013
NH,Charlestown,,Democratic,773
NH,Chatham,,Undeclared,116
NH,Chatham,,Republican,96
NH,Chatham,,Democratic,56
NH,Chester,,Undeclared,1583
NH,Chester,,Republican,1684
NH,Chester,,Democratic,747
NH,Chesterfield,,Undeclared,1200
NH,Chesterfield,,Republican,770
NH,Chesterfield,,Democratic,842
NH,Chichester,,Undeclared,801
NH,Chichester,,Republican,870
NH,Chichester,,Democratic,383
NH,Claremont,,Undeclared,2362
NH,Claremont,,Republican,2299
NH,Claremont,,Democratic,2089
NH,Clarksville,,Undeclared,90
NH,Clarksville,,Republican,95
NH,Clarksville,,Democratic,31
NH,Colebrook,,Undeclared,604
NH,Colebrook,,Republican,589
NH,Colebrook,,Democratic,195
NH,Columbia,,Undeclared,213
NH,Columbia,,Republican,180
NH,Columbia,,Democratic,61
NH,Concord,,Undeclared,10565
NH,Concord,,Republican,6848
NH,Concord,,Democratic,10632
NH,Conway,,Undeclared,3047
NH,Conway,,Republican,2179
NH,Conway,,Democratic,2192
NH,Cornish,,Undeclared,489
NH,Cornish,,Republican,313
NH,Cornish,,Democratic,394
NH,Croydon,,Undeclared,333
NH,Croydon,,Republican,242
NH,Croydon,,Democratic,69
NH,Dalton,,Undeclared,373
NH,Dalton,,Republican,237
NH,Dalton,,Democratic,111
NH,Danbury,,Undeclared,427
NH,Danbury,,Republican,373
NH,Danbury,,Democratic,156
NH,Danville,,Undeclared,1191
NH,Danville,,Republican,1479
NH,Danville,,Democratic,601
NH,Deerfield,,Undeclared,1329
NH,Deerfield,,Republican,1623
NH,Deerfield,,Democratic,762
NH,Deering,,Undeclared,533
NH,Deering,,Republican,543
NH,Deering,,Democratic,258
NH,Derry,,Undeclared,7749
NH,Derry,,Republican,7854
NH,Derry,,Democratic,4890
NH,Dixville,,Undeclared,2
NH,Dixville,,Republican,4
NH,Dixville,,Democratic,0
NH,Dorchester,,Undeclared,102
NH,Dorchester,,Republican,119
NH,Dorchester,,Democratic,58
NH,Dover,,Undeclared,8212
NH,Dover,,Republican,5090
NH,Dover,,Democratic,8656
NH,Dublin,,Undeclared,505
NH,Dublin,,Republican,359
NH,Dublin,,Democratic,416
NH,Dummer,,Undeclared,113
NH,Dummer,,Republican,84
NH,Dummer,,Democratic,26
NH,Dunbarton,,Undeclared,934
NH,Dunbarton,,Republican,932
NH,Dunbarton,,Democratic,446
NH,Durham,,Undeclared,5284
NH,Durham,,Republican,1845
NH,Durham,,Democratic,5459
NH,East Kingston,,Undeclared,687
NH,East Kingston,,Republican,739
NH,East Kingston,,Democratic,415
NH,Easton,,Undeclared,129
NH,Easton,,Republican,53
NH,Easton,,Democratic,90
NH,Eaton,,Undeclared,158
NH,Eaton,,Republican,106
NH,Eaton,,Democratic,113
NH,Effingham,,Undeclared,561
NH,Effingham,,Republican,416
NH,Effingham,,Democratic,187
NH,Ellsworth,,Undeclared,54
NH,Ellsworth,,Republican,17
NH,Ellsworth,,Democratic,7
NH,Enfield,,Undeclared,1185
NH,Enfield,,Republican,872
NH,Enfield,,Democratic,1220
NH,Epping,,Undeclared,2493
NH,Epping,,Republican,2065
NH,Epping,,Democratic,1224
NH,Epsom,,Undeclared,1312
NH,Epsom,,Republican,1514
NH,Epsom,,Democratic,664
NH,Errol,,Undeclared,127
NH,Errol,,Republican,131
NH,Errol,,Democratic,33
NH,Exeter,,Undeclared,4413
NH,Exeter,,Republican,3136
NH,Exeter,,Democratic,4938
NH,Farmington,,Undeclared,1454
NH,Farmington,,Republican,1760
NH,Farmington,,Democratic,962
NH,Fitzwilliam,,Undeclared,657
NH,Fitzwilliam,,Republican,620
NH,Fitzwilliam,,Democratic,429
NH,Francestown,,Undeclared,536
NH,Francestown,,Republican,472
NH,Francestown,,Democratic,353
NH,Franconia,,Undeclared,426
NH,Franconia,,Republican,212
NH,Franconia,,Democratic,335
NH,Franklin,,Undeclared,2021
NH,Franklin,,Republican,1950
NH,Franklin,,Democratic,1154
NH,Freedom,,Undeclared,606
NH,Freedom,,Republican,467
NH,Freedom,,Democratic,249
NH,Fremont,,Undeclared,1491
NH,Fremont,,Republican,1416
NH,Fremont,,Democratic,621
NH,Gilford,,Undeclared,2519
NH,Gilford,,Republican,2440
NH,Gilford,,Democratic,1263
NH,Gilmanton,,Undeclared,1112
NH,Gilmanton,,Republican,1335
NH,Gilmanton,,Democratic,594
NH,Gilsum,,Undeclared,286
NH,Gilsum,,Republican,184
NH,Gilsum,,Democratic,144
NH,Goffstown,,Undeclared,4859
NH,Goffstown,,Republican,4208
NH,Goffstown,,Democratic,2969
NH,Gorham,,Undeclared,717
NH,Gorham,,Republican,617
NH,Gorham,,Democratic,623
NH,Goshen,,Undeclared,253
NH,Goshen,,Republican,222
NH,Goshen,,Democratic,91
NH,Grafton,,Undeclared,435
NH,Grafton,,Republican,347
NH,Grafton,,Democratic,161
NH,Grantham,,Undeclared,1147
NH,Grantham,,Republican,675
NH,Grantham,,Democratic,1133
NH,Green's Grant,,Undeclared,1
NH,Green's Grant,,Republican,0
NH,Green's Grant,,Democratic,0
NH,Greenfield,,Undeclared,510
NH,Greenfield,,Republican,399
NH,Greenfield,,Democratic,252
NH,Greenland,,Undeclared,1201
NH,Greenland,,Republican,1050
NH,Greenland,,Democratic,965
NH,Greenville,,Undeclared,538
NH,Greenville,,Republican,400
NH,Greenville,,Democratic,275
NH,Groton,,Undeclared,230
NH,Groton,,Republican,157
NH,Groton,,Democratic,51
NH,Hale's Location,,Undeclared,45
NH,Hale's Location,,Republican,82
NH,Hale's Location,,Democratic,26
NH,Hampstead,,Undeclared,2473
NH,Hampstead,,Republican,2814
NH,Hampstead,,Democratic,1338
NH,Hampton,,Undeclared,4567
NH,Hampton,,Republican,4691
NH,Hampton,,Democratic,3945
NH,Hampton Falls,,Undeclared,597
NH,Hampton Falls,,Republican,772
NH,Hampton Falls,,Democratic,417
NH,Hancock,,Undeclared,574
NH,Hancock,,Republican,297
NH,Hancock,,Democratic,555
NH,Hanover,,Undeclared,3450
NH,Hanover,,Republican,617
NH,Hanover,,Democratic,3938
NH,Harrisville,,Undeclared,362
NH,Harrisville,,Republican,121
NH,Harrisville,,Democratic,362
NH,Hart's Location,,Undeclared,19
NH,Hart's Location,,Republican,16
NH,Hart's Location,,Democratic,14
NH,Haverhill,,Undeclared,1122
NH,Haverhill,,Republican,1178
NH,Haverhill,,Democratic,580
NH,Hebron,,Undeclared,316
NH,Hebron,,Republican,196
NH,Hebron,,Democratic,89
NH,Henniker,,Undeclared,1272
NH,Henniker,,Republican,1164
NH,Henniker,,Democratic,1121
NH,Hill,,Undeclared,316
NH,Hill,,Republican,319
NH,Hill,,Democratic,111
NH,Hillsborough,,Undeclared,1597
NH,Hillsborough,,Republican,1463
NH,Hillsborough,,Democratic,887
NH,Hinsdale,,Undeclared,1110
NH,Hinsdale,,Republican,535
NH,Hinsdale,,Democratic,612
NH,Holderness,,Undeclared,692
NH,Holderness,,Republican,461
NH,Holderness,,Democratic,527
NH,Hollis,,Undeclared,2810
NH,Hollis,,Republican,1996
NH,Hollis,,Democratic,1545
NH,Hooksett,,Undeclared,3745
NH,Hooksett,,Republican,3920
NH,Hooksett,,Democratic,2635
NH,Hopkinton,,Undeclared,1595
NH,Hopkinton,,Republican,1334
NH,Hopkinton,,Democratic,1849
NH,Hudson,,Undeclared,6613
NH,Hudson,,Republican,6465
NH,Hudson,,Democratic,4298
NH,Jackson,,Undeclared,436
NH,Jackson,,Republican,167
NH,Jackson,,Democratic,309
NH,Jaffrey,,Undeclared,1248
NH,Jaffrey,,Republican,1408
NH,Jaffrey,,Democratic,1074
NH,Jefferson,,Undeclared,359
NH,Jefferson,,Republican,316
NH,Jefferson,,Democratic,78
NH,Keene,,Undeclared,6461
NH,Keene,,Republican,3057
NH,Keene,,Democratic,6665
NH,Kensington,,Undeclared,764
NH,Kensington,,Republican,558
NH,Kensington,,Democratic,412
NH,Kingston,,Undeclared,1739
NH,Kingston,,Republican,1961
NH,Kingston,,Democratic,970
NH,Laconia,,Undeclared,4203
NH,Laconia,,Republican,4266
NH,Laconia,,Democratic,2501
NH,Lancaster,,Undeclared,738
NH,Lancaster,,Republican,824
NH,Lancaster,,Democratic,495
NH,Landaff,,Undeclared,136
NH,Landaff,,Republican,128
NH,Landaff,,Democratic,64
NH,Langdon,,Undeclared,171
NH,Langdon,,Republican,202
NH,Langdon,,Democratic,123
NH,Lebanon,,Undeclared,3734
NH,Lebanon,,Republican,1702
NH,Lebanon,,Democratic,4682
NH,Lee,,Undeclared,1362
NH,Lee,,Republican,751
NH,Lee,,Democratic,1241
NH,Lempster,,Undeclared,420
NH,Lempster,,Republican,317
NH,Lempster,,Democratic,169
NH,Lincoln,,Undeclared,637
NH,Lincoln,,Republican,327
NH,Lincoln,,Democratic,253
NH,Lisbon,,Undeclared,401
NH,Lisbon,,Republican,378
NH,Lisbon,,Democratic,220
NH,Litchfield,,Undeclared,2476
NH,Litchfield,,Republican,2480
NH,Litchfield,,Democratic,1332
NH,Littleton,,Undeclared,1369
NH,Littleton,,Republican,1471
NH,Littleton,,Democratic,1045
NH,Londonderry,,Undeclared,6639
NH,Londonderry,,Republican,7276
NH,Londonderry,,Democratic,4487
NH,Loudon,,Undeclared,1525
NH,Loudon,,Republican,1901
NH,Loudon,,Democratic,713
NH,Lyman,,Undeclared,185
NH,Lyman,,Republican,157
NH,Lyman,,Democratic,73
NH,Lyme,,Undeclared,612
NH,Lyme,,Republican,139
NH,Lyme,,Democratic,701
NH,Lyndeborough,,Undeclared,579
NH,Lyndeborough,,Republican,431
NH,Lyndeborough,,Democratic,261
NH,Madbury,,Undeclared,630
NH,Madbury,,Republican,347
NH,Madbury,,Democratic,515
NH,Madison,,Undeclared,1015
NH,Madison,,Republican,611
NH,Madison,,Democratic,478
NH,Manchester,,Undeclared,25690
NH,Manchester,,Republican,17258
NH,Manchester,,Democratic,19396
NH,Marlborough,,Undeclared,602
NH,Marlborough,,Republican,387
NH,Marlborough,,Democratic,595
NH,Marlow,,Undeclared,268
NH,Marlow,,Republican,135
NH,Marlow,,Democratic,128
NH,Martin's Location,,Undeclared,2
NH,Martin's Location,,Republican,0
NH,Martin's Location,,Democratic,0
NH,Mason,,Undeclared,431
NH,Mason,,Republican,438
NH,Mason,,Democratic,191
NH,Meredith,,Undeclared,2323
NH,Meredith,,Republican,2051
NH,Meredith,,Democratic,1157
NH,Merrimack,,Undeclared,8041
NH,Merrimack,,Republican,6838
NH,Merrimack,,Democratic,4841
NH,Middleton,,Undeclared,474
NH,Middleton,,Republican,644
NH,Middleton,,Democratic,229
NH,Milan,,Undeclared,301
NH,Milan,,Republican,372
NH,Milan,,Democratic,219
NH,Milford,,Undeclared,4540
NH,Milford,,Republican,3451
NH,Milford,,Democratic,2745
NH,Millsfield,,Undeclared,7
NH,Millsfield,,Republican,12
NH,Millsfield,,Democratic,2
NH,Milton,,Undeclared,1172
NH,Milton,,Republican,1411
NH,Milton,,Democratic,660
NH,Monroe,,Undeclared,231
NH,Monroe,,Republican,288
NH,Monroe,,Democratic,128
NH,Mont Vernon,,Undeclared,893
NH,Mont Vernon,,Republican,653
NH,Mont Vernon,,Democratic,549
NH,Moultonborough,,Undeclared,1780
NH,Moultonborough,,Republican,1943
NH,Moultonborough,,Democratic,847
NH,Nashua,,Undeclared,22341
NH,Nashua,,Republican,13785
NH,Nashua,,Democratic,16625
NH,Nelson,,Undeclared,197
NH,Nelson,,Republican,125
NH,Nelson,,Democratic,162
NH,New Boston,,Undeclared,1612
NH,New Boston,,Republican,1868
NH,New Boston,,Democratic,1123
NH,New Castle,,Undeclared,474
NH,New Castle,,Republican,215
NH,New Castle,,Democratic,338
NH,New Durham,,Undeclared,903
NH,New Durham,,Republican,920
NH,New Durham,,Democratic,411
NH,New Hampton,,Undeclared,704
NH,New Hampton,,Republican,713
NH,New Hampton,,Democratic,454
NH,New Ipswich,,Undeclared,1316
NH,New Ipswich,,Republican,1975
NH,New Ipswich,,Democratic,515
NH,New London,,Undeclared,1429
NH,New London,,Republican,977
NH,New London,,Democratic,1295
NH,Newbury,,Undeclared,910
NH,Newbury,,Republican,584
NH,Newbury,,Democratic,419
NH,Newfields,,Undeclared,563
NH,Newfields,,Republican,395
NH,Newfields,,Democratic,376
NH,Newington,,Undeclared,249
NH,Newington,,Republican,262
NH,Newington,,Democratic,191
NH,Newmarket,,Undeclared,2740
NH,Newmarket,,Republican,1513
NH,Newmarket,,Democratic,2714
NH,Newport,,Undeclared,1537
NH,Newport,,Republican,1531
NH,Newport,,Democratic,867
NH,Newton,,Undeclared,1392
NH,Newton,,Republican,1318
NH,Newton,,Democratic,761
NH,North Hampton,,Undeclared,1462
NH,North Hampton,,Republican,1255
NH,North Hampton,,Democratic,1119
NH,Northfield,,Undeclared,1345
NH,Northfield,,Republican,1217
NH,Northfield,,Democratic,620
NH,Northumberland,,Undeclared,546
NH,Northumberland,,Republican,512
NH,Northumberland,,Democratic,266
NH,Northwood,,Undeclared,1608
NH,Northwood,,Republican,1141
NH,Northwood,,Democratic,723
NH,Nottingham,,Undeclared,1651
NH,Nottingham,,Republican,1451
NH,Nottingham,,Democratic,994
NH,Orange,,Undeclared,114
NH,Orange,,Republican,57
NH,Orange,,Democratic,49
NH,Orford,,Undeclared,419
NH,Orford,,Republican,222
NH,Orford,,Democratic,265
NH,Ossipee,,Undeclared,1213
NH,Ossipee,,Republican,1458
NH,Ossipee,,Democratic,622
NH,Pelham,,Undeclared,4232
NH,Pelham,,Republican,4144
NH,Pelham,,Democratic,1916
NH,Pembroke,,Undeclared,1881
NH,Pembroke,,Republican,1748
NH,Pembroke,,Democratic,1264
NH,Peterborough,,Undeclared,1812
NH,Peterborough,,Republican,1116
NH,Peterborough,,Democratic,2261
NH,Piermont,,Undeclared,211
NH,Piermont,,Republican,181
NH,Piermont,,Democratic,127
NH,Pinkham's Grant,,Undeclared,6
NH,Pinkham's Grant,,Republican,0
NH,Pinkham's Grant,,Democratic,4
NH,Pittsburg,,Undeclared,250
NH,Pittsburg,,Republican,384
NH,Pittsburg,,Democratic,74
NH,Pittsfield,,Undeclared,1115
NH,Pittsfield,,Republican,1132
NH,Pittsfield,,Democratic,513
NH,Plainfield,,Undeclared,796
NH,Plainfield,,Republican,359
NH,Plainfield,,Democratic,635
NH,Plaistow,,Undeclared,2028
NH,Plaistow,,Republican,2088
NH,Plaistow,,Democratic,1213
NH,Plymouth,,Undeclared,2387
NH,Plymouth,,Republican,1036
NH,Plymouth,,Democratic,1600
NH,Portsmouth,,Undeclared,6147
NH,Portsmouth,,Republican,3264
NH,Portsmouth,,Democratic,7762
NH,Randolph,,Undeclared,122
NH,Randolph,,Republican,51
NH,Randolph,,Democratic,117
NH,Raymond,,Undeclared,2753
NH,Raymond,,Republican,3144
NH,Raymond,,Democratic,1396
NH,Richmond,,Undeclared,415
NH,Richmond,,Republican,280
NH,Richmond,,Democratic,124
NH,Rindge,,Undeclared,1544
NH,Rindge,,Republican,2169
NH,Rindge,,Democratic,1009
NH,Rochester,,Undeclared,7729
NH,Rochester,,Republican,6935
NH,Rochester,,Democratic,5397
NH,Rollinsford,,Undeclared,853
NH,Rollinsford,,Republican,526
NH,Rollinsford,,Democratic,694
NH,Roxbury,,Undeclared,86
NH,Roxbury,,Republican,46
NH,Roxbury,,Democratic,53
NH,Rumney,,Undeclared,477
NH,Rumney,,Republican,452
NH,Rumney,,Democratic,231
NH,Rye,,Undeclared,1743
NH,Rye,,Republican,1736
NH,Rye,,Democratic,1684
NH,Salem,,Undeclared,7756
NH,Salem,,Republican,8474
NH,Salem,,Democratic,4832
NH,Salisbury,,Undeclared,548
NH,Salisbury,,Republican,421
NH,Salisbury,,Democratic,177
NH,Sanbornton,,Undeclared,853
NH,Sanbornton,,Republican,1016
NH,Sanbornton,,Democratic,558
NH,Sandown,,Undeclared,1879
NH,Sandown,,Republican,2050
NH,Sandown,,Democratic,826
NH,Sandwich,,Undeclared,457
NH,Sandwich,,Republican,354
NH,Sandwich,,Democratic,474
NH,Seabrook,,Undeclared,2498
NH,Seabrook,,Republican,2484
NH,Seabrook,,Democratic,1264
NH,Sharon,,Undeclared,150
NH,Sharon,,Republican,91
NH,Sharon,,Democratic,85
NH,Shelburne,,Undeclared,161
NH,Shelburne,,Republican,98
NH,Shelburne,,Democratic,67
NH,Somersworth,,Undeclared,3089
NH,Somersworth,,Republican,1986
NH,Somersworth,,Democratic,2417
NH,South Hampton,,Undeclared,263
NH,South Hampton,,Republican,234
NH,South Hampton,,Democratic,182
NH,Springfield,,Undeclared,444
NH,Springfield,,Republican,367
NH,Springfield,,Democratic,255
NH,Stark,,Undeclared,174
NH,Stark,,Republican,151
NH,Stark,,Democratic,68
NH,Stewartstown,,Undeclared,196
NH,Stewartstown,,Republican,264
NH,Stewartstown,,Democratic,65
NH,Stoddard,,Undeclared,505
NH,Stoddard,,Republican,372
NH,Stoddard,,Democratic,211
NH,Strafford,,Undeclared,1472
NH,Strafford,,Republican,1152
NH,Strafford,,Democratic,789
NH,Stratford,,Undeclared,194
NH,Stratford,,Republican,138
NH,Stratford,,Democratic,74
NH,Stratham,,Undeclared,2222
NH,Stratham,,Republican,1926
NH,Stratham,,Democratic,2035
NH,Success,,Undeclared,2
NH,Success,,Republican,0
NH,Success,,Democratic,0
NH,Sugar Hill,,Undeclared,261
NH,Sugar Hill,,Republican,104
NH,Sugar Hill,,Democratic,179
NH,Sullivan,,Undeclared,235
NH,Sullivan,,Republican,131
NH,Sullivan,,Democratic,94
NH,Sunapee,,Undeclared,1440
NH,Sunapee,,Republican,958
NH,Sunapee,,Democratic,693
NH,Surry,,Undeclared,254
NH,Surry,,Republican,206
NH,Surry,,Democratic,192
NH,Sutton,,Undeclared,733
NH,Sutton,,Republican,468
NH,Sutton,,Democratic,481
NH,Swanzey,,Undeclared,1955
NH,Swanzey,,Republican,1563
NH,Swanzey,,Democratic,1256
NH,Tamworth,,Undeclared,922
NH,Tamworth,,Republican,640
NH,Tamworth,,Democratic,589
NH,Temple,,Undeclared,451
NH,Temple,,Republican,343
NH,Temple,,Democratic,275
NH,Thornton,,Undeclared,972
NH,Thornton,,Republican,664
NH,Thornton,,Democratic,619
NH,Tilton,,Undeclared,1027
NH,Tilton,,Republican,1009
NH,Tilton,,Democratic,637
NH,Troy,,Undeclared,687
NH,Troy,,Republican,487
NH,Troy,,Democratic,309
NH,Tuftonboro,,Undeclared,803
NH,Tuftonboro,,Republican,1003
NH,Tuftonboro,,Democratic,408
NH,Unity,,Undeclared,397
NH,Unity,,Republican,425
NH,Unity,,Democratic,202
NH,Wakefield,,Undeclared,1704
NH,Wakefield,,Republican,1750
NH,Wakefield,,Democratic,671
NH,Walpole,,Undeclared,1268
NH,Walpole,,Republican,598
NH,Walpole,,Democratic,839
NH,Warner,,Undeclared,901
NH,Warner,,Republican,650
NH,Warner,,Democratic,611
NH,Warren,,Undeclared,269
NH,Warren,,Republican,239
NH,Warren,,Democratic,93
NH,Washington,,Undeclared,522
NH,Washington,,Republican,353
NH,Washington,,Democratic,147
NH,Waterville Valley,,Undeclared,265
NH,Waterville Valley,,Republican,82
NH,Waterville Valley,,Democratic,81
NH,Weare,,Undeclared,2460
NH,Weare,,Republican,2819
NH,Weare,,Democratic,1164
NH,Webster,,Undeclared,697
NH,Webster,,Republican,471
NH,Webster,,Democratic,261
NH,Wentworth,,Undeclared,322
NH,Wentworth,,Republican,302
NH,Wentworth,,Democratic,107
NH,Wentworth's Location,,Undeclared,11
NH,Wentworth's Location,,Republican,13
NH,Wentworth's Location,,Democratic,1
NH,Westmoreland,,Undeclared,629
NH,Westmoreland,,Republican,273
NH,Westmoreland,,Democratic,320
NH,Whitefield,,Undeclared,719
NH,Whitefield,,Republican,548
NH,Whitefield,,Democratic,397
NH,Wilmot,,Undeclared,511
NH,Wilmot,,Republican,254
NH,Wilmot,,Democratic,313
NH,Wilton,,Undeclared,1180
NH,Wilton,,Republican,919
NH,Wilton,,Democratic,801
NH,Winchester,,Undeclared,881
NH,Winchester,,Republican,913
NH,Winchester,,Democratic,769
NH,Windham,,Undeclared,4220
NH,Windham,,Republican,4725
NH,Windham,,Democratic,2254
NH,Windsor,,Undeclared,68
NH,Windsor,,Republican,80
NH,Windsor,,Democratic,8
NH,Wolfeboro,,Undeclared,2031
NH,Wolfeboro,,Republican,2245
NH,Wolfeboro,,Democratic,1442
NH,Woodstock,,Undeclared,526
NH,Woodstock,,Republican,246
NH,Woodstock,,Democratic,203
NJ,Atlantic,34001,Democratic,69345
NJ,Atlantic,34001,Republican,61621
NJ,Atlantic,34001,Unaffiliated,72073
NJ,Atlantic,34001,Other,2589
NJ,Bergen,34003,Democratic,252735
NJ,Bergen,34003,Republican,163436
NJ,Bergen,34003,Unaffiliated,259396
NJ,Bergen,34003,Other,6179
NJ,Burlington,34005,Democratic,144458
NJ,Burlington,34005,Republican,98985
NJ,Burlington,34005,Unaffiliated,125997
NJ,Burlington,34005,Other,4047
NJ,Camden,34007,Democratic,182783
NJ,Camden,34007,Republican,71582
NJ,Camden,34007,Unaffiliated,133683
NJ,Camden,34007,Other,4995
NJ,Cape May,34009,Democratic,18671
NJ,Cape May,34009,Republican,34122
NJ,Cape May,34009,Unaffiliated,23278
NJ,Cape May,34009,Other,857
NJ,Cumberland,34011,Democratic,31670
NJ,Cumberland,34011,Republican,25639
NJ,Cumberland,34011,Unaffiliated,38400
NJ,Cumberland,34011,Other,1641
NJ,Essex,34013,Democratic,297225
NJ,Essex,34013,Republican,65875
NJ,Essex,34013,Unaffiliated,205262
NJ,Essex,34013,Other,5240
NJ,Gloucester,34015,Democratic,85817
NJ,Gloucester,34015,Republican,67716
NJ,Gloucester,34015,Unaffiliated,75546
NJ,Gloucester,34015,Other,2779
NJ,Hudson,34017,Democratic,225141
NJ,Hudson,34017,Republican,54998
NJ,Hudson,34017,Unaffiliated,148734
NJ,Hudson,34017,Other,5405
NJ,Hunterdon,34019,Democratic,31973
NJ,Hunterdon,34019,Republican,44238
NJ,Hunterdon,34019,Unaffiliated,30797
NJ,Hunterdon,34019,Other,869
NJ,Mercer,34021,Democratic,120589
NJ,Mercer,34021,Republican,43769
NJ,Mercer,34021,Unaffiliated,103692
NJ,Mercer,34021,Other,3425
NJ,Middlesex,34023,Democratic,240617
NJ,Middlesex,34023,Republican,112241
NJ,Middlesex,34023,Unaffiliated,232597
NJ,Middlesex,34023,Other,6639
NJ,Monmouth,34025,Democratic,142288
NJ,Monmouth,34025,Republican,169401
NJ,Monmouth,34025,Unaffiliated,191808
NJ,Monmouth,34025,Other,5156
NJ,Morris,34027,Democratic,121178
NJ,Morris,34027,Republican,137944
NJ,Morris,34027,Unaffiliated,130434
NJ,Morris,34027,Other,3585
NJ,Ocean,34029,Democratic,103197
NJ,Ocean,34029,Republican,202316
NJ,Ocean,34029,Unaffiliated,171658
NJ,Ocean,34029,Other,5378
NJ,Passaic,34031,Democratic,135448
NJ,Passaic,34031,Republican,81507
NJ,Passaic,34031,Unaffiliated,121836
NJ,Passaic,34031,Other,4559
NJ,Salem,34033,Democratic,14495
NJ,Salem,34033,Republican,16672
NJ,Salem,34033,Unaffiliated,18459
NJ,Salem,34033,Other,773
NJ,Somerset,34035,Democratic,92873
NJ,Somerset,34035,Republican,66055
NJ,Somerset,34035,Unaffiliated,100282
NJ,Somerset,34035,Other,2495
NJ,Sussex,34037,Democratic,27598
NJ,Sussex,34037,Republican,52523
NJ,Sussex,34037,Unaffiliated,40133
NJ,Sussex,34037,Other,1711
NJ,Union,34039,Democratic,180148
NJ,Union,34039,Republican,69127
NJ,Union,34039,Unaffiliated,142206
NJ,Union,34039,Other,4116
NJ,Warren,34041,Democratic,25106
NJ,Warren,34041,Republican,38702
NJ,Warren,34041,Unaffiliated,26267
NJ,Warren,34041,Other,1563
NM,Bernalillo,35001,Democratic,197332
NM,Bernalillo,35001,Republican,120569
NM,Bernalillo,35001,DeclineToState,121396
NM,Bernalillo,35001,Other,8670
NM,Catron,35003,Democratic,526
NM,Catron,35003,Republican,2058
NM,Catron,35003,DeclineToState,677
NM,Catron,35003,Other,52
NM,Chaves,35005,Democratic,8455
NM,Chaves,35005,Republican,18362
NM,Chaves,35005,DeclineToState,9877
NM,Chaves,35005,Other,853
NM,Cibola,35006,Democratic,7905
NM,Cibola,35006,Republican,4156
NM,Cibola,35006,DeclineToState,4209
NM,Cibola,35006,Other,353
NM,Colfax,35007,Democratic,3114
NM,Colfax,35007,Republican,3145
NM,Colfax,35007,DeclineToState,2123
NM,Colfax,35007,Other,157
NM,Curry,35009,Democratic,5792
NM,Curry,35009,Republican,12419
NM,Curry,35009,DeclineToState,7679
NM,Curry,35009,Other,566
NM,De Baca,35011,Democratic,376
NM,De Baca,35011,Republican,687
NM,De Baca,35011,DeclineToState,236
NM,De Baca,35011,Other,19
NM,Dona Ana,35013,Democratic,59144
NM,Dona Ana,35013,Republican,38562
NM,Dona Ana,35013,DeclineToState,46193
NM,Dona Ana,35013,Other,2862
NM,Eddy,35015,Democratic,7782
NM,Eddy,35015,Republican,20296
NM,Eddy,35015,DeclineToState,8851
NM,Eddy,35015,Other,696
NM,Grant,35017,Democratic,9795
NM,Grant,35017,Republican,6333
NM,Grant,35017,DeclineToState,5116
NM,Grant,35017,Other,408
NM,Guadalupe,35019,Democratic,1971
NM,Guadalupe,35019,Republican,627
NM,Guadalupe,35019,DeclineToState,423
NM,Guadalupe,35019,Other,30
NM,Harding,35021,Democratic,136
NM,Harding,35021,Republican,365
NM,Harding,35021,DeclineToState,66
NM,Harding,35021,Other,3
NM,Hidalgo,35023,Democratic,1357
NM,Hidalgo,35023,Republican,1126
NM,Hidalgo,35023,DeclineToState,458
NM,Hidalgo,35023,Other,47
NM,Lea,35025,Democratic,6866
NM,Lea,35025,Republican,20366
NM,Lea,35025,DeclineToState,11255
NM,Lea,35025,Other,744
NM,Lincoln,35027,Democratic,2816
NM,Lincoln,35027,Republican,8219
NM,Lincoln,35027,DeclineToState,3390
NM,Lincoln,35027,Other,268
NM,Los Alamos,35028,Democratic,6583
NM,Los Alamos,35028,Republican,4386
NM,Los Alamos,35028,DeclineToState,5075
NM,Los Alamos,35028,Other,330
NM,Luna,35029,Democratic,4897
NM,Luna,35029,Republican,4826
NM,Luna,35029,DeclineToState,4244
NM,Luna,35029,Other,291
NM,McKinley,35031,Democratic,25219
NM,McKinley,35031,Republican,8236
NM,McKinley,35031,DeclineToState,12504
NM,McKinley,35031,Other,995
NM,Mora,35033,Democratic,2568
NM,Mora,35033,Republican,809
NM,Mora,35033,DeclineToState,449
NM,Mora,35033,Other,47
NM,Otero,35035,Democratic,10024
NM,Otero,35035,Republican,17994
NM,Otero,35035,DeclineToState,12881
NM,Otero,35035,Other,936
NM,Quay,35037,Democratic,1595
NM,Quay,35037,Republican,2906
NM,Quay,35037,DeclineToState,1383
NM,Quay,35037,Other,83
NM,Rio Arriba,35039,Democratic,16544
NM,Rio Arriba,35039,Republican,4652
NM,Rio Arriba,35039,DeclineToState,5225
NM,Rio Arriba,35039,Other,430
NM,Roosevelt,35041,Democratic,2338
NM,Roosevelt,35041,Republican,5923
NM,Roosevelt,35041,DeclineToState,3138
NM,Roosevelt,35041,Other,274
NM,San Juan,35045,Democratic,20892
NM,San Juan,35045,Republican,37646
NM,San Juan,35045,DeclineToState,24231
NM,San Juan,35045,Other,1829
NM,San Miguel,35047,Democratic,11008
NM,San Miguel,35047,Republican,3323
NM,San Miguel,35047,DeclineToState,3495
NM,San Miguel,35047,Other,290
NM,Sandoval,35043,Democratic,45336
NM,Sandoval,35043,Republican,38660
NM,Sandoval,35043,DeclineToState,30884
NM,Sandoval,35043,Other,2105
NM,Santa Fe,35049,Democratic,68516
NM,Santa Fe,35049,Republican,18162
NM,Santa Fe,35049,DeclineToState,27874
NM,Santa Fe,35049,Other,1839
NM,Sierra,35051,Democratic,2301
NM,Sierra,35051,Republican,3881
NM,Sierra,35051,DeclineToState,2255
NM,Sierra,35051,Other,175
NM,Socorro,35053,Democratic,4724
NM,Socorro,35053,Republican,3759
NM,Socorro,35053,DeclineToState,2545
NM,Socorro,35053,Other,209
NM,Taos,35055,Democratic,16609
NM,Taos,35055,Republican,3849
NM,Taos,35055,DeclineToState,5690
NM,Taos,35055,Other,493
NM,Torrance,35057,Democratic,2760
NM,Torrance,35057,Republican,5477
NM,Torrance,35057,DeclineToState,2795
NM,Torrance,35057,Other,284
NM,Union,35059,Democratic,632
NM,Union,35059,Republican,1413
NM,Union,35059,DeclineToState,450
NM,Union,35059,Other,37
NM,Valencia,35061,Democratic,17248
NM,Valencia,35061,Republican,19610
NM,Valencia,35061,DeclineToState,13209
NM,Valencia,35061,Other,1120
NV,Carson City,32510,Democratic,10853
NV,Carson City,32510,Republican,16893
NV,Carson City,32510,Nonpartisan,16744
NV,Carson City,32510,IndependentAmerican,2312
NV,Carson City,32510,Libertarian,515
NV,Carson City,32510,Other,568
NV,Churchill,32001,Democratic,2375
NV,Churchill,32001,Republican,9961
NV,Churchill,32001,Nonpartisan,7352
NV,Churchill,32001,IndependentAmerican,910
NV,Churchill,32001,Libertarian,191
NV,Churchill,32001,Other,225
NV,Clark,32003,Democratic,516893
NV,Clark,32003,Republican,412142
NV,Clark,32003,Nonpartisan,726290
NV,Clark,32003,IndependentAmerican,71361
NV,Clark,32003,Libertarian,11493
NV,Clark,32003,Other,31202
NV,Douglas,32005,Democratic,8135
NV,Douglas,32005,Republican,23128
NV,Douglas,32005,Nonpartisan,13563
NV,Douglas,32005,IndependentAmerican,2116
NV,Douglas,32005,Libertarian,427
NV,Douglas,32005,Other,117
NV,Elko,32007,Democratic,3901
NV,Elko,32007,Republican,17417
NV,Elko,32007,Nonpartisan,13239
NV,Elko,32007,IndependentAmerican,1600
NV,Elko,32007,Libertarian,369
NV,Elko,32007,Other,318
NV,Esmeralda,32009,Democratic,52
NV,Esmeralda,32009,Republican,383
NV,Esmeralda,32009,Nonpartisan,223
NV,Esmeralda,32009,IndependentAmerican,33
NV,Esmeralda,32009,Libertarian,12
NV,Esmeralda,32009,Other,9
NV,Eureka,32011,Democratic,67
NV,Eureka,32011,Republican,806
NV,Eureka,32011,Nonpartisan,329
NV,Eureka,32011,IndependentAmerican,63
NV,Eureka,32011,Libertarian,7
NV,Eureka,32011,Other,8
NV,Humboldt,32013,Democratic,1398
NV,Humboldt,32013,Republican,6208
NV,Humboldt,32013,Nonpartisan,4268
NV,Humboldt,32013,IndependentAmerican,516
NV,Humboldt,32013,Libertarian,109
NV,Humboldt,32013,Other,105
NV,Lander,32015,Democratic,409
NV,Lander,32015,Republican,2335
NV,Lander,32015,Nonpartisan,1236
NV,Lander,32015,IndependentAmerican,153
NV,Lander,32015,Libertarian,39
NV,Lander,32015,Other,20
NV,Lincoln,32017,Democratic,282
NV,Lincoln,32017,Republican,2042
NV,Lincoln,32017,Nonpartisan,775
NV,Lincoln,32017,IndependentAmerican,159
NV,Lincoln,32017,Libertarian,20
NV,Lincoln,32017,Other,25
NV,Lyon,32019,Democratic,7632
NV,Lyon,32019,Republican,23592
NV,Lyon,32019,Nonpartisan,21150
NV,Lyon,32019,IndependentAmerican,2725
NV,Lyon,32019,Libertarian,607
NV,Lyon,32019,Other,523
NV,Mineral,32021,Democratic,598
NV,Mineral,32021,Republican,1196
NV,Mineral,32021,Nonpartisan,1287
NV,Mineral,32021,IndependentAmerican,163
NV,Mineral,32021,Libertarian,20
NV,Mineral,32021,Other,9
NV,Nye,32023,Democratic,6699
NV,Nye,32023,Republican,18670
NV,Nye,32023,Nonpartisan,18435
NV,Nye,32023,IndependentAmerican,2501
NV,Nye,32023,Libertarian,394
NV,Nye,32023,Other,432
NV,Pershing,32027,Democratic,502
NV,Pershing,32027,Republican,1861
NV,Pershing,32027,Nonpartisan,1261
NV,Pershing,32027,IndependentAmerican,168
NV,Pershing,32027,Libertarian,22
NV,Pershing,32027,Other,27
NV,Storey,32029,Democratic,661
NV,Storey,32029,Republican,1941
NV,Storey,32029,Nonpartisan,1354
NV,Storey,32029,IndependentAmerican,213
NV,Storey,32029,Libertarian,52
NV,Storey,32029,Other,34
NV,Washoe,32031,Democratic,108615
NV,Washoe,32031,Republican,116905
NV,Washoe,32031,Nonpartisan,135082
NV,Washoe,32031,IndependentAmerican,18073
NV,Washoe,32031,Libertarian,3861
NV,Washoe,32031,Other,7173
NV,White Pine,32033,Democratic,707
NV,White Pine,32033,Republican,3121
NV,White Pine,32033,Nonpartisan,1984
NV,White Pine,32033,IndependentAmerican,336
NV,White Pine,32033,Libertarian,42
NV,White Pine,32033,Other,52
NY,Albany,36001,Democratic,99814
NY,Albany,36001,Republican,36791
NY,Albany,36001,Conservative,3894
NY,Albany,36001,WorkingFamilies,1229
NY,Albany,36001,Blank,59166
NY,Albany,36001,Other,6593
NY,Allegany,36003,Democratic,5076
NY,Allegany,36003,Republican,14010
NY,Allegany,36003,Conservative,545
NY,Allegany,36003,WorkingFamilies,135
NY,Allegany,36003,Blank,6147
NY,Allegany,36003,Other,992
NY,Bronx,36005,Democratic,519206
NY,Bronx,36005,Republican,55254
NY,Bronx,36005,Conservative,3514
NY,Bronx,36005,WorkingFamilies,3860
NY,Bronx,36005,Blank,146520
NY,Bronx,36005,Other,10055
NY,Broome,36007,Democratic,43398
NY,Broome,36007,Republican,42562
NY,Broome,36007,Conservative,1824
NY,Broome,36007,WorkingFamilies,840
NY,Broome,36007,Blank,33314
NY,Broome,36007,Other,5046
NY,Cattaraugus,36009,Democratic,12039
NY,Cattaraugus,36009,Republican,20617
NY,Cattaraugus,36009,Conservative,1267
NY,Cattaraugus,36009,WorkingFamilies,250
NY,Cattaraugus,36009,Blank,12095
NY,Cattaraugus,36009,Other,1831
NY,Cayuga,36011,Democratic,13873
NY,Cayuga,36011,Republican,18058
NY,Cayuga,36011,Conservative,1414
NY,Cayuga,36011,WorkingFamilies,319
NY,Cayuga,36011,Blank,13121
NY,Cayuga,36011,Other,1679
NY,Chautauqua,36013,Democratic,22485
NY,Chautauqua,36013,Republican,28924
NY,Chautauqua,36013,Conservative,2095
NY,Chautauqua,36013,WorkingFamilies,493
NY,Chautauqua,36013,Blank,22205
NY,Chautauqua,36013,Other,3522
NY,Chemung,36015,Democratic,14233
NY,Chemung,36015,Republican,21202
NY,Chemung,36015,Conservative,911
NY,Chemung,36015,WorkingFamilies,259
NY,Chemung,36015,Blank,13175
NY,Chemung,36015,Other,2138
NY,Chenango,36017,Democratic,6572
NY,Chenango,36017,Republican,13746
NY,Chenango,36017,Conservative,562
NY,Chenango,36017,WorkingFamilies,160
NY,Chenango,36017,Blank,8189
NY,Chenango,36017,Other,1318
NY,Clinton,36019,Democratic,16566
NY,Clinton,36019,Republican,16051
NY,Clinton,36019,Conservative,643
NY,Clinton,36019,WorkingFamilies,292
NY,Clinton,36019,Blank,14240
NY,Clinton,36019,Other,2505
NY,Columbia,36021,Democratic,18476
NY,Columbia,36021,Republican,12191
NY,Columbia,36021,Conservative,1025
NY,Columbia,36021,WorkingFamilies,323
NY,Columbia,36021,Blank,12893
NY,Columbia,36021,Other,1741
NY,Cortland,36023,Democratic,8394
NY,Cortland,36023,Republican,10647
NY,Cortland,36023,Conservative,500
NY,Cortland,36023,WorkingFamilies,129
NY,Cortland,36023,Blank,7844
NY,Cortland,36023,Other,1199
NY,Delaware,36025,Democratic,8214
NY,Delaware,36025,Republican,12873
NY,Delaware,36025,Conservative,539
NY,Delaware,36025,WorkingFamilies,133
NY,Delaware,36025,Blank,7285
NY,Delaware,36025,Other,1228
NY,Dutchess,36027,Democratic,74714
NY,Dutchess,36027,Republican,56019
NY,Dutchess,36027,Conservative,3952
NY,Dutchess,36027,WorkingFamilies,1113
NY,Dutchess,36027,Blank,60876
NY,Dutchess,36027,Other,8184
NY,Erie,36029,Democratic,273054
NY,Erie,36029,Republican,160016
NY,Erie,36029,Conservative,15270
NY,Erie,36029,WorkingFamilies,3958
NY,Erie,36029,Blank,151832
NY,Erie,36029,Other,17355
NY,Essex,36031,Democratic,7561
NY,Essex,36031,Republican,10606
NY,Essex,36031,Conservative,302
NY,Essex,36031,WorkingFamilies,115
NY,Essex,36031,Blank,6150
NY,Essex,36031,Other,1196
NY,Franklin,36033,Democratic,9235
NY,Franklin,36033,Republican,9729
NY,Franklin,36033,Conservative,418
NY,Franklin,36033,WorkingFamilies,135
NY,Franklin,36033,Blank,6622
NY,Franklin,36033,Other,1226
NY,Fulton,36035,Democratic,6841
NY,Fulton,36035,Republican,16830
NY,Fulton,36035,Conservative,721
NY,Fulton,36035,WorkingFamilies,150
NY,Fulton,36035,Blank,8444
NY,Fulton,36035,Other,1314
NY,Genesee,36037,Democratic,8264
NY,Genesee,36037,Republican,17621
NY,Genesee,36037,Conservative,1102
NY,Genesee,36037,WorkingFamilies,188
NY,Genesee,36037,Blank,10268
NY,Genesee,36037,Other,1489
NY,Greene,36039,Democratic,8877
NY,Greene,36039,Republican,12363
NY,Greene,36039,Conservative,811
NY,Greene,36039,WorkingFamilies,198
NY,Greene,36039,Blank,9423
NY,Greene,36039,Other,1303
NY,Hamilton,36041,Democratic,802
NY,Hamilton,36041,Republican,2355
NY,Hamilton,36041,Conservative,80
NY,Hamilton,36041,WorkingFamilies,10
NY,Hamilton,36041,Blank,931
NY,Hamilton,36041,Other,4
NY,Herkimer,36043,Democratic,8571
NY,Herkimer,36043,Republican,19271
NY,Herkimer,36043,Conservative,810
NY,Herkimer,36043,WorkingFamilies,145
NY,Herkimer,36043,Blank,9186
NY,Herkimer,36043,Other,1892
NY,Jefferson,36045,Democratic,14665
NY,Jefferson,36045,Republican,26877
NY,Jefferson,36045,Conservative,1100
NY,Jefferson,36045,WorkingFamilies,260
NY,Jefferson,36045,Blank,17314
NY,Jefferson,36045,Other,2031
NY,Kings,36047,Democratic,1086640
NY,Kings,36047,Republican,143398
NY,Kings,36047,Conservative,4978
NY,Kings,36047,WorkingFamilies,8707
NY,Kings,36047,Blank,301704
NY,Kings,36047,Other,20168
NY,Lewis,36049,Democratic,3327
NY,Lewis,36049,Republican,9719
NY,Lewis,36049,Conservative,355
NY,Lewis,36049,WorkingFamilies,49
NY,Lewis,36049,Blank,3550
NY,Lewis,36049,Other,631
NY,Livingston,36051,Democratic,9755
NY,Livingston,36051,Republican,17895
NY,Livingston,36051,Conservative,958
NY,Livingston,36051,WorkingFamilies,145
NY,Livingston,36051,Blank,10369
NY,Livingston,36051,Other,1539
NY,Madison,36053,Democratic,11268
NY,Madison,36053,Republican,17276
NY,Madison,36053,Conservative,925
NY,Madison,36053,WorkingFamilies,237
NY,Madison,36053,Blank,12338
NY,Madison,36053,Other,2184
NY,Monroe,36055,Democratic,201731
NY,Monroe,36055,Republican,125214
NY,Monroe,36055,Conservative,8497
NY,Monroe,36055,WorkingFamilies,2409
NY,Monroe,36055,Blank,157058
NY,Monroe,36055,Other,65
NY,Montgomery,36057,Democratic,8231
NY,Montgomery,36057,Republican,11138
NY,Montgomery,36057,Conservative,841
NY,Montgomery,36057,WorkingFamilies,153
NY,Montgomery,36057,Blank,8339
NY,Montgomery,36057,Other,1264
NY,Nassau,36059,Democratic,375694
NY,Nassau,36059,Republican,305580
NY,Nassau,36059,Conservative,9656
NY,Nassau,36059,WorkingFamilies,2466
NY,Nassau,36059,Blank,284686
NY,Nassau,36059,Other,24702
NY,New York,36061,Democratic,743371
NY,New York,36061,Republican,79775
NY,New York,36061,Conservative,2180
NY,New York,36061,WorkingFamilies,3624
NY,New York,36061,Blank,211545
NY,New York,36061,Other,14313
NY,Niagara,36063,Democratic,48210
NY,Niagara,36063,Republican,49723
NY,Niagara,36063,Conservative,3920
NY,Niagara,36063,WorkingFamilies,1392
NY,Niagara,36063,Blank,34108
NY,Niagara,36063,Other,5468
NY,Oneida,36065,Democratic,40654
NY,Oneida,36065,Republican,53112
NY,Oneida,36065,Conservative,2350
NY,Oneida,36065,WorkingFamilies,593
NY,Oneida,36065,Blank,33798
NY,Oneida,36065,Other,6380
NY,Onondaga,36067,Democratic,113865
NY,Onondaga,36067,Republican,82895
NY,Onondaga,36067,Conservative,5170
NY,Onondaga,36067,WorkingFamilies,1575
NY,Onondaga,36067,Blank,93278
NY,Onondaga,36067,Other,11326
NY,Ontario,36069,Democratic,22803
NY,Ontario,36069,Republican,28939
NY,Ontario,36069,Conservative,1611
NY,Ontario,36069,WorkingFamilies,246
NY,Ontario,36069,Blank,22217
NY,Ontario,36069,Other,2930
NY,Orange,36071,Democratic,91174
NY,Orange,36071,Republican,75383
NY,Orange,36071,Conservative,5232
NY,Orange,36071,WorkingFamilies,1651
NY,Orange,36071,Blank,68687
NY,Orange,36071,Other,8968
NY,Orleans,36073,Democratic,5049
NY,Orleans,36073,Republican,12417
NY,Orleans,36073,Conservative,661
NY,Orleans,36073,WorkingFamilies,144
NY,Orleans,36073,Blank,6594
NY,Orleans,36073,Other,832
NY,Oswego,36075,Democratic,16279
NY,Oswego,36075,Republican,34610
NY,Oswego,36075,Conservative,1848
NY,Oswego,36075,WorkingFamilies,349
NY,Oswego,36075,Blank,19330
NY,Oswego,36075,Other,2763
NY,Otsego,36077,Democratic,10970
NY,Otsego,36077,Republican,14250
NY,Otsego,36077,Conservative,614
NY,Otsego,36077,WorkingFamilies,175
NY,Otsego,36077,Blank,9872
NY,Otsego,36077,Other,1507
NY,Putnam,36079,Democratic,22080
NY,Putnam,36079,Republican,24723
NY,Putnam,36079,Conservative,1689
NY,Putnam,36079,WorkingFamilies,292
NY,Putnam,36079,Blank,21235
NY,Putnam,36079,Other,2777
NY,Queens,36081,Democratic,778274
NY,Queens,36081,Republican,156217
NY,Queens,36081,Conservative,5794
NY,Queens,36081,WorkingFamilies,5058
NY,Queens,36081,Blank,317276
NY,Queens,36081,Other,20636
NY,Rensselaer,36083,Democratic,33747
NY,Rensselaer,36083,Republican,27324
NY,Rensselaer,36083,Conservative,4535
NY,Rensselaer,36083,WorkingFamilies,1946
NY,Rensselaer,36083,Blank,35880
NY,Rensselaer,36083,Other,5301
NY,Richmond,36085,Democratic,122091
NY,Richmond,36085,Republican,102166
NY,Richmond,36085,Conservative,4107
NY,Richmond,36085,WorkingFamilies,1194
NY,Richmond,36085,Blank,81193
NY,Richmond,36085,Other,7415
NY,Rockland,36087,Democratic,92123
NY,Rockland,36087,Republican,52960
NY,Rockland,36087,Conservative,4433
NY,Rockland,36087,WorkingFamilies,1139
NY,Rockland,36087,Blank,55250
NY,Rockland,36087,Other,5695
NY,St. Lawrence,36089,Democratic,19050
NY,St. Lawrence,36089,Republican,23513
NY,St. Lawrence,36089,Conservative,1154
NY,St. Lawrence,36089,WorkingFamilies,275
NY,St. Lawrence,36089,Blank,15461
NY,St. Lawrence,36089,Other,2924
NY,Saratoga,36091,Democratic,52452
NY,Saratoga,36091,Republican,63440
NY,Saratoga,36091,Conservative,3372
NY,Saratoga,36091,WorkingFamilies,631
NY,Saratoga,36091,Blank,53858
NY,Saratoga,36091,Other,6930
NY,Schenectady,36093,Democratic,39279
NY,Schenectady,36093,Republican,23523
NY,Schenectady,36093,Conservative,3298
NY,Schenectady,36093,WorkingFamilies,876
NY,Schenectady,36093,Blank,31168
NY,Schenectady,36093,Other,3456
NY,Schoharie,36095,Democratic,4933
NY,Schoharie,36095,Republican,8640
NY,Schoharie,36095,Conservative,585
NY,Schoharie,36095,WorkingFamilies,119
NY,Schoharie,36095,Blank,5785
NY,Schoharie,36095,Other,941
NY,Schuyler,36097,Democratic,3256
NY,Schuyler,36097,Republican,5400
NY,Schuyler,36097,Conservative,256
NY,Schuyler,36097,WorkingFamilies,64
NY,Schuyler,36097,Blank,3214
NY,Schuyler,36097,Other,515
NY,Seneca,36099,Democratic,5749
NY,Seneca,36099,Republican,8151
NY,Seneca,36099,Conservative,447
NY,Seneca,36099,WorkingFamilies,112
NY,Seneca,36099,Blank,5407
NY,Seneca,36099,Other,784
NY,Steuben,36101,Democratic,13491
NY,Steuben,36101,Republican,30590
NY,Steuben,36101,Conservative,1185
NY,Steuben,36101,WorkingFamilies,279
NY,Steuben,36101,Blank,14490
NY,Steuben,36101,Other,1991
NY,Suffolk,36103,Democratic,352756
NY,Suffolk,36103,Republican,338534
NY,Suffolk,36103,Conservative,20558
NY,Suffolk,36103,WorkingFamilies,4243
NY,Suffolk,36103,Blank,332281
NY,Suffolk,36103,Other,29261
NY,Sullivan,36105,Democratic,17340
NY,Sullivan,36105,Republican,17267
NY,Sullivan,36105,Conservative,1245
NY,Sullivan,36105,WorkingFamilies,294
NY,Sullivan,36105,Blank,13875
NY,Sullivan,36105,Other,1566
NY,Tioga,36107,Democratic,7906
NY,Tioga,36107,Republican,14691
NY,Tioga,36107,Conservative,583
NY,Tioga,36107,WorkingFamilies,125
NY,Tioga,36107,Blank,8080
NY,Tioga,36107,Other,1420
NY,Tompkins,36109,Democratic,32107
NY,Tompkins,36109,Republican,10269
NY,Tompkins,36109,Conservative,430
NY,Tompkins,36109,WorkingFamilies,459
NY,Tompkins,36109,Blank,14898
NY,Tompkins,36109,Other,1676
NY,Ulster,36111,Democratic,53774
NY,Ulster,36111,Republican,29005
NY,Ulster,36111,Conservative,2513
NY,Ulster,36111,WorkingFamilies,1020
NY,Ulster,36111,Blank,38375
NY,Ulster,36111,Other,4132
NY,Warren,36113,Democratic,12671
NY,Warren,36113,Republican,19311
NY,Warren,36113,Conservative,823
NY,Warren,36113,WorkingFamilies,166
NY,Warren,36113,Blank,12204
NY,Warren,36113,Other,2043
NY,Washington,36115,Democratic,9098
NY,Washington,36115,Republican,16420
NY,Washington,36115,Conservative,813
NY,Washington,36115,WorkingFamilies,201
NY,Washington,36115,Blank,11073
NY,Washington,36115,Other,1729
NY,Wayne,36117,Democratic,13620
NY,Wayne,36117,Republican,24841
NY,Wayne,36117,Conservative,1690
NY,Wayne,36117,WorkingFamilies,294
NY,Wayne,36117,Blank,17538
NY,Wayne,36117,Other,2165
NY,Westchester,36119,Democratic,318479
NY,Westchester,36119,Republican,123917
NY,Westchester,36119,Conservative,6946
NY,Westchester,36119,WorkingFamilies,2070
NY,Westchester,36119,Blank,174517
NY,Westchester,36119,Other,15890
NY,Wyoming,36121,Democratic,4554
NY,Wyoming,36121,Republican,12563
NY,Wyoming,36121,Conservative,634
NY,Wyoming,36121,WorkingFamilies,94
NY,Wyoming,36121,Blank,6347
NY,Wyoming,36121,Other,757
NY,Yates,36123,Democratic,3225
NY,Yates,36123,Republican,6574
NY,Yates,36123,Conservative,279
NY,Yates,36123,WorkingFamilies,57
NY,Yates,36123,Blank,3492
NY,Yates,36123,Other,584
OK,Adair,40001,Republican,6677
OK,Adair,40001,Democratic,2895
OK,Adair,40001,Independent,1940
OK,Adair,40001,Libertarian,95
OK,Alfalfa,40003,Republican,2354
OK,Alfalfa,40003,Democratic,307
OK,Alfalfa,40003,Independent,326
OK,Alfalfa,40003,Libertarian,23
OK,Atoka,40005,Republican,5208
OK,Atoka,40005,Democratic,2073
OK,Atoka,40005,Independent,1008
OK,Atoka,40005,Libertarian,55
OK,Beaver,40007,Republican,2469
OK,Beaver,40007,Democratic,286
OK,Beaver,40007,Independent,392
OK,Beaver,40007,Libertarian,25
OK,Beckham,40009,Republican,7954
OK,Beckham,40009,Democratic,1897
OK,Beckham,40009,Independent,1847
OK,Beckham,40009,Libertarian,98
OK,Blaine,40011,Republican,3683
OK,Blaine,40011,Democratic,1058
OK,Blaine,40011,Independent,844
OK,Blaine,40011,Libertarian,43
OK,Bryan,40013,Republican,17326
OK,Bryan,40013,Democratic,6506
OK,Bryan,40013,Independent,6215
OK,Bryan,40013,Libertarian,255
OK,Caddo,40015,Republican,7493
OK,Caddo,40015,Democratic,4290
OK,Caddo,40015,Independent,2425
OK,Caddo,40015,Libertarian,106
OK,Canadian,40017,Republican,64684
OK,Canadian,40017,Democratic,21543
OK,Canadian,40017,Independent,23560
OK,Canadian,40017,Libertarian,1288
OK,Carter,40019,Republican,17989
OK,Carter,40019,Democratic,7108
OK,Carter,40019,Independent,6116
OK,Carter,40019,Libertarian,272
OK,Cherokee,40021,Republican,13253
OK,Cherokee,40021,Democratic,9163
OK,Cherokee,40021,Independent,5888
OK,Cherokee,40021,Libertarian,261
OK,Choctaw,40023,Republican,5137
OK,Choctaw,40023,Democratic,2580
OK,Choctaw,40023,Independent,1433
OK,Choctaw,40023,Libertarian,54
OK,Cimarron,40025,Republican,1073
OK,Cimarron,40025,Democratic,147
OK,Cimarron,40025,Independent,123
OK,Cimarron,40025,Libertarian,4
OK,Cleveland,40027,Republican,85947
OK,Cleveland,40027,Democratic,50955
OK,Cleveland,40027,Independent,41776
OK,Cleveland,40027,Libertarian,1989
OK,Coal,40029,Republican,2185
OK,Coal,40029,Democratic,1144
OK,Coal,40029,Independent,489
OK,Coal,40029,Libertarian,19
OK,Comanche,40031,Republican,27582
OK,Comanche,40031,Democratic,17935
OK,Comanche,40031,Independent,16215
OK,Comanche,40031,Libertarian,698
OK,Cotton,40033,Republican,2499
OK,Cotton,40033,Democratic,778
OK,Cotton,40033,Independent,485
OK,Cotton,40033,Libertarian,20
OK,Craig,40035,Republican,5080
OK,Craig,40035,Democratic,2184
OK,Craig,40035,Independent,1231
OK,Craig,40035,Libertarian,62
OK,Creek,40037,Republican,28905
OK,Creek,40037,Democratic,8214
OK,Creek,40037,Independent,8231
OK,Creek,40037,Libertarian,404
OK,Custer,40039,Republican,9454
OK,Custer,40039,Democratic,3148
OK,Custer,40039,Independent,2716
OK,Custer,40039,Libertarian,160
OK,Delaware,40041,Republican,17886
OK,Delaware,40041,Democratic,5199
OK,Delaware,40041,Independent,5078
OK,Delaware,40041,Libertarian,220
OK,Dewey,40043,Republican,2318
OK,Dewey,40043,Democratic,402
OK,Dewey,40043,Independent,319
OK,Dewey,40043,Libertarian,9
OK,Ellis,40045,Republican,1958
OK,Ellis,40045,Democratic,282
OK,Ellis,40045,Independent,271
OK,Ellis,40045,Libertarian,13
OK,Garfield,40047,Republican,21517
OK,Garfield,40047,Democratic,5539
OK,Garfield,40047,Independent,6894
OK,Garfield,40047,Libertarian,350
OK,Garvin,40049,Republican,10497
OK,Garvin,40049,Democratic,3370
OK,Garvin,40049,Independent,2488
OK,Garvin,40049,Libertarian,122
OK,Grady,40051,Republican,24473
OK,Grady,40051,Democratic,6079
OK,Grady,40051,Independent,6035
OK,Grady,40051,Libertarian,335
OK,Grant,40053,Republican,2183
OK,Grant,40053,Democratic,357
OK,Grant,40053,Independent,325
OK,Grant,40053,Libertarian,22
OK,Greer,40055,Republican,1714
OK,Greer,40055,Democratic,698
OK,Greer,40055,Independent,486
OK,Greer,40055,Libertarian,22
OK,Harmon,40057,Republican,798
OK,Harmon,40057,Democratic,385
OK,Harmon,40057,Independent,195
OK,Harmon,40057,Libertarian,11
OK,Harper,40059,Republican,1490
OK,Harper,40059,Democratic,225
OK,Harper,40059,Independent,184
OK,Harper,40059,Libertarian,6
OK,Haskell,40061,Republican,4404
OK,Haskell,40061,Democratic,1907
OK,Haskell,40061,Independent,715
OK,Haskell,40061,Libertarian,38
OK,Hughes,40063,Republican,4066
OK,Hughes,40063,Democratic,1924
OK,Hughes,40063,Independent,1086
OK,Hughes,40063,Libertarian,50
OK,Jackson,40065,Republican,7940
OK,Jackson,40065,Democratic,2547
OK,Jackson,40065,Independent,2853
OK,Jackson,40065,Libertarian,174
OK,Jefferson,40067,Republican,2223
OK,Jefferson,40067,Democratic,777
OK,Jefferson,40067,Independent,514
OK,Jefferson,40067,Libertarian,26
OK,Johnston,40069,Republican,3735
OK,Johnston,40069,Democratic,1551
OK,Johnston,40069,Independent,861
OK,Johnston,40069,Libertarian,51
OK,Kay,40071,Republican,15599
OK,Kay,40071,Democratic,4962
OK,Kay,40071,Independent,5414
OK,Kay,40071,Libertarian,226
OK,Kingfisher,40073,Republican,7092
OK,Kingfisher,40073,Democratic,1188
OK,Kingfisher,40073,Independent,1105
OK,Kingfisher,40073,Libertarian,72
OK,Kiowa,40075,Republican,2847
OK,Kiowa,40075,Democratic,1217
OK,Kiowa,40075,Independent,775
OK,Kiowa,40075,Libertarian,28
OK,Latimer,40077,Republican,3462
OK,Latimer,40077,Democratic,1860
OK,Latimer,40077,Independent,816
OK,Latimer,40077,Libertarian,39
OK,Le Flore,40079,Republican,18391
OK,Le Flore,40079,Democratic,6433
OK,Le Flore,40079,Independent,5182
OK,Le Flore,40079,Libertarian,258
OK,Lincoln,40081,Republican,14916
OK,Lincoln,40081,Democratic,3639
OK,Lincoln,40081,Independent,3384
OK,Lincoln,40081,Libertarian,212
OK,Logan,40083,Republican,22369
OK,Logan,40083,Democratic,6133
OK,Logan,40083,Independent,6651
OK,Logan,40083,Libertarian,366
OK,Love,40085,Republican,3910
OK,Love,40085,Democratic,1566
OK,Love,40085,Independent,1303
OK,Love,40085,Libertarian,45
OK,McClain,40087,Republican,20422
OK,McClain,40087,Democratic,4831
OK,McClain,40087,Independent,5060
OK,McClain,40087,Libertarian,262
OK,McCurtain,40089,Republican,10884
OK,McCurtain,40089,Democratic,4355
OK,McCurtain,40089,Independent,2397
OK,McCurtain,40089,Libertarian,103
OK,McIntosh,40091,Republican,6902
OK,McIntosh,40091,Democratic,3977
OK,McIntosh,40091,Independent,1927
OK,McIntosh,40091,Libertarian,78
OK,Major,40093,Republican,3747
OK,Major,40093,Democratic,368
OK,Major,40093,Independent,525
OK,Major,40093,Libertarian,35
OK,Marshall,40095,Republican,6489
OK,Marshall,40095,Democratic,2024
OK,Marshall,40095,Independent,1863
OK,Marshall,40095,Libertarian,68
OK,Mayes,40097,Republican,15840
OK,Mayes,40097,Democratic,5367
OK,Mayes,40097,Independent,4179
OK,Mayes,40097,Libertarian,208
OK,Murray,40099,Republican,4993
OK,Murray,40099,Democratic,2310
OK,Murray,40099,Independent,1355
OK,Murray,40099,Libertarian,76
OK,Muskogee,40101,Republican,19067
OK,Muskogee,40101,Democratic,12050
OK,Muskogee,40101,Independent,7103
OK,Muskogee,40101,Libertarian,324
OK,Noble,40103,Republican,4645
OK,Noble,40103,Democratic,1252
OK,Noble,40103,Independent,1015
OK,Noble,40103,Libertarian,54
OK,Nowata,40105,Republican,4413
OK,Nowata,40105,Democratic,1190
OK,Nowata,40105,Independent,1065
OK,Nowata,40105,Libertarian,65
OK,Okfuskee,40107,Republican,3426
OK,Okfuskee,40107,Democratic,1709
OK,Okfuskee,40107,Independent,921
OK,Okfuskee,40107,Libertarian,41
OK,Oklahoma,40109,Republican,191773
OK,Oklahoma,40109,Democratic,154497
OK,Oklahoma,40109,Independent,113803
OK,Oklahoma,40109,Libertarian,4943
OK,Okmulgee,40111,Republican,11486
OK,Okmulgee,40111,Democratic,6323
OK,Okmulgee,40111,Independent,4153
OK,Okmulgee,40111,Libertarian,183
OK,Osage,40113,Republican,17125
OK,Osage,40113,Democratic,7375
OK,Osage,40113,Independent,5132
OK,Osage,40113,Libertarian,260
OK,Ottawa,40115,Republican,10261
OK,Ottawa,40115,Democratic,4447
OK,Ottawa,40115,Independent,3861
OK,Ottawa,40115,Libertarian,156
OK,Pawnee,40117,Republican,6505
OK,Pawnee,40117,Democratic,1884
OK,Pawnee,40117,Independent,1650
OK,Pawnee,40117,Libertarian,96
OK,Payne,40119,Republican,24423
OK,Payne,40119,Democratic,10960
OK,Payne,40119,Independent,9553
OK,Payne,40119,Libertarian,517
OK,Pittsburg,40121,Republican,16028
OK,Pittsburg,40121,Democratic,6721
OK,Pittsburg,40121,Independent,4615
OK,Pittsburg,40121,Libertarian,226
OK,Pontotoc,40123,Republican,12605
OK,Pontotoc,40123,Democratic,6346
OK,Pontotoc,40123,Independent,4336
OK,Pontotoc,40123,Libertarian,240
OK,Pottawatomie,40125,Republican,25589
OK,Pottawatomie,40125,Democratic,9389
OK,Pottawatomie,40125,Independent,8294
OK,Pottawatomie,40125,Libertarian,436
OK,Pushmataha,40127,Republican,4321
OK,Pushmataha,40127,Democratic,1804
OK,Pushmataha,40127,Independent,1011
OK,Pushmataha,40127,Libertarian,40
OK,Roger Mills,40129,Republican,1689
OK,Roger Mills,40129,Democratic,420
OK,Roger Mills,40129,Independent,236
OK,Roger Mills,40129,Libertarian,10
OK,Rogers,40131,Republican,43365
OK,Rogers,40131,Democratic,11532
OK,Rogers,40131,Independent,11415
OK,Rogers,40131,Libertarian,632
OK,Seminole,40133,Republican,6853
OK,Seminole,40133,Democratic,3341
OK,Seminole,40133,Independent,2425
OK,Seminole,40133,Libertarian,107
OK,Sequoyah,40135,Republican,14657
OK,Sequoyah,40135,Democratic,5751
OK,Sequoyah,40135,Independent,4372
OK,Sequoyah,40135,Libertarian,168
OK,Stephens,40137,Republican,18563
OK,Stephens,40137,Democratic,4875
OK,Stephens,40137,Independent,4383
OK,Stephens,40137,Libertarian,198
OK,Texas,40139,Republican,5560
OK,Texas,40139,Democratic,1426
OK,Texas,40139,Independent,1978
OK,Texas,40139,Libertarian,84
OK,Tillman,40141,Republican,2273
OK,Tillman,40141,Democratic,1060
OK,Tillman,40141,Independent,652
OK,Tillman,40141,Libertarian,27
OK,Tulsa,40143,Republican,191187
OK,Tulsa,40143,Democratic,113459
OK,Tulsa,40143,Independent,90040
OK,Tulsa,40143,Libertarian,4225
OK,Wagoner,40145,Republican,34696
OK,Wagoner,40145,Democratic,10662
OK,Wagoner,40145,Independent,9648
OK,Wagoner,40145,Libertarian,511
OK,Washington,40147,Republican,21500
OK,Washington,40147,Democratic,6057
OK,Washington,40147,Independent,6945
OK,Washington,40147,Libertarian,347
OK,Washita,40149,Republican,4481
OK,Washita,40149,Democratic,1218
OK,Washita,40149,Independent,1001
OK,Washita,40149,Libertarian,58
OK,Woods,40151,Republican,3589
OK,Woods,40151,Democratic,726
OK,Woods,40151,Independent,668
OK,Woods,40151,Libertarian,43
OK,Woodward,40153,Republican,7937
OK,Woodward,40153,Democratic,1375
OK,Woodward,40153,Independent,1696
OK,Woodward,40153,Libertarian,89
OR,Baker,41001,Democratic,1721
OR,Baker,41001,Republican,5842
OR,Baker,41001,Nonaffiliated,4432
OR,Baker,41001,IndependentParty,743
OR,Baker,41001,Other,212
OR,Benton,41003,Democratic,24986
OR,Benton,41003,Republican,12075
OR,Benton,41003,Nonaffiliated,20238
OR,Benton,41003,IndependentParty,2961
OR,Benton,41003,Other,1221
OR,Clackamas,41005,Democratic,100642
OR,Clackamas,41005,Republican,83796
OR,Clackamas,41005,Nonaffiliated,111783
OR,Clackamas,41005,IndependentParty,17548
OR,Clackamas,41005,Other,6346
OR,Clatsop,41007,Democratic,9800
OR,Clatsop,41007,Republican,7519
OR,Clatsop,41007,Nonaffiliated,12069
OR,Clatsop,41007,IndependentParty,1842
OR,Clatsop,41007,Other,729
OR,Columbia,41009,Democratic,10910
OR,Columbia,41009,Republican,11901
OR,Columbia,41009,Nonaffiliated,16293
OR,Columbia,41009,IndependentParty,2128
OR,Columbia,41009,Other,1028
OR,Coos,41011,Democratic,10834
OR,Coos,41011,Republican,15952
OR,Coos,41011,Nonaffiliated,19880
OR,Coos,41011,IndependentParty,2822
OR,Coos,41011,Other,1113
OR,Crook,41013,Democratic,2944
OR,Crook,41013,Republican,9705
OR,Crook,41013,Nonaffiliated,7308
OR,Crook,41013,IndependentParty,1138
OR,Crook,41013,Other,398
OR,Curry,41015,Democratic,3929
OR,Curry,41015,Republican,6188
OR,Curry,41015,Nonaffiliated,7410
OR,Curry,41015,IndependentParty,1202
OR,Curry,41015,Other,382
OR,Deschutes,41017,Democratic,48971
OR,Deschutes,41017,Republican,44897
OR,Deschutes,41017,Nonaffiliated,58327
OR,Deschutes,41017,IndependentParty,10511
OR,Deschutes,41017,Other,3269
OR,Douglas,41019,Democratic,15103
OR,Douglas,41019,Republican,34876
OR,Douglas,41019,Nonaffiliated,33570
OR,Douglas,41019,IndependentParty,4987
OR,Douglas,41019,Other,2006
OR,Gilliam,41021,Democratic,218
OR,Gilliam,41021,Republican,609
OR,Gilliam,41021,Nonaffiliated,493
OR,Gilliam,41021,IndependentParty,80
OR,Gilliam,41021,Other,40
OR,Grant,41023,Democratic,676
OR,Grant,41023,Republican,2797
OR,Grant,41023,Nonaffiliated,1684
OR,Grant,41023,IndependentParty,283
OR,Grant,41023,Other,95
OR,Harney,41025,Democratic,665
OR,Harney,41025,Republican,2769
OR,Harney,41025,Nonaffiliated,1802
OR,Harney,41025,IndependentParty,269
OR,Harney,41025,Other,100
OR,Hood River,41027,Democratic,6427
OR,Hood River,41027,Republican,2983
OR,Hood River,41027,Nonaffiliated,6274
OR,Hood River,41027,IndependentParty,833
OR,Hood River,41027,Other,328
OR,Jackson,41029,Democratic,41946
OR,Jackson,41029,Republican,49234
OR,Jackson,41029,Nonaffiliated,59920
OR,Jackson,41029,IndependentParty,9209
OR,Jackson,41029,Other,3665
OR,Jefferson,41031,Democratic,3052
OR,Jefferson,41031,Republican,5935
OR,Jefferson,41031,Nonaffiliated,7376
OR,Jefferson,41031,IndependentParty,916
OR,Jefferson,41031,Other,393
OR,Josephine,41033,Democratic,12691
OR,Josephine,41033,Republican,24968
OR,Josephine,41033,Nonaffiliated,26290
OR,Josephine,41033,IndependentParty,3810
OR,Josephine,41033,Other,1739
OR,Klamath,41035,Democratic,7414
OR,Klamath,41035,Republican,19980
OR,Klamath,41035,Nonaffiliated,20120
OR,Klamath,41035,IndependentParty,2743
OR,Klamath,41035,Other,1051
OR,Lake,41037,Democratic,535
OR,Lake,41037,Republican,2870
OR,Lake,41037,Nonaffiliated,1892
OR,Lake,41037,IndependentParty,265
OR,Lake,41037,Other,95
OR,Lane,41039,Democratic,99084
OR,Lane,41039,Republican,61089
OR,Lane,41039,Nonaffiliated,99228
OR,Lane,41039,IndependentParty,14620
OR,Lane,41039,Other,6652
OR,Lincoln,41041,Democratic,12884
OR,Lincoln,41041,Republican,8585
OR,Lincoln,41041,Nonaffiliated,15468
OR,Lincoln,41041,IndependentParty,2392
OR,Lincoln,41041,Other,889
OR,Linn,41043,Democratic,21001
OR,Linn,41043,Republican,34420
OR,Linn,41043,Nonaffiliated,38020
OR,Linn,41043,IndependentParty,5511
OR,Linn,41043,Other,2171
OR,Malheur,41045,Democratic,2202
OR,Malheur,41045,Republican,6277
OR,Malheur,41045,Nonaffiliated,9191
OR,Malheur,41045,IndependentParty,635
OR,Malheur,41045,Other,319
OR,Marion,41047,Democratic,60003
OR,Marion,41047,Republican,62461
OR,Marion,41047,Nonaffiliated,92766
OR,Marion,41047,IndependentParty,10779
OR,Marion,41047,Other,3967
OR,Morrow,41049,Democratic,989
OR,Morrow,41049,Republican,2531
OR,Morrow,41049,Nonaffiliated,3261
OR,Morrow,41049,IndependentParty,298
OR,Morrow,41049,Other,165
OR,Multnomah,41051,Democratic,280429
OR,Multnomah,41051,Republican,56425
OR,Multnomah,41051,Nonaffiliated,206448
OR,Multnomah,41051,IndependentParty,22364
OR,Multnomah,41051,Other,15493
OR,Polk,41053,Democratic,17016
OR,Polk,41053,Republican,19385
OR,Polk,41053,Nonaffiliated,23855
OR,Polk,41053,IndependentParty,3561
OR,Polk,41053,Other,1171
OR,Sherman,41055,Democratic,196
OR,Sherman,41055,Republican,726
OR,Sherman,41055,Nonaffiliated,483
OR,Sherman,41055,IndependentParty,70
OR,Sherman,41055,Other,34
OR,Tillamook,41057,Democratic,5967
OR,Tillamook,41057,Republican,6089
OR,Tillamook,41057,Nonaffiliated,8153
OR,Tillamook,41057,IndependentParty,1089
OR,Tillamook,41057,Other,431
OR,Umatilla,41059,Democratic,7854
OR,Umatilla,41059,Republican,16308
OR,Umatilla,41059,Nonaffiliated,23719
OR,Umatilla,41059,IndependentParty,2204
OR,Umatilla,41059,Other,1189
OR,Union,41061,Democratic,3095
OR,Union,41061,Republican,8350
OR,Union,41061,Nonaffiliated,6860
OR,Union,41061,IndependentParty,1039
OR,Union,41061,Other,354
OR,Wallowa,41063,Democratic,1059
OR,Wallowa,41063,Republican,2963
OR,Wallowa,41063,Nonaffiliated,1880
OR,Wallowa,41063,IndependentParty,317
OR,Wallowa,41063,Other,99
OR,Wasco,41065,Democratic,4780
OR,Wasco,41065,Republican,5189
OR,Wasco,41065,Nonaffiliated,7687
OR,Wasco,41065,IndependentParty,942
OR,Wasco,41065,Other,464
OR,Washington,41067,Democratic,142507
OR,Washington,41067,Republican,73610
OR,Washington,41067,Nonaffiliated,163834
OR,Washington,41067,IndependentParty,19454
OR,Washington,41067,Other,6874
OR,Wheeler,41069,Democratic,166
OR,Wheeler,41069,Republican,521
OR,Wheeler,41069,Nonaffiliated,281
OR,Wheeler,41069,IndependentParty,51
OR,Wheeler,41069,Other,25
OR,Yamhill,41071,Democratic,19726
OR,Yamhill,41071,Republican,23430
OR,Yamhill,41071,Nonaffiliated,28690
OR,Yamhill,41071,IndependentParty,4297
OR,Yamhill,41071,Other,1678
PA,Adams,42001,Democratic,19150
PA,Adams,42001,Republican,44013
PA,Adams,42001,NoAffiliation,10455
PA,Adams,42001,Other,2802
PA,Allegheny,42003,Democratic,502318
PA,Allegheny,42003,Republican,263762
PA,Allegheny,42003,NoAffiliation,112023
PA,Allegheny,42003,Other,37033
PA,Armstrong,42005,Democratic,10680
PA,Armstrong,42005,Republican,27636
PA,Armstrong,42005,NoAffiliation,3681
PA,Armstrong,42005,Other,1578
PA,Beaver,42007,Democratic,45843
PA,Beaver,42007,Republican,51951
PA,Beaver,42007,NoAffiliation,11701
PA,Beaver,42007,Other,4733
PA,Bedford,42009,Democratic,5282
PA,Bedford,42009,Republican,24567
PA,Bedford,42009,NoAffiliation,2283
PA,Bedford,42009,Other,889
PA,Berks,42011,Democratic,104182
PA,Berks,42011,Republican,118142
PA,Berks,42011,NoAffiliation,40642
PA,Berks,42011,Other,10407
PA,Blair,42013,Democratic,19769
PA,Blair,42013,Republican,50711
PA,Blair,42013,NoAffiliation,8375
PA,Blair,42013,Other,2716
PA,Bradford,42015,Democratic,7813
PA,Bradford,42015,Republican,25646
PA,Bradford,42015,NoAffiliation,3827
PA,Bradford,42015,Other,1531
PA,Bucks,42017,Democratic,193804
PA,Bucks,42017,Republican,202396
PA,Bucks,42017,NoAffiliation,69187
PA,Bucks,42017,Other,18489
PA,Butler,42019,Democratic,39101
PA,Butler,42019,Republican,82872
PA,Butler,42019,NoAffiliation,16140
PA,Butler,42019,Other,5168
PA,Cambria,42021,Democratic,29492
PA,Cambria,42021,Republican,46526
PA,Cambria,42021,NoAffiliation,7777
PA,Cambria,42021,Other,2118
PA,Cameron,42023,Democratic,665
PA,Cameron,42023,Republican,1838
PA,Cameron,42023,NoAffiliation,251
PA,Cameron,42023,Other,123
PA,Carbon,42025,Democratic,14064
PA,Carbon,42025,Republican,23851
PA,Carbon,42025,NoAffiliation,5716
PA,Carbon,42025,Other,1922
PA,Centre,42027,Democratic,41479
PA,Centre,42027,Republican,41907
PA,Centre,42027,NoAffiliation,15994
PA,Centre,42027,Other,2699
PA,Chester,42029,Democratic,160419
PA,Chester,42029,Republican,152138
PA,Chester,42029,NoAffiliation,58109
PA,Chester,42029,Other,18011
PA,Clarion,42031,Democratic,5066
PA,Clarion,42031,Republican,15566
PA,Clarion,42031,NoAffiliation,2072
PA,Clarion,42031,Other,646
PA,Clearfield,42033,Democratic,12053
PA,Clearfield,42033,Republican,31432
PA,Clearfield,42033,NoAffiliation,4281
PA,Clearfield,42033,Other,1785
PA,Clinton,42035,Democratic,6064
PA,Clinton,42035,Republican,13319
PA,Clinton,42035,NoAffiliation,2397
PA,Clinton,42035,Other,744
PA,Columbia,42037,Democratic,11818
PA,Columbia,42037,Republican,22444
PA,Columbia,42037,NoAffiliation,4829
PA,Columbia,42037,Other,1494
PA,Crawford,42039,Democratic,14461
PA,Crawford,42039,Republican,31855
PA,Crawford,42039,NoAffiliation,4906
PA,Crawford,42039,Other,1842
PA,Cumberland,42041,Democratic,61214
PA,Cumberland,42041,Republican,88446
PA,Cumberland,42041,NoAffiliation,26607
PA,Cumberland,42041,Other,6502
PA,Dauphin,42043,Democratic,85697
PA,Dauphin,42043,Republican,76241
PA,Dauphin,42043,NoAffiliation,30484
PA,Dauphin,42043,Other,7267
PA,Delaware,42045,Democratic,202343
PA,Delaware,42045,Republican,143382
PA,Delaware,42045,NoAffiliation,48451
PA,Delaware,42045,Other,15772
PA,Elk,42047,Democratic,5810
PA,Elk,42047,Republican,12137
PA,Elk,42047,NoAffiliation,1764
PA,Elk,42047,Other,786
PA,Erie,42049,Democratic,76489
PA,Erie,42049,Republican,70944
PA,Erie,42049,NoAffiliation,20640
PA,Erie,42049,Other,6670
PA,Fayette,42051,Democratic,29616
PA,Fayette,42051,Republican,41286
PA,Fayette,42051,NoAffiliation,6601
PA,Fayette,42051,Other,2070
PA,Forest,42053,Democratic,773
PA,Forest,42053,Republican,2032
PA,Forest,42053,NoAffiliation,267
PA,Forest,42053,Other,123
PA,Franklin,42055,Democratic,23465
PA,Franklin,42055,Republican,64415
PA,Franklin,42055,NoAffiliation,13786
PA,Franklin,42055,Other,3418
PA,Fulton,42057,Democratic,1475
PA,Fulton,42057,Republican,7478
PA,Fulton,42057,NoAffiliation,888
PA,Fulton,42057,Other,266
PA,Greene,42059,Democratic,7411
PA,Greene,42059,Republican,12116
PA,Greene,42059,NoAffiliation,1626
PA,Greene,42059,Other,599
PA,Huntingdon,42061,Democratic,6038
PA,Huntingdon,42061,Republican,18935
PA,Huntingdon,42061,NoAffiliation,2359
PA,Huntingdon,42061,Other,592
PA,Indiana,42063,Democratic,13968
PA,Indiana,42063,Republican,28897
PA,Indiana,42063,NoAffiliation,4629
PA,Indiana,42063,Other,1683
PA,Jefferson,42065,Democratic,5432
PA,Jefferson,42065,Republican,19457
PA,Jefferson,42065,NoAffiliation,2279
PA,Jefferson,42065,Other,928
PA,Juniata,42067,Democratic,2544
PA,Juniata,42067,Republican,10041
PA,Juniata,42067,NoAffiliation,1167
PA,Juniata,42067,Other,330
PA,Lackawanna,42069,Democratic,76272
PA,Lackawanna,42069,Republican,52281
PA,Lackawanna,42069,NoAffiliation,16985
PA,Lackawanna,42069,Other,3450
PA,Lancaster,42071,Democratic,112533
PA,Lancaster,42071,Republican,183988
PA,Lancaster,42071,NoAffiliation,50882
PA,Lancaster,42071,Other,15996
PA,Lawrence,42073,Democratic,19734
PA,Lawrence,42073,Republican,30195
PA,Lawrence,42073,NoAffiliation,5590
PA,Lawrence,42073,Other,1901
PA,Lebanon,42075,Democratic,25308
PA,Lebanon,42075,Republican,52604
PA,Lebanon,42075,NoAffiliation,12053
PA,Lebanon,42075,Other,3696
PA,Lehigh,42077,Democratic,110930
PA,Lehigh,42077,Republican,89728
PA,Lehigh,42077,NoAffiliation,45007
PA,Lehigh,42077,Other,7330
PA,Luzerne,42079,Democratic,84110
PA,Luzerne,42079,Republican,91204
PA,Luzerne,42079,NoAffiliation,25244
PA,Luzerne,42079,Other,5670
PA,Lycoming,42081,Democratic,18170
PA,Lycoming,42081,Republican,43862
PA,Lycoming,42081,NoAffiliation,7820
PA,Lycoming,42081,Other,2726
PA,McKean,42083,Democratic,5284
PA,McKean,42083,Republican,16165
PA,McKean,42083,NoAffiliation,2699
PA,McKean,42083,Other,1026
PA,Mercer,42085,Democratic,23151
PA,Mercer,42085,Republican,38308
PA,Mercer,42085,NoAffiliation,8356
PA,Mercer,42085,Other,2032
PA,Mifflin,42087,Democratic,5365
PA,Mifflin,42087,Republican,18641
PA,Mifflin,42087,NoAffiliation,2499
PA,Mifflin,42087,Other,620
PA,Monroe,42089,Democratic,48428
PA,Monroe,42089,Republican,43258
PA,Monroe,42089,NoAffiliation,20374
PA,Monroe,42089,Other,5006
PA,Montgomery,42091,Democratic,304603
PA,Montgomery,42091,Republican,208099
PA,Montgomery,42091,NoAffiliation,83123
PA,Montgomery,42091,Other,26206
PA,Montour,42093,Democratic,3759
PA,Montour,42093,Republican,6565
PA,Montour,42093,NoAffiliation,1599
PA,Montour,42093,Other,403
PA,Northampton,42095,Democratic,95601
PA,Northampton,42095,Republican,86925
PA,Northampton,42095,NoAffiliation,39092
PA,Northampton,42095,Other,9608
PA,Northumberland,42097,Democratic,15318
PA,Northumberland,42097,Republican,31950
PA,Northumberland,42097,NoAffiliation,5775
PA,Northumberland,42097,Other,2244
PA,Perry,42099,Democratic,5991
PA,Perry,42099,Republican,20995
PA,Perry,42099,NoAffiliation,3364
PA,Perry,42099,Other,851
PA,Philadelphia,42101,Democratic,774360
PA,Philadelphia,42101,Republican,131427
PA,Philadelphia,42101,NoAffiliation,148494
PA,Philadelphia,42101,Other,26374
PA,Pike,42103,Democratic,13575
PA,Pike,42103,Republican,22989
PA,Pike,42103,NoAffiliation,8401
PA,Pike,42103,Other,2153
PA,Potter,42105,Democratic,1743
PA,Potter,42105,Republican,8029
PA,Potter,42105,NoAffiliation,989
PA,Potter,42105,Other,275
PA,Schuylkill,42107,Democratic,25334
PA,Schuylkill,42107,Republican,53144
PA,Schuylkill,42107,NoAffiliation,9934
PA,Schuylkill,42107,Other,3782
PA,Snyder,42109,Democratic,4886
PA,Snyder,42109,Republican,15956
PA,Snyder,42109,NoAffiliation,2340
PA,Snyder,42109,Other,665
PA,Somerset,42111,Democratic,10500
PA,Somerset,42111,Republican,32819
PA,Somerset,42111,NoAffiliation,4349
PA,Somerset,42111,Other,764
PA,Sullivan,42113,Democratic,1063
PA,Sullivan,42113,Republican,2845
PA,Sullivan,42113,NoAffiliation,371
PA,Sullivan,42113,Other,161
PA,Susquehanna,42115,Democratic,6257
PA,Susquehanna,42115,Republican,17568
PA,Susquehanna,42115,NoAffiliation,2916
PA,Susquehanna,42115,Other,1156
PA,Tioga,42117,Democratic,4925
PA,Tioga,42117,Republican,18113
PA,Tioga,42117,NoAffiliation,2918
PA,Tioga,42117,Other,794
PA,Union,42119,Democratic,7760
PA,Union,42119,Republican,14407
PA,Union,42119,NoAffiliation,3202
PA,Union,42119,Other,980
PA,Venango,42121,Democratic,8052
PA,Venango,42121,Republican,20174
PA,Venango,42121,NoAffiliation,3367
PA,Venango,42121,Other,1217
PA,Warren,42123,Democratic,6360
PA,Warren,42123,Republican,15263
PA,Warren,42123,NoAffiliation,2550
PA,Warren,42123,Other,1259
PA,Washington,42125,Democratic,52883
PA,Washington,42125,Republican,72956
PA,Washington,42125,NoAffiliation,15832
PA,Washington,42125,Other,3801
PA,Wayne,42127,Democratic,8676
PA,Wayne,42127,Republican,21717
PA,Wayne,42127,NoAffiliation,5105
PA,Wayne,42127,Other,1056
PA,Westmoreland,42129,Democratic,86901
PA,Westmoreland,42129,Republican,130919
PA,Westmoreland,42129,NoAffiliation,23589
PA,Westmoreland,42129,Other,9230
PA,Wyoming,42131,Democratic,4683
PA,Wyoming,42131,Republican,11340
PA,Wyoming,42131,NoAffiliation,1785
PA,Wyoming,42131,Other,662
PA,York,42133,Democratic,95967
PA,York,42133,Republican,168331
PA,York,42133,NoAffiliation,52757
PA,York,42133,Other,8789
RI,Barrington,,Democratic,5555
RI,Barrington,,Republican,1724
RI,Barrington,,Unaffiliated,7023
RI,Barrington,,Other,0
RI,Bristol,,Democratic,4909
RI,Bristol,,Republican,2293
RI,Bristol,,Unaffiliated,8948
RI,Bristol,,Other,0
RI,Burrillville,,Democratic,2376
RI,Burrillville,,Republican,3128
RI,Burrillville,,Unaffiliated,7506
RI,Burrillville,,Other,0
RI,Central Falls,,Democratic,4244
RI,Central Falls,,Republican,782
RI,Central Falls,,Unaffiliated,3556
RI,Central Falls,,Other,0
RI,Charlestown,,Democratic,1863
RI,Charlestown,,Republican,1382
RI,Charlestown,,Unaffiliated,3974
RI,Charlestown,,Other,0
RI,Coventry,,Democratic,5844
RI,Coventry,,Republican,5745
RI,Coventry,,Unaffiliated,17325
RI,Coventry,,Other,0
RI,Cranston,,Democratic,18688
RI,Cranston,,Republican,9157
RI,Cranston,,Unaffiliated,32221
RI,Cranston,,Other,0
RI,Cumberland,,Democratic,8542
RI,Cumberland,,Republican,4202
RI,Cumberland,,Unaffiliated,15195
RI,Cumberland,,Other,0
RI,East Greenwich,,Democratic,3497
RI,East Greenwich,,Republican,1883
RI,East Greenwich,,Unaffiliated,6277
RI,East Greenwich,,Other,0
RI,East Providence,,Democratic,14244
RI,East Providence,,Republican,4364
RI,East Providence,,Unaffiliated,17858
RI,East Providence,,Other,0
RI,Exeter,,Democratic,1139
RI,Exeter,,Republican,1102
RI,Exeter,,Unaffiliated,3376
RI,Exeter,,Other,0
RI,Foster,,Democratic,661
RI,Foster,,Republican,1018
RI,Foster,,Unaffiliated,2420
RI,Foster,,Other,0
RI,Glocester,,Democratic,1537
RI,Glocester,,Republican,2017
RI,Glocester,,Unaffiliated,5394
RI,Glocester,,Other,0
RI,Hopkinton,,Democratic,1499
RI,Hopkinton,,Republican,1589
RI,Hopkinton,,Unaffiliated,4038
RI,Hopkinton,,Other,0
RI,Jamestown,,Democratic,1877
RI,Jamestown,,Republican,625
RI,Jamestown,,Unaffiliated,2572
RI,Jamestown,,Other,0
RI,Johnston,,Democratic,7891
RI,Johnston,,Republican,4055
RI,Johnston,,Unaffiliated,12140
RI,Johnston,,Other,0
RI,Lincoln,,Democratic,4872
RI,Lincoln,,Republican,2927
RI,Lincoln,,Unaffiliated,10339
RI,Lincoln,,Other,0
RI,Little Compton,,Democratic,989
RI,Little Compton,,Republican,574
RI,Little Compton,,Unaffiliated,1737
RI,Little Compton,,Other,0
RI,Middletown,,Democratic,3888
RI,Middletown,,Republican,1698
RI,Middletown,,Unaffiliated,6003
RI,Middletown,,Other,0
RI,Narragansett,,Democratic,3469
RI,Narragansett,,Republican,1875
RI,Narragansett,,Unaffiliated,6985
RI,Narragansett,,Other,0
RI,New Shoreham,,Democratic,471
RI,New Shoreham,,Republican,146
RI,New Shoreham,,Unaffiliated,528
RI,New Shoreham,,Other,0
RI,Newport,,Democratic,6208
RI,Newport,,Republican,1839
RI,Newport,,Unaffiliated,6968
RI,Newport,,Other,0
RI,North Kingstown,,Democratic,6552
RI,North Kingstown,,Republican,3528
RI,North Kingstown,,Unaffiliated,13477
RI,North Kingstown,,Other,0
RI,North Providence,,Democratic,10610
RI,North Providence,,Republican,3068
RI,North Providence,,Unaffiliated,12192
RI,North Providence,,Other,0
RI,North Smithfield,,Democratic,2390
RI,North Smithfield,,Republican,2041
RI,North Smithfield,,Unaffiliated,5820
RI,North Smithfield,,Other,0
RI,Pawtucket,,Democratic,21956
RI,Pawtucket,,Republican,4441
RI,Pawtucket,,Unaffiliated,21470
RI,Pawtucket,,Other,0
RI,Portsmouth,,Democratic,4326
RI,Portsmouth,,Republican,2514
RI,Portsmouth,,Unaffiliated,7876
RI,Portsmouth,,Other,0
RI,Providence,,Democratic,61862
RI,Providence,,Republican,7816
RI,Providence,,Unaffiliated,42721
RI,Providence,,Other,0
RI,Richmond,,Democratic,1444
RI,Richmond,,Republican,1442
RI,Richmond,,Unaffiliated,4064
RI,Richmond,,Other,0
RI,Scituate,,Democratic,1528
RI,Scituate,,Republican,2130
RI,Scituate,,Unaffiliated,5408
RI,Scituate,,Other,0
RI,Smithfield,,Democratic,3930
RI,Smithfield,,Republican,2918
RI,Smithfield,,Unaffiliated,9189
RI,Smithfield,,Other,0
RI,South Kingstown,,Democratic,7624
RI,South Kingstown,,Republican,2822
RI,South Kingstown,,Unaffiliated,11923
RI,South Kingstown,,Other,0
RI,Tiverton,,Democratic,3729
RI,Tiverton,,Republican,2480
RI,Tiverton,,Unaffiliated,7394
RI,Tiverton,,Other,0
RI,Warren,,Democratic,2766
RI,Warren,,Republican,1200
RI,Warren,,Unaffiliated,4850
RI,Warren,,Other,0
RI,Warwick,,Democratic,19246
RI,Warwick,,Republican,10446
RI,Warwick,,Unaffiliated,37699
RI,Warwick,,Other,0
RI,West Greenwich,,Democratic,944
RI,West Greenwich,,Republican,1272
RI,West Greenwich,,Unaffiliated,3249
RI,West Greenwich,,Other,0
RI,West Warwick,,Democratic,6247
RI,West Warwick,,Republican,3920
RI,West Warwick,,Unaffiliated,12604
RI,West Warwick,,Other,0
RI,Westerly,,Democratic,5365
RI,Westerly,,Republican,3683
RI,Westerly,,Unaffiliated,10120
RI,Westerly,,Other,0
RI,Woonsocket,,Democratic,8175
RI,Woonsocket,,Republican,3959
RI,Woonsocket,,Unaffiliated,13862
RI,Woonsocket,,Other,0
SD,Aurora,46003,Republican,1008
SD,Aurora,46003,Democratic,462
SD,Aurora,46003,Independent/NPA,329
SD,Aurora,46003,Libertarian,2
SD,Aurora,46003,Other,3
SD,Beadle,46005,Republican,5312
SD,Beadle,46005,Democratic,2282
SD,Beadle,46005,Independent/NPA,2540
SD,Beadle,46005,Libertarian,30
SD,Beadle,46005,Other,44
SD,Bennett,46007,Republican,722
SD,Bennett,46007,Democratic,657
SD,Bennett,46007,Independent/NPA,402
SD,Bennett,46007,Libertarian,7
SD,Bennett,46007,Other,2
SD,Bon Homme,46009,Republican,2425
SD,Bon Homme,46009,Democratic,802
SD,Bon Homme,46009,Independent/NPA,709
SD,Bon Homme,46009,Libertarian,10
SD,Bon Homme,46009,Other,0
SD,Brookings,46011,Republican,10347
SD,Brookings,46011,Democratic,4954
SD,Brookings,46011,Independent/NPA,6414
SD,Brookings,46011,Libertarian,96
SD,Brookings,46011,Other,22
SD,Brown,46013,Republican,12698
SD,Brown,46013,Democratic,6005
SD,Brown,46013,Independent/NPA,4937
SD,Brown,46013,Libertarian,85
SD,Brown,46013,Other,8
SD,Brule,46015,Republican,1784
SD,Brule,46015,Democratic,821
SD,Brule,46015,Independent/NPA,649
SD,Brule,46015,Libertarian,12
SD,Brule,46015,Other,2
SD,Buffalo,46017,Republican,159
SD,Buffalo,46017,Democratic,523
SD,Buffalo,46017,Independent/NPA,192
SD,Buffalo,46017,Libertarian,4
SD,Buffalo,46017,Other,4
SD,Butte,46019,Republican,4662
SD,Butte,46019,Democratic,724
SD,Butte,46019,Independent/NPA,1521
SD,Butte,46019,Libertarian,55
SD,Butte,46019,Other,24
SD,Campbell,46021,Republican,897
SD,Campbell,46021,Democratic,92
SD,Campbell,46021,Independent/NPA,111
SD,Campbell,46021,Libertarian,2
SD,Campbell,46021,Other,0
SD,Charles Mix,46023,Republican,2785
SD,Charles Mix,46023,Democratic,1697
SD,Charles Mix,46023,Independent/NPA,960
SD,Charles Mix,46023,Libertarian,7
SD,Charles Mix,46023,Other,0
SD,Clark,46025,Republican,1734
SD,Clark,46025,Democratic,460
SD,Clark,46025,Independent/NPA,433
SD,Clark,46025,Libertarian,4
SD,Clark,46025,Other,0
SD,Clay,46027,Republican,3027
SD,Clay,46027,Democratic,2734
SD,Clay,46027,Independent/NPA,2474
SD,Clay,46027,Libertarian,38
SD,Clay,46027,Other,21
SD,Codington,46029,Republican,10624
SD,Codington,46029,Democratic,3571
SD,Codington,46029,Independent/NPA,4690
SD,Codington,46029,Libertarian,57
SD,Codington,46029,Other,21
SD,Corson,46031,Republican,756
SD,Corson,46031,Democratic,911
SD,Corson,46031,Independent/NPA,570
SD,Corson,46031,Libertarian,4
SD,Corson,46031,Other,3
SD,Custer,46033,Republican,5240
SD,Custer,46033,Democratic,999
SD,Custer,46033,Independent/NPA,1807
SD,Custer,46033,Libertarian,40
SD,Custer,46033,Other,26
SD,Davison,46035,Republican,7090
SD,Davison,46035,Democratic,2653
SD,Davison,46035,Independent/NPA,3416
SD,Davison,46035,Libertarian,33
SD,Davison,46035,Other,34
SD,Day,46037,Republican,2029
SD,Day,46037,Democratic,1149
SD,Day,46037,Independent/NPA,736
SD,Day,46037,Libertarian,11
SD,Day,46037,Other,3
SD,Deuel,46039,Republican,1835
SD,Deuel,46039,Democratic,537
SD,Deuel,46039,Independent/NPA,787
SD,Deuel,46039,Libertarian,8
SD,Deuel,46039,Other,1
SD,Dewey,46041,Republican,800
SD,Dewey,46041,Democratic,1757
SD,Dewey,46041,Independent/NPA,875
SD,Dewey,46041,Libertarian,5
SD,Dewey,46041,Other,3
SD,Douglas,46043,Republican,1682
SD,Douglas,46043,Democratic,183
SD,Douglas,46043,Independent/NPA,225
SD,Douglas,46043,Libertarian,2
SD,Douglas,46043,Other,0
SD,Edmunds,46045,Republican,1815
SD,Edmunds,46045,Democratic,443
SD,Edmunds,46045,Independent/NPA,421
SD,Edmunds,46045,Libertarian,6
SD,Edmunds,46045,Other,2
SD,Fall River,46047,Republican,3915
SD,Fall River,46047,Democratic,772
SD,Fall River,46047,Independent/NPA,1442
SD,Fall River,46047,Libertarian,32
SD,Fall River,46047,Other,3
SD,Faulk,46049,Republican,1146
SD,Faulk,46049,Democratic,152
SD,Faulk,46049,Independent/NPA,236
SD,Faulk,46049,Libertarian,0
SD,Faulk,46049,Other,0
SD,Grant,46051,Republican,2739
SD,Grant,46051,Democratic,947
SD,Grant,46051,Independent/NPA,1060
SD,Grant,46051,Libertarian,19
SD,Grant,46051,Other,9
SD,Gregory,46053,Republican,1910
SD,Gregory,46053,Democratic,553
SD,Gregory,46053,Independent/NPA,413
SD,Gregory,46053,Libertarian,4
SD,Gregory,46053,Other,0
SD,Haakon,46055,Republican,1142
SD,Haakon,46055,Democratic,101
SD,Haakon,46055,Independent/NPA,129
SD,Haakon,46055,Libertarian,3
SD,Haakon,46055,Other,4
SD,Hamlin,46057,Republican,3105
SD,Hamlin,46057,Democratic,502
SD,Hamlin,46057,Independent/NPA,660
SD,Hamlin,46057,Libertarian,8
SD,Hamlin,46057,Other,1
SD,Hand,46059,Republican,1653
SD,Hand,46059,Democratic,341
SD,Hand,46059,Independent/NPA,233
SD,Hand,46059,Libertarian,10
SD,Hand,46059,Other,3
SD,Hanson,46061,Republican,1785
SD,Hanson,46061,Democratic,488
SD,Hanson,46061,Independent/NPA,789
SD,Hanson,46061,Libertarian,4
SD,Hanson,46061,Other,8
SD,Harding,46063,Republican,825
SD,Harding,46063,Democratic,57
SD,Harding,46063,Independent/NPA,119
SD,Harding,46063,Libertarian,4
SD,Harding,46063,Other,3
SD,Hughes,46065,Republican,7282
SD,Hughes,46065,Democratic,1987
SD,Hughes,46065,Independent/NPA,2411
SD,Hughes,46065,Libertarian,50
SD,Hughes,46065,Other,17
SD,Hutchinson,46067,Republican,3432
SD,Hutchinson,46067,Democratic,668
SD,Hutchinson,46067,Independent/NPA,854
SD,Hutchinson,46067,Libertarian,15
SD,Hutchinson,46067,Other,7
SD,Hyde,46069,Republican,652
SD,Hyde,46069,Democratic,137
SD,Hyde,46069,Independent/NPA,128
SD,Hyde,46069,Libertarian,3
SD,Hyde,46069,Other,0
SD,Jackson,46071,Republican,927
SD,Jackson,46071,Democratic,554
SD,Jackson,46071,Independent/NPA,342
SD,Jackson,46071,Libertarian,7
SD,Jackson,46071,Other,1
SD,Jerauld,46073,Republican,760
SD,Jerauld,46073,Democratic,307
SD,Jerauld,46073,Independent/NPA,216
SD,Jerauld,46073,Libertarian,6
SD,Jerauld,46073,Other,1
SD,Jones,46075,Republican,501
SD,Jones,46075,Democratic,51
SD,Jones,46075,Independent/NPA,81
SD,Jones,46075,Libertarian,1
SD,Jones,46075,Other,0
SD,Kingsbury,46077,Republican,2324
SD,Kingsbury,46077,Democratic,581
SD,Kingsbury,46077,Independent/NPA,694
SD,Kingsbury,46077,Libertarian,9
SD,Kingsbury,46077,Other,3
SD,Lake,46079,Republican,4362
SD,Lake,46079,Democratic,1752
SD,Lake,46079,Independent/NPA,1556
SD,Lake,46079,Libertarian,25
SD,Lake,46079,Other,6
SD,Lawrence,46081,Republican,12521
SD,Lawrence,46081,Democratic,3796
SD,Lawrence,46081,Independent/NPA,6230
SD,Lawrence,46081,Libertarian,164
SD,Lawrence,46081,Other,52
SD,Lincoln,46083,Republican,26628
SD,Lincoln,46083,Democratic,10026
SD,Lincoln,46083,Independent/NPA,13433
SD,Lincoln,46083,Libertarian,213
SD,Lincoln,46083,Other,95
SD,Lyman,46085,Republican,1173
SD,Lyman,46085,Democratic,624
SD,Lyman,46085,Independent/NPA,413
SD,Lyman,46085,Libertarian,4
SD,Lyman,46085,Other,1
SD,Marshall,46091,Republican,1361
SD,Marshall,46091,Democratic,874
SD,Marshall,46091,Independent/NPA,547
SD,Marshall,46091,Libertarian,2
SD,Marshall,46091,Other,2
SD,McCook,46087,Republican,2446
SD,McCook,46087,Democratic,723
SD,McCook,46087,Independent/NPA,758
SD,McCook,46087,Libertarian,10
SD,McCook,46087,Other,4
SD,McPherson,46089,Republican,1315
SD,McPherson,46089,Democratic,165
SD,McPherson,46089,Independent/NPA,183
SD,McPherson,46089,Libertarian,7
SD,McPherson,46089,Other,1
SD,Meade,46093,Republican,13043
SD,Meade,46093,Democratic,2594
SD,Meade,46093,Independent/NPA,4929
SD,Meade,46093,Libertarian,144
SD,Meade,46093,Other,28
SD,Mellette,46095,Republican,508
SD,Mellette,46095,Democratic,389
SD,Mellette,46095,Independent/NPA,284
SD,Mellette,46095,Libertarian,0
SD,Mellette,46095,Other,0
SD,Miner,46097,Republican,871
SD,Miner,46097,Democratic,392
SD,Miner,46097,Independent/NPA,323
SD,Miner,46097,Libertarian,4
SD,Miner,46097,Other,1
SD,Minnehaha,46099,Republican,59726
SD,Minnehaha,46099,Democratic,34725
SD,Minnehaha,46099,Independent/NPA,41158
SD,Minnehaha,46099,Libertarian,687
SD,Minnehaha,46099,Other,217
SD,Moody,46101,Republican,2050
SD,Moody,46101,Democratic,1238
SD,Moody,46101,Independent/NPA,1120
SD,Moody,46101,Libertarian,15
SD,Moody,46101,Other,4
SD,Oglala Lakota,46102,Republican,589
SD,Oglala Lakota,46102,Democratic,5038
SD,Oglala Lakota,46102,Independent/NPA,2151
SD,Oglala Lakota,46102,Libertarian,17
SD,Oglala Lakota,46102,Other,1
SD,Pennington,46103,Republican,45967
SD,Pennington,46103,Democratic,16806
SD,Pennington,46103,Independent/NPA,24231
SD,Pennington,46103,Libertarian,629
SD,Pennington,46103,Other,236
SD,Perkins,46105,Republican,1575
SD,Perkins,46105,Democratic,233
SD,Perkins,46105,Independent/NPA,331
SD,Perkins,46105,Libertarian,4
SD,Perkins,46105,Other,5
SD,Potter,46107,Republican,1364
SD,Potter,46107,Democratic,166
SD,Potter,46107,Independent/NPA,167
SD,Potter,46107,Libertarian,0
SD,Potter,46107,Other,5
SD,Roberts,46109,Republican,2315
SD,Roberts,46109,Democratic,2214
SD,Roberts,46109,Independent/NPA,1564
SD,Roberts,46109,Libertarian,9
SD,Roberts,46109,Other,15
SD,Sanborn,46111,Republican,1005
SD,Sanborn,46111,Democratic,337
SD,Sanborn,46111,Independent/NPA,281
SD,Sanborn,46111,Libertarian,7
SD,Sanborn,46111,Other,1
SD,Spink,46115,Republican,2584
SD,Spink,46115,Democratic,888
SD,Spink,46115,Independent/NPA,689
SD,Spink,46115,Libertarian,10
SD,Spink,46115,Other,4
SD,Stanley,46117,Republican,1615
SD,Stanley,46117,Democratic,311
SD,Stanley,46117,Independent/NPA,318
SD,Stanley,46117,Libertarian,8
SD,Stanley,46117,Other,0
SD,Sully,46119,Republican,843
SD,Sully,46119,Democratic,146
SD,Sully,46119,Independent/NPA,149
SD,Sully,46119,Libertarian,4
SD,Sully,46119,Other,2
SD,Todd,46121,Republican,651
SD,Todd,46121,Democratic,2612
SD,Todd,46121,Independent/NPA,1163
SD,Todd,46121,Libertarian,6
SD,Todd,46121,Other,3
SD,Tripp,46123,Republican,2463
SD,Tripp,46123,Democratic,503
SD,Tripp,46123,Independent/NPA,524
SD,Tripp,46123,Libertarian,5
SD,Tripp,46123,Other,5
SD,Turner,46125,Republican,3733
SD,Turner,46125,Democratic,1069
SD,Turner,46125,Independent/NPA,1249
SD,Turner,46125,Libertarian,19
SD,Turner,46125,Other,1
SD,Union,46127,Republican,6729
SD,Union,46127,Democratic,2145
SD,Union,46127,Independent/NPA,3581
SD,Union,46127,Libertarian,50
SD,Union,46127,Other,12
SD,Walworth,46129,Republican,2448
SD,Walworth,46129,Democratic,527
SD,Walworth,46129,Independent/NPA,610
SD,Walworth,46129,Libertarian,10
SD,Walworth,46129,Other,9
SD,Yankton,46135,Republican,7728
SD,Yankton,46135,Democratic,3143
SD,Yankton,46135,Independent/NPA,3686
SD,Yankton,46135,Libertarian,56
SD,Yankton,46135,Other,21
SD,Ziebach,46137,Republican,432
SD,Ziebach,46137,Democratic,705
SD,Ziebach,46137,Independent/NPA,448
SD,Ziebach,46137,Libertarian,4
SD,Ziebach,46137,Other,1
UT,Beaver,49001,Republican,2858
UT,Beaver,49001,Democratic,173
UT,Beaver,49001,Unaffiliated,611
UT,Beaver,49001,Libertarian,25
UT,Beaver,49001,Other,166
UT,Box Elder,49003,Republican,22077
UT,Box Elder,49003,Democratic,1681
UT,Box Elder,49003,Unaffiliated,8535
UT,Box Elder,49003,Libertarian,303
UT,Box Elder,49003,Other,1416
UT,Cache,49005,Republican,40842
UT,Cache,49005,Democratic,6693
UT,Cache,49005,Unaffiliated,20171
UT,Cache,49005,Libertarian,707
UT,Cache,49005,Other,2413
UT,Carbon,49007,Republican,5867
UT,Carbon,49007,Democratic,1481
UT,Carbon,49007,Unaffiliated,2950
UT,Carbon,49007,Libertarian,86
UT,Carbon,49007,Other,590
UT,Daggett,49009,Republican,493
UT,Daggett,49009,Democratic,54
UT,Daggett,49009,Unaffiliated,88
UT,Daggett,49009,Libertarian,4
UT,Daggett,49009,Other,36
UT,Davis,49011,Republican,110475
UT,Davis,49011,Democratic,21124
UT,Davis,49011,Unaffiliated,58866
UT,Davis,49011,Libertarian,2077
UT,Davis,49011,Other,8898
UT,Duchesne,49013,Republican,7971
UT,Duchesne,49013,Democratic,487
UT,Duchesne,49013,Unaffiliated,1659
UT,Duchesne,49013,Libertarian,86
UT,Duchesne,49013,Other,434
UT,Emery,49015,Republican,4062
UT,Emery,49015,Democratic,234
UT,Emery,49015,Unaffiliated,1288
UT,Emery,49015,Libertarian,27
UT,Emery,49015,Other,212
UT,Garfield,49017,Republican,2416
UT,Garfield,49017,Democratic,200
UT,Garfield,49017,Unaffiliated,526
UT,Garfield,49017,Libertarian,15
UT,Garfield,49017,Other,123
UT,Grand,49019,Republican,2153
UT,Grand,49019,Democratic,1237
UT,Grand,49019,Unaffiliated,2157
UT,Grand,49019,Libertarian,49
UT,Grand,49019,Other,245
UT,Iron,49021,Republican,21637
UT,Iron,49021,Democratic,2283
UT,Iron,49021,Unaffiliated,6939
UT,Iron,49021,Libertarian,405
UT,Iron,49021,Other,1810
UT,Juab,49023,Republican,5454
UT,Juab,49023,Democratic,287
UT,Juab,49023,Unaffiliated,1597
UT,Juab,49023,Libertarian,50
UT,Juab,49023,Other,257
UT,Kane,49025,Republican,3473
UT,Kane,49025,Democratic,485
UT,Kane,49025,Unaffiliated,922
UT,Kane,49025,Libertarian,43
UT,Kane,49025,Other,270
UT,Millard,49027,Republican,5680
UT,Millard,49027,Democratic,269
UT,Millard,49027,Unaffiliated,1346
UT,Millard,49027,Libertarian,44
UT,Millard,49027,Other,226
UT,Morgan,49029,Republican,5845
UT,Morgan,49029,Democratic,385
UT,Morgan,49029,Unaffiliated,1875
UT,Morgan,49029,Libertarian,69
UT,Morgan,49029,Other,309
UT,Piute,49031,Republican,901
UT,Piute,49031,Democratic,32
UT,Piute,49031,Unaffiliated,139
UT,Piute,49031,Libertarian,3
UT,Piute,49031,Other,28
UT,Rich,49033,Republican,1245
UT,Rich,49033,Democratic,65
UT,Rich,49033,Unaffiliated,233
UT,Rich,49033,Libertarian,9
UT,Rich,49033,Other,31
UT,Salt Lake,49035,Republican,237693
UT,Salt Lake,49035,Democratic,134569
UT,Salt Lake,49035,Unaffiliated,187655
UT,Salt Lake,49035,Libertarian,5933
UT,Salt Lake,49035,Other,29411
UT,San Juan,49037,Republican,3240
UT,San Juan,49037,Democratic,1737
UT,San Juan,49037,Unaffiliated,1867
UT,San Juan,49037,Libertarian,31
UT,San Juan,49037,Other,222
UT,Sanpete,49039,Republican,10840
UT,Sanpete,49039,Democratic,679
UT,Sanpete,49039,Unaffiliated,3309
UT,Sanpete,49039,Libertarian,112
UT,Sanpete,49039,Other,733
UT,Sevier,49041,Republican,9261
UT,Sevier,49041,Democratic,419
UT,Sevier,49041,Unaffiliated,2355
UT,Sevier,49041,Libertarian,77
UT,Sevier,49041,Other,454
UT,Summit,49043,Republican,11113
UT,Summit,49043,Democratic,7215
UT,Summit,49043,Unaffiliated,9196
UT,Summit,49043,Libertarian,280
UT,Summit,49043,Other,1687
UT,Tooele,49045,Republican,21229
UT,Tooele,49045,Democratic,4103
UT,Tooele,49045,Unaffiliated,13638
UT,Tooele,49045,Libertarian,458
UT,Tooele,49045,Other,2393
UT,Uintah,49047,Republican,13275
UT,Uintah,49047,Democratic,861
UT,Uintah,49047,Unaffiliated,3112
UT,Uintah,49047,Libertarian,161
UT,Uintah,49047,Other,803
UT,Utah,49049,Republican,220798
UT,Utah,49049,Democratic,29811
UT,Utah,49049,Unaffiliated,98461
UT,Utah,49049,Libertarian,4480
UT,Utah,49049,Other,17756
UT,Wasatch,49051,Republican,12242
UT,Wasatch,49051,Democratic,2787
UT,Wasatch,49051,Unaffiliated,5831
UT,Wasatch,49051,Libertarian,256
UT,Wasatch,49051,Other,1329
UT,Washington,49053,Republican,72058
UT,Washington,49053,Democratic,9477
UT,Washington,49053,Unaffiliated,23716
UT,Washington,49053,Libertarian,1267
UT,Washington,49053,Other,6658
UT,Wayne,49055,Republican,1306
UT,Wayne,49055,Democratic,135
UT,Wayne,49055,Unaffiliated,313
UT,Wayne,49055,Libertarian,7
UT,Wayne,49055,Other,71
UT,Weber,49057,Republican,66043
UT,Weber,49057,Democratic,19107
UT,Weber,49057,Unaffiliated,40945
UT,Weber,49057,Libertarian,1462
UT,Weber,49057,Other,7095
WV,Barbour,54001,Democratic,2109
WV,Barbour,54001,Republican,4778
WV,Barbour,54001,NoParty,2185
WV,Barbour,54001,Libertarian,71
WV,Barbour,54001,Mountain,19
WV,Barbour,54001,Other,380
WV,Berkeley,54003,Democratic,22437
WV,Berkeley,54003,Republican,43770
WV,Berkeley,54003,NoParty,32859
WV,Berkeley,54003,Libertarian,1393
WV,Berkeley,54003,Mountain,221
WV,Berkeley,54003,Other,994
WV,Boone,54005,Democratic,4895
WV,Boone,54005,Republican,4880
WV,Boone,54005,NoParty,2776
WV,Boone,54005,Libertarian,86
WV,Boone,54005,Mountain,27
WV,Boone,54005,Other,924
WV,Braxton,54007,Democratic,2679
WV,Braxton,54007,Republican,3156
WV,Braxton,54007,NoParty,1719
WV,Braxton,54007,Libertarian,47
WV,Braxton,54007,Mountain,17
WV,Braxton,54007,Other,192
WV,Brooke,54009,Democratic,4897
WV,Brooke,54009,Republican,6179
WV,Brooke,54009,NoParty,3422
WV,Brooke,54009,Libertarian,141
WV,Brooke,54009,Mountain,23
WV,Brooke,54009,Other,484
WV,Cabell,54011,Democratic,17737
WV,Cabell,54011,Republican,22486
WV,Cabell,54011,NoParty,13610
WV,Cabell,54011,Libertarian,595
WV,Cabell,54011,Mountain,149
WV,Cabell,54011,Other,1135
WV,Calhoun,54013,Democratic,1261
WV,Calhoun,54013,Republican,1846
WV,Calhoun,54013,NoParty,1012
WV,Calhoun,54013,Libertarian,32
WV,Calhoun,54013,Mountain,6
WV,Calhoun,54013,Other,393
WV,Clay,54015,Democratic,1592
WV,Clay,54015,Republican,2094
WV,Clay,54015,NoParty,893
WV,Clay,54015,Libertarian,31
WV,Clay,54015,Mountain,16
WV,Clay,54015,Other,483
WV,Doddridge,54017,Democratic,436
WV,Doddridge,54017,Republican,2801
WV,Doddridge,54017,NoParty,844
WV,Doddridge,54017,Libertarian,29
WV,Doddridge,54017,Mountain,13
WV,Doddridge,54017,Other,99
WV,Fayette,54019,Democratic,8344
WV,Fayette,54019,Republican,10138
WV,Fayette,54019,NoParty,6665
WV,Fayette,54019,Libertarian,171
WV,Fayette,54019,Mountain,89
WV,Fayette,54019,Other,422
WV,Gilmer,54021,Democratic,1267
WV,Gilmer,54021,Republican,1459
WV,Gilmer,54021,NoParty,789
WV,Gilmer,54021,Libertarian,24
WV,Gilmer,54021,Mountain,10
WV,Gilmer,54021,Other,274
WV,Grant,54023,Democratic,562
WV,Grant,54023,Republican,5336
WV,Grant,54023,NoParty,1478
WV,Grant,54023,Libertarian,34
WV,Grant,54023,Mountain,8
WV,Grant,54023,Other,64
WV,Greenbrier,54025,Democratic,6265
WV,Greenbrier,54025,Republican,10783
WV,Greenbrier,54025,NoParty,5707
WV,Greenbrier,54025,Libertarian,199
WV,Greenbrier,54025,Mountain,55
WV,Greenbrier,54025,Other,751
WV,Hampshire,54027,Democratic,2516
WV,Hampshire,54027,Republican,8386
WV,Hampshire,54027,NoParty,3852
WV,Hampshire,54027,Libertarian,144
WV,Hampshire,54027,Mountain,49
WV,Hampshire,54027,Other,285
WV,Hancock,54029,Democratic,5457
WV,Hancock,54029,Republican,8553
WV,Hancock,54029,NoParty,4135
WV,Hancock,54029,Libertarian,156
WV,Hancock,54029,Mountain,26
WV,Hancock,54029,Other,398
WV,Hardy,54031,Democratic,2333
WV,Hardy,54031,Republican,4199
WV,Hardy,54031,NoParty,2451
WV,Hardy,54031,Libertarian,58
WV,Hardy,54031,Mountain,22
WV,Hardy,54031,Other,107
WV,Harrison,54033,Democratic,12145
WV,Harrison,54033,Republican,18438
WV,Harrison,54033,NoParty,11918
WV,Harrison,54033,Libertarian,366
WV,Harrison,54033,Mountain,103
WV,Harrison,54033,Other,406
WV,Jackson,54035,Democratic,3788
WV,Jackson,54035,Republican,9803
WV,Jackson,54035,NoParty,4483
WV,Jackson,54035,Libertarian,149
WV,Jackson,54035,Mountain,39
WV,Jackson,54035,Other,218
WV,Jefferson,54037,Democratic,12203
WV,Jefferson,54037,Republican,17986
WV,Jefferson,54037,NoParty,16472
WV,Jefferson,54037,Libertarian,642
WV,Jefferson,54037,Mountain,149
WV,Jefferson,54037,Other,836
WV,Kanawha,54039,Democratic,40236
WV,Kanawha,54039,Republican,44732
WV,Kanawha,54039,NoParty,31554
WV,Kanawha,54039,Libertarian,1097
WV,Kanawha,54039,Mountain,350
WV,Kanawha,54039,Other,2132
WV,Lewis,54041,Democratic,2273
WV,Lewis,54041,Republican,5188
WV,Lewis,54041,NoParty,2562
WV,Lewis,54041,Libertarian,75
WV,Lewis,54041,Mountain,15
WV,Lewis,54041,Other,194
WV,Lincoln,54043,Democratic,3162
WV,Lincoln,54043,Republican,5023
WV,Lincoln,54043,NoParty,3028
WV,Lincoln,54043,Libertarian,83
WV,Lincoln,54043,Mountain,20
WV,Lincoln,54043,Other,458
WV,Logan,54045,Democratic,7841
WV,Logan,54045,Republican,7637
WV,Logan,54045,NoParty,3768
WV,Logan,54045,Libertarian,88
WV,Logan,54045,Mountain,21
WV,Logan,54045,Other,2279
WV,Marion,54049,Democratic,12373
WV,Marion,54049,Republican,13435
WV,Marion,54049,NoParty,9004
WV,Marion,54049,Libertarian,380
WV,Marion,54049,Mountain,69
WV,Marion,54049,Other,2151
WV,Marshall,54051,Democratic,5454
WV,Marshall,54051,Republican,8960
WV,Marshall,54051,NoParty,4761
WV,Marshall,54051,Libertarian,144
WV,Marshall,54051,Mountain,40
WV,Marshall,54051,Other,524
WV,Mason,54053,Democratic,4046
WV,Mason,54053,Republican,7977
WV,Mason,54053,NoParty,2660
WV,Mason,54053,Libertarian,129
WV,Mason,54053,Mountain,28
WV,Mason,54053,Other,707
WV,McDowell,54047,Democratic,4924
WV,McDowell,54047,Republican,3247
WV,McDowell,54047,NoParty,2400
WV,McDowell,54047,Libertarian,46
WV,McDowell,54047,Mountain,15
WV,McDowell,54047,Other,1159
WV,Mercer,54055,Democratic,9298
WV,Mercer,54055,Republican,17430
WV,Mercer,54055,NoParty,10486
WV,Mercer,54055,Libertarian,294
WV,Mercer,54055,Mountain,85
WV,Mercer,54055,Other,1095
WV,Mineral,54057,Democratic,3458
WV,Mineral,54057,Republican,11132
WV,Mineral,54057,NoParty,4512
WV,Mineral,54057,Libertarian,178
WV,Mineral,54057,Mountain,32
WV,Mineral,54057,Other,164
WV,Mingo,54059,Democratic,6362
WV,Mingo,54059,Republican,6168
WV,Mingo,54059,NoParty,2504
WV,Mingo,54059,Libertarian,60
WV,Mingo,54059,Mountain,30
WV,Mingo,54059,Other,2019
WV,Monongalia,54061,Democratic,22659
WV,Monongalia,54061,Republican,22600
WV,Monongalia,54061,NoParty,19087
WV,Monongalia,54061,Libertarian,770
WV,Monongalia,54061,Mountain,183
WV,Monongalia,54061,Other,749
WV,Monroe,54063,Democratic,2081
WV,Monroe,54063,Republican,5156
WV,Monroe,54063,NoParty,2365
WV,Monroe,54063,Libertarian,58
WV,Monroe,54063,Mountain,20
WV,Monroe,54063,Other,102
WV,Morgan,54065,Democratic,1923
WV,Morgan,54065,Republican,7601
WV,Morgan,54065,NoParty,4176
WV,Morgan,54065,Libertarian,139
WV,Morgan,54065,Mountain,54
WV,Morgan,54065,Other,200
WV,Nicholas,54067,Democratic,3681
WV,Nicholas,54067,Republican,7265
WV,Nicholas,54067,NoParty,3592
WV,Nicholas,54067,Libertarian,78
WV,Nicholas,54067,Mountain,39
WV,Nicholas,54067,Other,772
WV,Ohio,54069,Democratic,8413
WV,Ohio,54069,Republican,10941
WV,Ohio,54069,NoParty,6276
WV,Ohio,54069,Libertarian,241
WV,Ohio,54069,Mountain,51
WV,Ohio,54069,Other,1276
WV,Pendleton,54071,Democratic,1294
WV,Pendleton,54071,Republican,2233
WV,Pendleton,54071,NoParty,1084
WV,Pendleton,54071,Libertarian,18
WV,Pendleton,54071,Mountain,7
WV,Pendleton,54071,Other,235
WV,Pleasants,54073,Democratic,1055
WV,Pleasants,54073,Republican,2294
WV,Pleasants,54073,NoParty,1069
WV,Pleasants,54073,Libertarian,31
WV,Pleasants,54073,Mountain,11
WV,Pleasants,54073,Other,313
WV,Pocahontas,54075,Democratic,1288
WV,Pocahontas,54075,Republican,2582
WV,Pocahontas,54075,NoParty,1560
WV,Pocahontas,54075,Libertarian,46
WV,Pocahontas,54075,Mountain,19
WV,Pocahontas,54075,Other,32
WV,Preston,54077,Democratic,3748
WV,Preston,54077,Republican,11162
WV,Preston,54077,NoParty,4095
WV,Preston,54077,Libertarian,181
WV,Preston,54077,Mountain,61
WV,Preston,54077,Other,579
WV,Putnam,54079,Democratic,8586
WV,Putnam,54079,Republican,20422
WV,Putnam,54079,NoParty,8332
WV,Putnam,54079,Libertarian,384
WV,Putnam,54079,Mountain,60
WV,Putnam,54079,Other,1026
WV,Raleigh,54081,Democratic,12328
WV,Raleigh,54081,Republican,23163
WV,Raleigh,54081,NoParty,13049
WV,Raleigh,54081,Libertarian,375
WV,Raleigh,54081,Mountain,107
WV,Raleigh,54081,Other,858
WV,Randolph,54083,Democratic,5298
WV,Randolph,54083,Republican,7208
WV,Randolph,54083,NoParty,3691
WV,Randolph,54083,Libertarian,118
WV,Randolph,54083,Mountain,30
WV,Randolph,54083,Other,1006
WV,Ritchie,54085,Democratic,698
WV,Ritchie,54085,Republican,3649
WV,Ritchie,54085,NoParty,1250
WV,Ritchie,54085,Libertarian,31
WV,Ritchie,54085,Mountain,9
WV,Ritchie,54085,Other,165
WV,Roane,54087,Democratic,1840
WV,Roane,54087,Republican,4204
WV,Roane,54087,NoParty,2243
WV,Roane,54087,Libertarian,53
WV,Roane,54087,Mountain,19
WV,Roane,54087,Other,134
WV,Summers,54089,Democratic,2423
WV,Summers,54089,Republican,3301
WV,Summers,54089,NoParty,2116
WV,Summers,54089,Libertarian,50
WV,Summers,54089,Mountain,24
WV,Summers,54089,Other,177
WV,Taylor,54091,Democratic,2366
WV,Taylor,54091,Republican,5194
WV,Taylor,54091,NoParty,2293
WV,Taylor,54091,Libertarian,82
WV,Taylor,54091,Mountain,20
WV,Taylor,54091,Other,582
WV,Tucker,54093,Democratic,1365
WV,Tucker,54093,Republican,2035
WV,Tucker,54093,NoParty,1090
WV,Tucker,54093,Libertarian,40
WV,Tucker,54093,Mountain,12
WV,Tucker,54093,Other,591
WV,Tyler,54095,Democratic,963
WV,Tyler,54095,Republican,3239
WV,Tyler,54095,NoParty,1236
WV,Tyler,54095,Libertarian,49
WV,Tyler,54095,Mountain,9
WV,Tyler,54095,Other,107
WV,Upshur,54097,Democratic,2356
WV,Upshur,54097,Republican,8159
WV,Upshur,54097,NoParty,3540
WV,Upshur,54097,Libertarian,108
WV,Upshur,54097,Mountain,31
WV,Upshur,54097,Other,166
WV,Wayne,54099,Democratic,8763
WV,Wayne,54099,Republican,11280
WV,Wayne,54099,NoParty,4748
WV,Wayne,54099,Libertarian,197
WV,Wayne,54099,Mountain,50
WV,Wayne,54099,Other,1070
WV,Webster,54101,Democratic,1609
WV,Webster,54101,Republican,1922
WV,Webster,54101,NoParty,600
WV,Webster,54101,Libertarian,24
WV,Webster,54101,Mountain,14
WV,Webster,54101,Other,943
WV,Wetzel,54103,Democratic,3174
WV,Wetzel,54103,Republican,4095
WV,Wetzel,54103,NoParty,1957
WV,Wetzel,54103,Libertarian,71
WV,Wetzel,54103,Mountain,20
WV,Wetzel,54103,Other,597
WV,Wirt,54105,Democratic,755
WV,Wirt,54105,Republican,1854
WV,Wirt,54105,NoParty,725
WV,Wirt,54105,Libertarian,27
WV,Wirt,54105,Mountain,10
WV,Wirt,54105,Other,69
WV,Wood,54107,Democratic,12161
WV,Wood,54107,Republican,26453
WV,Wood,54107,NoParty,15483
WV,Wood,54107,Libertarian,578
WV,Wood,54107,Mountain,110
WV,Wood,54107,Other,718
WV,Wyoming,54109,Democratic,3657
WV,Wyoming,54109,Republican,5406
WV,Wyoming,54109,NoParty,2061
WV,Wyoming,54109,Libertarian,64
WV,Wyoming,54109,Mountain,14
WV,Wyoming,54109,Other,1347
WY,Albany,56001,Republican,11154
WY,Albany,56001,Democratic,4132
WY,Albany,56001,Unaffiliated,2638
WY,Albany,56001,Libertarian,169
WY,Albany,56001,Constitution,30
WY,Albany,56001,Other,45
WY,Big Horn,56003,Republican,5068
WY,Big Horn,56003,Democratic,301
WY,Big Horn,56003,Unaffiliated,385
WY,Big Horn,56003,Libertarian,44
WY,Big Horn,56003,Constitution,19
WY,Big Horn,56003,Other,12
WY,Campbell,56005,Republican,16345
WY,Campbell,56005,Democratic,657
WY,Campbell,56005,Unaffiliated,1063
WY,Campbell,56005,Libertarian,144
WY,Campbell,56005,Constitution,40
WY,Campbell,56005,Other,180
WY,Carbon,56007,Republican,4981
WY,Carbon,56007,Democratic,666
WY,Carbon,56007,Unaffiliated,578
WY,Carbon,56007,Libertarian,59
WY,Carbon,56007,Constitution,26
WY,Carbon,56007,Other,107
WY,Converse,56009,Republican,5990
WY,Converse,56009,Democratic,281
WY,Converse,56009,Unaffiliated,353
WY,Converse,56009,Libertarian,30
WY,Converse,56009,Constitution,18
WY,Converse,56009,Other,78
WY,Crook,56011,Republican,3993
WY,Crook,56011,Democratic,145
WY,Crook,56011,Unaffiliated,237
WY,Crook,56011,Libertarian,24
WY,Crook,56011,Constitution,10
WY,Crook,56011,Other,17
WY,Fremont,56013,Republican,13510
WY,Fremont,56013,Democratic,2256
WY,Fremont,56013,Unaffiliated,1486
WY,Fremont,56013,Libertarian,99
WY,Fremont,56013,Constitution,31
WY,Fremont,56013,Other,69
WY,Goshen,56015,Republican,5163
WY,Goshen,56015,Democratic,504
WY,Goshen,56015,Unaffiliated,437
WY,Goshen,56015,Libertarian,31
WY,Goshen,56015,Constitution,11
WY,Goshen,56015,Other,15
WY,Hot Springs,56017,Republican,2218
WY,Hot Springs,56017,Democratic,196
WY,Hot Springs,56017,Unaffiliated,184
WY,Hot Springs,56017,Libertarian,11
WY,Hot Springs,56017,Constitution,7
WY,Hot Springs,56017,Other,5
WY,Johnson,56019,Republican,4484
WY,Johnson,56019,Democratic,229
WY,Johnson,56019,Unaffiliated,265
WY,Johnson,56019,Libertarian,18
WY,Johnson,56019,Constitution,12
WY,Johnson,56019,Other,28
WY,Laramie,56021,Republican,31225
WY,Laramie,56021,Democratic,6446
WY,Laramie,56021,Unaffiliated,5296
WY,Laramie,56021,Libertarian,218
WY,Laramie,56021,Constitution,71
WY,Laramie,56021,Other,108
WY,Lincoln,56023,Republican,9136
WY,Lincoln,56023,Democratic,557
WY,Lincoln,56023,Unaffiliated,921
WY,Lincoln,56023,Libertarian,98
WY,Lincoln,56023,Constitution,41
WY,Lincoln,56023,Other,207
WY,Natrona,56025,Republican,27035
WY,Natrona,56025,Democratic,3243
WY,Natrona,56025,Unaffiliated,3111
WY,Natrona,56025,Libertarian,243
WY,Natrona,56025,Constitution,50
WY,Natrona,56025,Other,408
WY,Niobrara,56027,Republican,1166
WY,Niobrara,56027,Democratic,35
WY,Niobrara,56027,Unaffiliated,42
WY,Niobrara,56027,Libertarian,8
WY,Niobrara,56027,Constitution,2
WY,Niobrara,56027,Other,3
WY,Park,56029,Republican,14565
WY,Park,56029,Democratic,958
WY,Park,56029,Unaffiliated,1229
WY,Park,56029,Libertarian,97
WY,Park,56029,Constitution,30
WY,Park,56029,Other,160
WY,Platte,56031,Republican,4026
WY,Platte,56031,Democratic,370
WY,Platte,56031,Unaffiliated,310
WY,Platte,56031,Libertarian,31
WY,Platte,56031,Constitution,19
WY,Platte,56031,Other,47
WY,Sheridan,56033,Republican,13723
WY,Sheridan,56033,Democratic,1468
WY,Sheridan,56033,Unaffiliated,1263
WY,Sheridan,56033,Libertarian,99
WY,Sheridan,56033,Constitution,27
WY,Sheridan,56033,Other,111
WY,Sublette,56035,Republican,4439
WY,Sublette,56035,Democratic,222
WY,Sublette,56035,Unaffiliated,297
WY,Sublette,56035,Libertarian,30
WY,Sublette,56035,Constitution,10
WY,Sublette,56035,Other,56
WY,Sweetwater,56037,Republican,12448
WY,Sweetwater,56037,Democratic,2293
WY,Sweetwater,56037,Unaffiliated,1287
WY,Sweetwater,56037,Libertarian,133
WY,Sweetwater,56037,Constitution,42
WY,Sweetwater,56037,Other,399
WY,Teton,56039,Republican,7215
WY,Teton,56039,Democratic,4116
WY,Teton,56039,Unaffiliated,2348
WY,Teton,56039,Libertarian,64
WY,Teton,56039,Constitution,9
WY,Teton,56039,Other,8
WY,Uinta,56041,Republican,7703
WY,Uinta,56041,Democratic,774
WY,Uinta,56041,Unaffiliated,782
WY,Uinta,56041,Libertarian,51
WY,Uinta,56041,Constitution,28
WY,Uinta,56041,Other,146
WY,Washakie,56043,Republican,3329
WY,Washakie,56043,Democratic,240
WY,Washakie,56043,Unaffiliated,246
WY,Washakie,56043,Libertarian,18
WY,Washakie,56043,Constitution,5
WY,Washakie,56043,Other,64
WY,Weston,56045,Republican,3183
WY,Weston,56045,Democratic,110
WY,Weston,56045,Unaffiliated,173
WY,Weston,56045,Libertarian,22
WY,Weston,56045,Constitution,8
WY,Weston,56045,Other,31
